Employee_ID,Full_Name,Gender,Date_of_Birth,Nationality,Region,Country,Office_Location,Department,Job_Title,Grade_Level,Work_Mode,Hire_Date,Exit_Date,Employment_Status,Employment_Type,Probation_Passed,Termination_Category,Termination_Reason,Currency,FX_Rate_to_USD,Monthly_Salary_Local,Monthly_CTC_Local,Monthly_Salary_USD,Monthly_CTC_USD,Performance_Rating,Last_Salary_Increase_Pct,Bonus_Received,Training_Hours_Year,Courses_Completed,Last_Training_Date,LD_Budget_Used_Pct,Recruitment_Source,Time_to_Hire_Days,Offer_Accepted,Interviewer_Rating,Age,Tenure_Years,Annual_Salary_USD,Annual_CTC_USD,Attrition_Flag
EMP0001,Tan Chen,Female,1980-12-26,Malaysian,Asia Pacific,Singapore,Singapore,Finance,Finance Manager,G4,Onsite,2017-05-11,,Active,Full-Time,Yes,Not Applicable,Not Applicable,SGD,1.35,12937,14878,9583,11021,1,3.0,Yes,45.4,4.0,2024-07-08,63.0,Linkedin,35.0,Yes,3.0,44,7.6,114996,132252,0
EMP0002,Arun Ng,Male,1999-08-31,Malaysian,Asia Pacific,Singapore,Singapore,Sales,Account Executive,G2,Remote,2020-02-18,,Active,Full-Time,Yes,Not Applicable,Not Applicable,SGD,1.35,7900,9085,5852,6730,3,5.3,No,57.3,11.0,2022-05-27,65.0,Referral,46.0,Yes,5.0,25,4.9,70224,80760,0
EMP0003,Lee Williams,Male,1981-01-23,Korean,Asia Pacific,Singapore,Singapore,Marketing,Marketing Specialist,G3,Remote,2021-06-24,2023-07-10,Terminated,Full-Time,Yes,Involuntary,Misconduct,SGD,1.35,9236,10621,6841,7867,4,8.9,Yes,28.1,8.0,2021-01-24,9.0,Internal Transfer,58.0,Yes,4.0,43,2.0,82092,94404,1
EMP0004,Amanda Kumar,Female,1970-11-16,Australian,Asia Pacific,Singapore,Singapore,Legal,Legal Manager,G5,Hybrid,2017-09-13,2019-02-25,Terminated,Expat,Yes,Involuntary,Misconduct,SGD,1.35,15333,17633,11358,13061,4,4.0,No,12.7,3.0,2023-03-29,52.0,Job Board,72.0,Yes,3.0,54,1.5,136296,156732,1
EMP0005,Arun Brown,Female,1988-04-05,Malaysian,Asia Pacific,Singapore,Singapore,HR,HR Assistant,G1,Hybrid,2023-08-11,,Active,Full-Time,Yes,Not Applicable,Not Applicable,SGD,1.35,5352,6155,3964,4559,5,1.5,No,29.8,2.0,2023-05-25,27.0,Internal Transfer,69.0,Yes,5.0,36,1.4,47568,54708,0
EMP0006,Sophie Le,Not Declared,1999-09-10,Korean,Asia Pacific,Singapore,Singapore,IT,Software Engineer,G2,Hybrid,2019-08-28,,Active,Full-Time,Yes,Not Applicable,Not Applicable,SGD,1.35,7700,8855,5704,6559,2,8.8,Yes,68.8,3.0,2022-04-27,96.0,Linkedin,23.0,Yes,3.0,25,5.3,68448,78708,0
EMP0007,Ravi Wang,Not Declared,1995-04-04,Australian,Asia Pacific,Singapore,Singapore,HR,HR Specialist,G3,Hybrid,2020-11-30,,Resigned,Contractor,Yes,Voluntary,Relocation,SGD,1.35,11155,12828,8263,9502,4,0.1,No,39.8,2.0,2021-08-08,12.0,Agency,58.0,Yes,3.0,29,4.1,99156,114024,1
EMP0008,Sarah Smith,Female,1986-05-11,American,Asia Pacific,Singapore,Singapore,Sales,Regional Sales Manager,G6,Remote,2017-05-10,,Active,Full-Time,Yes,Not Applicable,Not Applicable,SGD,1.35,16936,19476,12545,14427,4,13.1,No,61.0,4.0,2022-11-29,98.0,Referral,18.0,Yes,4.0,38,7.6,150540,173124,0
EMP0009,Min Singh,Female,1984-09-22,Thai,Asia Pacific,Singapore,Singapore,Sales,Sales Executive,G1,Hybrid,2024-09-17,,Terminated,Full-Time,Yes,Involuntary,Redundancy,SGD,1.35,6023,6926,4461,5130,3,1.6,Yes,18.8,8.0,,15.0,Linkedin,15.0,Yes,4.0,40,0.3,53532,61560,1
EMP0010,Michelle Tan,Female,2000-05-20,Korean,Asia Pacific,Singapore,Singapore,Finance,Senior Finance Analyst,G3,Hybrid,2017-01-02,,Active,Full-Time,Yes,Not Applicable,Not Applicable,SGD,1.35,10688,12291,7917,9104,4,4.8,No,55.3,9.0,2024-08-27,81.0,Referral,51.0,Yes,3.0,24,8.0,95004,109248,0
EMP0011,Ravi Li,Male,1977-11-21,Japanese,Asia Pacific,Singapore,Singapore,Delivery,Project Manager,G3,Onsite,2018-05-13,,Resigned,Full-Time,Yes,Voluntary,Health Reasons,SGD,1.35,10534,12114,7803,8973,4,12.5,Yes,44.6,4.0,2022-07-22,42.0,Referral,24.0,No,3.0,47,6.6,93636,107676,1
EMP0012,Michael Kumar,Female,1987-06-30,British,Asia Pacific,Singapore,Singapore,Sales,Senior Account Executive,G3,Hybrid,2020-01-23,,Active,Full-Time,Yes,Not Applicable,Not Applicable,SGD,1.35,9645,11092,7144,8216,4,6.1,Yes,39.5,3.0,2024-12-29,12.0,Job Board,18.0,Yes,5.0,37,4.9,85728,98592,0
EMP0013,Ravi Singh,Male,1970-11-30,Hong Konger,Asia Pacific,Singapore,Singapore,Finance,Finance Analyst,G2,Onsite,2021-06-11,,Active,Full-Time,Yes,Not Applicable,Not Applicable,SGD,1.35,6821,7844,5053,5810,4,14.5,No,63.1,3.0,2023-09-30,20.0,Linkedin,88.0,Yes,3.0,54,3.6,60636,69720,0
EMP0014,Jose Kumar,Female,1974-09-26,Filipino,Asia Pacific,Singapore,Singapore,Legal,Legal Counsel,G3,Onsite,2021-11-19,,Active,Full-Time,Yes,Not Applicable,Not Applicable,SGD,1.35,10374,11930,7684,8837,4,13.8,No,39.3,12.0,2023-07-04,39.0,Referral,26.0,No,4.0,50,3.1,92208,106044,0
EMP0015,Jessica Choi,Female,1998-12-22,Korean,Asia Pacific,Singapore,Singapore,IT,Senior Software Engineer,G3,Hybrid,2019-06-27,,Active,Full-Time,Yes,Not Applicable,Not Applicable,SGD,1.35,10405,11966,7707,8864,3,8.3,Yes,79.7,9.0,2023-11-09,42.0,Job Board,47.0,Yes,3.0,26,5.5,92484,106368,0
EMP0016,Arjun Choi,Male,1998-08-12,British,Asia Pacific,Singapore,Singapore,Sales,Senior Account Executive,G3,Onsite,2022-04-07,,Active,Full-Time,Yes,Not Applicable,Not Applicable,SGD,1.35,11105,12771,8226,9460,3,12.9,Yes,9.0,8.0,2022-06-01,62.0,Linkedin,87.0,No,3.0,26,2.7,98712,113520,0
EMP0017,Somchai Guo,Male,1977-10-18,Chinese,Asia Pacific,Singapore,Singapore,HR,HR Executive,G2,Hybrid,2024-04-08,,Active,Full-Time,Yes,Not Applicable,Not Applicable,SGD,1.35,7605,8746,5633,6479,4,6.8,No,74.2,11.0,2023-02-10,48.0,Internal Transfer,34.0,No,2.0,47,0.7,67596,77748,0
EMP0018,Li Zhang,Not Declared,1996-05-03,Singaporean,Asia Pacific,Singapore,Singapore,Sales,Sales Manager,G4,Onsite,2018-12-19,,Active,Full-Time,Yes,Not Applicable,Not Applicable,SGD,1.35,13890,15973,10289,11832,3,8.8,Yes,41.4,2.0,2024-08-20,41.0,Agency,28.0,Yes,4.0,28,6.0,123468,141984,0
EMP0019,Ravi Jones,Male,1979-02-18,Thai,Asia Pacific,Singapore,Singapore,Marketing,Marketing Assistant,G1,Hybrid,2024-06-08,2024-12-31,Terminated,Full-Time,Yes,Involuntary,Performance,SGD,1.35,4006,4607,2967,3413,5,13.7,Yes,,7.0,2022-08-21,22.0,Job Board,46.0,No,3.0,45,0.6,35604,40956,1
EMP0020,Chen Charoenwong,Not Declared,1986-12-03,Vietnamese,Asia Pacific,Singapore,Singapore,Legal,Legal Manager,G5,Onsite,2017-08-14,,Active,Expat,Yes,Not Applicable,Not Applicable,SGD,1.35,14968,17213,11087,12750,3,13.7,No,79.1,11.0,2022-11-08,55.0,Linkedin,90.0,Yes,5.0,38,7.4,133044,153000,0
EMP0021,Maria Yang,Female,1994-04-09,Singaporean,Asia Pacific,Singapore,Singapore,Marketing,Marketing Assistant,G1,Remote,2020-01-06,,Active,Full-Time,Yes,Not Applicable,Not Applicable,SGD,1.35,5260,6049,3896,4481,5,6.7,No,72.7,1.0,2023-10-27,82.0,Agency,70.0,No,4.0,30,5.0,46752,53772,0
EMP0022,Chen Tanaka,Female,2000-12-19,Thai,Asia Pacific,Singapore,Singapore,IT,Tech Lead,G4,Remote,2022-06-03,,Active,Full-Time,Yes,Not Applicable,Not Applicable,SGD,1.35,12598,14488,9332,10732,3,10.5,Yes,67.1,7.0,2023-07-17,11.0,Linkedin,78.0,Yes,4.0,24,2.6,111984,128784,0
EMP0023,Ahmad Le,Female,1977-11-17,Malaysian,Asia Pacific,Singapore,Singapore,Finance,Finance Manager,G4,Onsite,2020-01-22,,Active,Contractor,Yes,Not Applicable,Not Applicable,SGD,1.35,13678,15730,10132,11652,3,12.1,No,29.7,2.0,2024-08-17,97.0,Referral,43.0,Yes,5.0,47,4.9,121584,139824,0
EMP0024,Maria Liu,Male,1998-07-03,British,Asia Pacific,Singapore,Singapore,IT,Engineering Manager,G5,Onsite,2016-04-22,2020-03-18,Terminated,Full-Time,No,Involuntary,Misconduct,SGD,1.35,14545,16727,10774,12390,3,10.1,No,25.1,2.0,2021-07-22,49.0,Agency,,Yes,5.0,26,3.9,129288,148680,1
EMP0025,Arjun Charoenwong,Male,1995-04-30,Malaysian,Asia Pacific,Singapore,Singapore,HR,HR Business Partner,G4,Onsite,2019-08-13,,Active,Full-Time,Yes,Not Applicable,Not Applicable,SGD,1.35,13854,15932,10262,11801,1,12.9,No,13.9,5.0,2022-12-24,20.0,Linkedin,60.0,No,3.0,29,5.4,123144,141612,0
EMP0026,Yuki Smith,Female,2001-12-15,American,Asia Pacific,Singapore,Singapore,IT,IT Support,G1,Hybrid,2020-08-30,,Active,Full-Time,Yes,Not Applicable,Not Applicable,SGD,1.35,5259,6048,3896,4480,4,4.9,No,44.3,8.0,2024-11-01,64.0,Linkedin,29.0,Yes,4.0,23,4.3,46752,53760,0
EMP0027,Koh Wijaya,Not Declared,1972-09-09,Hong Konger,Asia Pacific,Singapore,Singapore,Marketing,Marketing Specialist,G3,Hybrid,2021-09-29,,Active,Contractor,Yes,Not Applicable,Not Applicable,SGD,1.35,11112,12779,8231,9466,4,5.3,Yes,20.2,11.0,2024-09-14,30.0,Linkedin,86.0,Yes,4.0,52,3.3,98772,113592,0
EMP0028,Emma Lim,Female,1973-02-14,Indian,Asia Pacific,Singapore,Singapore,Delivery,Project Manager,G3,Hybrid,2022-12-13,,Active,Full-Time,No,Not Applicable,Not Applicable,SGD,1.35,9656,11104,7153,8225,3,10.8,No,47.1,2.0,2022-04-18,24.0,Internal Transfer,,Yes,4.0,51,2.1,85836,98700,0
EMP0029,Tran Kumar,Female,1977-11-18,Indian,Asia Pacific,Singapore,Singapore,IT,Senior Software Engineer,G3,Onsite,2020-12-21,2021-12-09,Resigned,Full-Time,No,Voluntary,Further Studies,SGD,1.35,10201,11731,7556,8690,4,10.6,Yes,,,2023-08-01,74.0,Linkedin,28.0,Yes,4.0,47,1.0,90672,104280,1
EMP0030,Ravi Huang,Female,1990-10-24,Japanese,Asia Pacific,Singapore,Singapore,Marketing,Senior Marketing Specialist,G4,Onsite,2020-08-16,,Active,Contractor,Yes,Not Applicable,Not Applicable,SGD,1.35,12115,13932,8974,10320,2,6.6,No,24.9,1.0,2023-12-22,56.0,Agency,19.0,Yes,2.0,34,4.4,107688,123840,0
EMP0031,Jose Zhang,Male,1971-10-04,Malaysian,Asia Pacific,Singapore,Singapore,Delivery,Project Manager,G3,Onsite,2018-10-13,2023-08-14,Resigned,Full-Time,Yes,Voluntary,Further Studies,SGD,1.35,10367,11922,7679,8831,2,1.4,No,43.4,2.0,2021-10-17,25.0,Job Board,25.0,Yes,4.0,53,4.8,92148,105972,1
EMP0032,Min Tan,Female,1974-07-16,Chinese,Asia Pacific,Singapore,Singapore,Sales,Senior Account Executive,G3,Onsite,2018-06-21,,Active,Full-Time,No,Not Applicable,Not Applicable,SGD,1.35,9285,10678,6878,7910,4,9.4,No,58.8,1.0,2024-04-21,43.0,Referral,93.0,No,4.0,50,6.5,82536,94920,0
EMP0033,Fang Choi,Not Declared,1975-08-05,Thai,Asia Pacific,Singapore,Singapore,HR,HR Business Partner,G4,Hybrid,2022-10-04,,Active,Full-Time,Yes,Not Applicable,Not Applicable,SGD,1.35,13961,16055,10341,11893,3,6.8,Yes,6.0,1.0,2024-03-22,55.0,Referral,25.0,Yes,,49,2.2,124092,142716,0
EMP0034,Amanda Smith,Female,1980-08-29,Thai,Asia Pacific,Singapore,Singapore,HR,HR Assistant,G1,Onsite,2024-02-16,2024-12-31,Resigned,Full-Time,Yes,Voluntary,Health Reasons,SGD,1.35,4466,5136,3308,3804,1,5.3,Yes,,8.0,2021-05-19,44.0,Internal Transfer,64.0,Yes,,44,0.9,39696,45648,1
EMP0035,Michael Yang,Male,1972-10-30,Korean,Asia Pacific,Singapore,Singapore,Sales,Senior Sales Manager,G5,Hybrid,2015-06-29,,Resigned,Expat,Yes,Voluntary,Relocation,SGD,1.35,15978,18375,11836,13611,3,5.4,No,19.9,,2023-03-31,72.0,Job Board,38.0,Yes,5.0,52,9.5,142032,163332,1
EMP0036,Chen Johnson,Female,1997-07-31,Filipino,Asia Pacific,Singapore,Singapore,Legal,Legal Counsel,G3,Hybrid,2021-07-22,,Resigned,Full-Time,Yes,Voluntary,Personal Reason,SGD,1.35,9021,10374,6682,7684,4,5.5,Yes,36.3,5.0,2021-06-07,42.0,Job Board,50.0,Yes,4.0,27,3.4,80184,92208,1
EMP0037,Ong Suwannarat,Male,1994-09-03,Chinese,Asia Pacific,Singapore,Singapore,Legal,Legal Manager,G5,Onsite,2016-12-14,,Active,Expat,Yes,Not Applicable,Not Applicable,SGD,1.35,14512,16689,10750,12362,3,2.1,No,6.0,9.0,2024-01-26,52.0,Internal Transfer,26.0,Yes,4.0,30,8.0,129000,148344,0
EMP0038,Tran Kim,Male,1977-04-07,Indonesian,Asia Pacific,Singapore,Singapore,Delivery,Project Analyst,G2,Remote,2021-10-23,2024-12-31,Terminated,Full-Time,Yes,Involuntary,Performance,SGD,1.35,6356,7309,4708,5414,5,2.3,No,36.3,0.0,2021-02-28,,Internal Transfer,41.0,No,4.0,47,3.2,56496,64968,1
EMP0039,Ng Santoso,Male,1986-08-15,Chinese,Asia Pacific,Singapore,Singapore,Marketing,Marketing Assistant,G1,Hybrid,2021-12-31,,Active,Full-Time,Yes,Not Applicable,Not Applicable,SGD,1.35,3907,4493,2894,3328,5,13.0,Yes,77.2,3.0,2023-11-02,94.0,Agency,35.0,Yes,4.0,38,3.0,34728,39936,0
EMP0040,Somchai Wijaya,Female,1972-01-12,Filipino,Asia Pacific,Singapore,Singapore,HR,HR Specialist,G3,Hybrid,2020-03-28,,Active,Full-Time,Yes,Not Applicable,Not Applicable,SGD,1.35,10638,12234,7880,9062,3,14.8,No,13.0,2.0,2024-03-17,44.0,Agency,61.0,Yes,4.0,53,4.8,94560,108744,0
EMP0041,Dewi Brown,Female,1984-11-10,Taiwanese,Asia Pacific,Singapore,Singapore,HR,HR Manager,G6,Onsite,2015-04-20,,Active,Full-Time,Yes,Not Applicable,Not Applicable,SGD,1.35,17636,20281,13064,15023,5,8.7,Yes,7.9,8.0,2022-12-16,57.0,Internal Transfer,63.0,Yes,2.0,40,9.7,156768,180276,0
EMP0042,Wong Brown,Female,1977-10-08,Vietnamese,Asia Pacific,Singapore,Singapore,Marketing,Marketing Executive,G2,Onsite,2021-12-18,,Active,Full-Time,Yes,Not Applicable,Not Applicable,SGD,1.35,6537,7518,4842,5569,4,3.4,No,26.6,5.0,2023-03-01,72.0,Job Board,59.0,Yes,4.0,47,3.0,58104,66828,0
EMP0043,Raj Park,Not Declared,2001-03-25,Thai,Asia Pacific,Singapore,Singapore,Finance,Finance Assistant,G1,Hybrid,2024-12-15,,Active,Full-Time,Yes,Not Applicable,Not Applicable,SGD,1.35,4022,4625,2979,3426,3,7.1,No,14.4,9.0,2022-11-20,47.0,Job Board,40.0,Yes,3.0,23,0.0,35748,41112,0
EMP0044,Wei Pham,Male,1985-01-11,Thai,Asia Pacific,Singapore,Singapore,IT,Senior Engineering Manager,G6,Remote,2016-07-03,,Active,Expat,Yes,Not Applicable,Not Applicable,SGD,1.35,16562,19046,12268,14108,2,2.4,Yes,23.6,3.0,2022-01-29,76.0,Agency,39.0,Yes,5.0,40,8.5,147216,169296,0
EMP0045,Wei Nguyen,Male,1972-10-14,Taiwanese,Asia Pacific,Singapore,Singapore,HR,HR Specialist,G3,Hybrid,2022-08-21,,Resigned,Contractor,No,Voluntary,Personal Reason,SGD,1.35,9373,10779,6943,7984,2,2.3,No,25.0,7.0,2022-03-24,54.0,Internal Transfer,25.0,Yes,3.0,52,2.4,83316,95808,1
EMP0046,Arjun Choi,Female,1970-12-23,Filipino,Asia Pacific,Singapore,Singapore,Legal,Senior Legal Counsel,G4,Onsite,2017-07-05,,Active,Full-Time,Yes,Not Applicable,Not Applicable,SGD,1.35,13020,14973,9644,11091,2,13.4,No,39.9,5.0,2024-04-17,26.0,Referral,68.0,Yes,4.0,54,7.5,115728,133092,0
EMP0047,Sophie Lin,Female,1993-11-11,Filipino,Asia Pacific,Singapore,Singapore,Sales,Account Executive,G2,Hybrid,2022-02-03,2023-11-07,Resigned,Full-Time,Yes,Voluntary,Personal Reason,SGD,1.35,6121,7039,4534,5214,4,6.7,No,14.7,,2022-03-21,62.0,Referral,52.0,Yes,4.0,31,1.8,54408,62568,1
EMP0048,Lee Guo,Not Declared,1984-04-19,Korean,Asia Pacific,Singapore,Singapore,IT,Senior Software Engineer,G3,Hybrid,2022-04-24,,Active,Full-Time,Yes,Not Applicable,Not Applicable,SGD,1.35,10854,12482,8040,9246,2,6.9,Yes,35.4,7.0,2024-12-21,22.0,Referral,57.0,Yes,5.0,40,2.7,96480,110952,0
EMP0049,Koh Brown,Not Declared,2001-07-27,Malaysian,Asia Pacific,Singapore,Singapore,IT,Engineering Manager,G5,Onsite,2019-04-09,,Active,Full-Time,Yes,Not Applicable,Not Applicable,SGD,1.35,14946,17188,11071,12732,3,13.2,Yes,65.0,12.0,2024-08-19,79.0,Agency,62.0,Yes,,23,5.7,132852,152784,0
EMP0050,Jessica Huang,Female,1977-07-19,Korean,Asia Pacific,Singapore,Singapore,Sales,Account Executive,G2,Onsite,2024-06-23,2024-12-31,Resigned,Full-Time,Yes,Voluntary,Health Reasons,SGD,1.35,6922,7960,5127,5896,4,3.5,No,,5.0,,75.0,Job Board,17.0,Yes,1.0,47,0.5,61524,70752,1
EMP0051,Yuki Zhang,Female,1990-08-04,Hong Konger,Asia Pacific,Singapore,Singapore,Finance,Finance Director,G6,Hybrid,2015-11-27,,Resigned,Full-Time,Yes,Voluntary,Personal Reason,SGD,1.35,16245,18682,12033,13839,1,2.6,Yes,47.1,1.0,2021-03-29,72.0,Internal Transfer,20.0,No,3.0,34,9.1,144396,166068,1
EMP0052,Haruto Tan,Male,1992-06-18,Korean,Asia Pacific,Singapore,Singapore,Legal,Legal Assistant,G1,Hybrid,2019-11-08,,Active,Full-Time,Yes,Not Applicable,Not Applicable,SGD,1.35,6005,6906,4448,5116,3,11.6,Yes,24.8,8.0,2024-10-01,31.0,Internal Transfer,70.0,No,3.0,32,5.1,53376,61392,0
EMP0053,Michelle Choi,Male,1971-03-07,Australian,Asia Pacific,Singapore,Singapore,Legal,Legal Counsel,G3,Remote,2017-02-20,,Active,Full-Time,Yes,Not Applicable,Not Applicable,SGD,1.35,9062,10421,6713,7719,5,13.6,No,47.5,3.0,2024-02-19,25.0,Agency,78.0,Yes,3.0,53,7.9,80556,92628,0
EMP0054,Jose Smith,Not Declared,1976-02-09,Thai,Asia Pacific,Singapore,Singapore,Legal,Legal Counsel,G3,Hybrid,2018-12-29,,Terminated,Intern,Yes,Involuntary,Misconduct,SGD,1.35,10759,12373,7970,9165,3,1.7,Yes,32.7,8.0,,75.0,Referral,52.0,Yes,5.0,48,6.0,95640,109980,1
EMP0055,Seo Park,Female,2001-06-22,American,Asia Pacific,Singapore,Singapore,Sales,Senior Account Executive,G3,Hybrid,2019-10-14,,Active,Full-Time,Yes,Not Applicable,Not Applicable,SGD,1.35,10366,11921,7679,8830,1,14.8,No,34.4,6.0,2024-05-31,20.0,Linkedin,80.0,Yes,4.0,23,5.2,92148,105960,0
EMP0056,Ananya Kim,Female,1974-05-19,Vietnamese,Asia Pacific,Singapore,Singapore,Delivery,Senior Project Manager,G4,Hybrid,2017-07-03,,Active,Contractor,Yes,Not Applicable,Not Applicable,SGD,1.35,13735,15795,10174,11700,4,10.2,Yes,78.8,4.0,2024-11-22,26.0,Referral,69.0,No,4.0,50,7.5,122088,140400,0
EMP0057,Somchai Guo,Not Declared,1998-09-02,Indonesian,Asia Pacific,Singapore,Singapore,Marketing,Marketing Executive,G2,Onsite,2022-11-26,,Active,Full-Time,Yes,Not Applicable,Not Applicable,SGD,1.35,6365,7320,4715,5422,4,12.0,No,48.9,11.0,2022-10-02,38.0,Referral,38.0,Yes,3.0,26,2.1,56580,65064,0
EMP0058,Jessica Tan,Female,1995-03-11,Chinese,Asia Pacific,Singapore,Singapore,Delivery,Project Manager,G3,Hybrid,2021-12-24,,Active,Full-Time,Yes,Not Applicable,Not Applicable,SGD,1.35,8937,10278,6620,7613,4,4.4,No,44.9,3.0,2024-07-25,61.0,Job Board,29.0,Yes,4.0,29,3.0,79440,91356,0
EMP0059,Meera Koh,Not Declared,2000-11-29,Indonesian,Asia Pacific,Singapore,Singapore,Sales,Sales Manager,G4,Hybrid,2018-07-25,,Resigned,Contractor,No,Voluntary,Health Reasons,SGD,1.35,12156,13979,9004,10355,5,4.4,Yes,30.9,1.0,,33.0,Linkedin,31.0,Yes,3.0,24,6.4,108048,124260,1
EMP0060,Fang Williams,Female,1996-02-08,Singaporean,Asia Pacific,Singapore,Singapore,Sales,Sales Manager,G4,Onsite,2022-02-21,,Active,Full-Time,Yes,Not Applicable,Not Applicable,SGD,1.35,13737,15798,10176,11702,4,6.0,No,66.7,8.0,2023-07-04,39.0,Agency,88.0,Yes,4.0,28,2.9,122112,140424,0
EMP0061,Ahmad Huang,Male,1986-09-06,Taiwanese,Asia Pacific,Singapore,Singapore,Delivery,Project Analyst,G2,Onsite,2021-08-17,,Active,Full-Time,Yes,Not Applicable,Not Applicable,SGD,1.35,6186,7114,4582,5270,3,1.2,Yes,43.5,8.0,2022-01-20,11.0,Agency,69.0,Yes,3.0,38,3.4,54984,63240,0
EMP0062,Thomas Chan,Male,1976-04-12,Japanese,Asia Pacific,Singapore,Singapore,HR,HR Specialist,G3,Hybrid,2021-10-25,,Active,Full-Time,Yes,Not Applicable,Not Applicable,SGD,1.35,9508,10934,7043,8099,2,8.3,Yes,50.2,12.0,2022-02-24,86.0,Agency,92.0,No,3.0,48,3.2,84516,97188,0
EMP0063,Meera Wang,Male,1970-08-14,Thai,Asia Pacific,Singapore,Singapore,Finance,Finance Assistant,G1,Remote,2023-06-19,,Active,Intern,Yes,Not Applicable,Not Applicable,SGD,1.35,4952,5695,3668,4219,3,10.5,Yes,44.8,10.0,2022-11-09,35.0,Agency,41.0,No,3.0,54,1.5,44016,50628,0
EMP0064,David Jones,Not Declared,1993-03-15,Japanese,Asia Pacific,Singapore,Singapore,Sales,Sales Manager,G4,Hybrid,2020-01-06,,Active,Full-Time,Yes,Not Applicable,Not Applicable,SGD,1.35,13853,15931,10261,11801,3,6.4,Yes,24.0,10.0,2022-06-07,55.0,Internal Transfer,78.0,Yes,3.0,31,5.0,123132,141612,0
EMP0065,Lee Reyes,Male,1988-09-02,American,Asia Pacific,Singapore,Singapore,Delivery,Project Analyst,G2,Onsite,2020-05-04,,Resigned,Full-Time,Yes,Voluntary,Better Opportunity,SGD,1.35,7044,8101,5218,6001,3,12.7,Yes,0.5,4.0,2022-05-12,47.0,Job Board,40.0,Yes,4.0,36,4.7,62616,72012,1
EMP0066,Jessica Patel,Male,2001-12-03,Thai,Asia Pacific,Singapore,Singapore,HR,HR Assistant,G1,Remote,2024-10-29,2024-12-31,Resigned,Full-Time,No,Voluntary,Personal Reason,SGD,1.35,4705,5411,3485,4008,4,0.9,No,,5.0,2023-03-16,59.0,Agency,44.0,No,4.0,23,0.2,41820,48096,1
EMP0067,Sarah Zhang,Female,1987-10-11,Chinese,Asia Pacific,Singapore,Singapore,HR,HR Business Partner,G4,Remote,2018-12-14,,Active,Full-Time,No,Not Applicable,Not Applicable,SGD,1.35,12814,14736,9492,10916,4,3.7,No,65.1,3.0,2022-09-06,11.0,Referral,66.0,No,4.0,37,6.1,113904,130992,0
EMP0068,Emma Santoso,Male,1982-05-03,Thai,Asia Pacific,Singapore,Singapore,IT,Engineering Manager,G5,Onsite,2017-10-03,,Active,Full-Time,Yes,Not Applicable,Not Applicable,SGD,1.35,16278,18720,12058,13867,3,1.3,Yes,35.9,11.0,2024-12-12,32.0,Internal Transfer,63.0,Yes,4.0,42,7.2,144696,166404,0
EMP0069,Nguyen Koh,Female,1993-12-09,British,Asia Pacific,Singapore,Singapore,Sales,Senior Sales Manager,G5,Onsite,2017-06-17,2022-04-22,Terminated,Full-Time,Yes,Involuntary,Redundancy,SGD,1.35,16100,18515,11926,13715,4,13.7,Yes,56.9,3.0,2023-10-06,14.0,Linkedin,44.0,Yes,,31,4.8,143112,164580,1
EMP0070,Fang Guo,Male,1985-02-05,Thai,Asia Pacific,Singapore,Singapore,Legal,Legal Assistant,G1,Onsite,2023-11-25,,Terminated,Intern,Yes,Involuntary,Performance,SGD,1.35,5156,5929,3819,4392,3,4.6,No,,6.0,2021-03-08,,Agency,93.0,No,5.0,39,1.1,45828,52704,1
EMP0071,Ng Reyes,Female,1992-02-13,American,Asia Pacific,Singapore,Singapore,IT,Software Engineer,G2,Hybrid,2024-05-17,,Active,Contractor,Yes,Not Applicable,Not Applicable,SGD,1.35,7724,8883,5721,6580,3,6.8,No,6.5,1.0,2023-10-15,34.0,Linkedin,36.0,No,2.0,32,0.6,68652,78960,0
EMP0072,Ng Park,Female,1983-05-05,Malaysian,Asia Pacific,Singapore,Singapore,HR,HR Assistant,G1,Hybrid,2023-01-17,,Active,Full-Time,Yes,Not Applicable,Not Applicable,SGD,1.35,5701,6556,4223,4856,4,7.2,Yes,19.7,11.0,2023-08-21,98.0,Job Board,54.0,Yes,5.0,41,2.0,50676,58272,0
EMP0073,Seo Tanaka,Male,1987-05-14,British,Asia Pacific,Singapore,Singapore,Marketing,Marketing Specialist,G3,Onsite,2019-08-24,,Active,Full-Time,Yes,Not Applicable,Not Applicable,SGD,1.35,10959,12603,8118,9336,4,7.5,No,64.8,11.0,2022-10-29,21.0,Job Board,36.0,No,3.0,37,5.4,97416,112032,0
EMP0074,Lim Liu,Female,1975-01-18,Filipino,Asia Pacific,Singapore,Singapore,Finance,Finance Assistant,G1,Remote,2020-02-18,,Resigned,Intern,Yes,Voluntary,Further Studies,SGD,1.35,4887,5620,3620,4163,3,6.0,Yes,24.1,5.0,2021-04-11,74.0,Agency,,Yes,3.0,49,4.9,43440,49956,1
EMP0075,Fang Patel,Male,1972-12-11,Thai,Asia Pacific,Singapore,Singapore,Delivery,Project Manager,G3,Onsite,2022-11-18,,Active,Contractor,Yes,Not Applicable,Not Applicable,SGD,1.35,9312,10709,6898,7933,4,12.6,Yes,38.7,6.0,2023-02-12,35.0,Job Board,30.0,Yes,4.0,52,2.1,82776,95196,0
EMP0076,Ong Chan,Female,1993-01-09,Singaporean,Asia Pacific,Singapore,Singapore,Sales,Sales Manager,G4,Hybrid,2018-06-26,,Active,Full-Time,Yes,Not Applicable,Not Applicable,SGD,1.35,11785,13553,8730,10039,3,12.1,No,77.5,11.0,2023-07-18,48.0,Job Board,73.0,Yes,4.0,32,6.5,104760,120468,0
EMP0077,Lee Huang,Male,1993-03-16,Japanese,Asia Pacific,Singapore,Singapore,Finance,Senior Finance Manager,G5,Onsite,2016-07-27,,Active,Expat,Yes,Not Applicable,Not Applicable,SGD,1.35,16544,19026,12255,14093,3,6.3,Yes,6.7,12.0,2023-01-24,41.0,Referral,75.0,No,4.0,31,8.4,147060,169116,0
EMP0078,Dewi Reyes,Female,1986-09-03,Thai,Asia Pacific,Singapore,Singapore,Marketing,Marketing Executive,G2,Hybrid,2019-10-19,,Active,Full-Time,Yes,Not Applicable,Not Applicable,SGD,1.35,6243,7179,4624,5318,4,7.9,Yes,70.2,3.0,2022-10-09,99.0,Agency,87.0,No,3.0,38,5.2,55488,63816,0
EMP0079,Yuki Smith,Female,1970-03-18,Singaporean,Asia Pacific,Singapore,Singapore,Marketing,Marketing Executive,G2,Remote,2022-08-12,,Active,Contractor,Yes,Not Applicable,Not Applicable,SGD,1.35,6007,6908,4450,5117,1,11.0,Yes,70.7,5.0,2022-09-22,19.0,Internal Transfer,36.0,Yes,,54,2.4,53400,61404,0
EMP0080,James Chan,Not Declared,1992-08-20,Indian,Asia Pacific,Singapore,Singapore,HR,HR Executive,G2,Hybrid,2021-11-13,,Active,Contractor,Yes,Not Applicable,Not Applicable,SGD,1.35,7343,8444,5439,6255,1,1.6,No,7.7,2.0,2024-05-03,50.0,Linkedin,75.0,Yes,4.0,32,3.1,65268,75060,0
EMP0081,Seo Le,Not Declared,1992-04-07,American,Asia Pacific,Singapore,Singapore,Finance,Finance Manager,G4,Hybrid,2017-01-12,,Active,Full-Time,Yes,Not Applicable,Not Applicable,SGD,1.35,12021,13824,8904,10240,4,7.4,No,63.2,2.0,2022-07-27,91.0,Referral,52.0,Yes,5.0,32,8.0,106848,122880,0
EMP0082,Ng Zhang,Female,1978-03-16,Australian,Asia Pacific,Singapore,Singapore,IT,Senior Software Engineer,G3,Hybrid,2021-04-29,,Active,Full-Time,No,Not Applicable,Not Applicable,SGD,1.35,9843,11319,7291,8384,5,2.5,Yes,59.2,3.0,2022-08-01,47.0,Internal Transfer,87.0,Yes,3.0,46,3.7,87492,100608,0
EMP0083,Ng Yamamoto,Female,1993-04-14,Chinese,Asia Pacific,Singapore,Singapore,Delivery,Senior Project Manager,G4,Hybrid,2019-10-16,,Active,Full-Time,Yes,Not Applicable,Not Applicable,SGD,1.35,13253,15241,9817,11290,2,12.4,No,50.6,1.0,2022-11-18,56.0,Job Board,36.0,No,3.0,31,5.2,117804,135480,0
EMP0084,Priya Choi,Male,1997-02-07,Hong Konger,Asia Pacific,Singapore,Singapore,Delivery,Project Analyst,G2,Onsite,2024-02-12,,Active,Intern,Yes,Not Applicable,Not Applicable,SGD,1.35,6091,7005,4512,5189,3,6.8,Yes,51.1,8.0,2024-01-15,74.0,Linkedin,43.0,Yes,4.0,27,0.9,54144,62268,0
EMP0085,Chan Charoenwong,Female,1972-02-01,American,Asia Pacific,Singapore,Singapore,Delivery,Senior Project Manager,G4,Onsite,2022-01-20,,Active,Full-Time,Yes,Not Applicable,Not Applicable,SGD,1.35,12935,14875,9581,11019,5,0.1,No,46.0,7.0,2024-09-16,93.0,Referral,37.0,Yes,3.0,52,2.9,114972,132228,0
EMP0086,Koh Choi,Male,1979-05-29,Hong Konger,Asia Pacific,Singapore,Singapore,Delivery,Project Analyst,G2,Remote,2020-06-27,,Active,Intern,Yes,Not Applicable,Not Applicable,SGD,1.35,8188,9416,6065,6975,4,10.4,Yes,12.8,6.0,2024-09-10,62.0,Job Board,83.0,Yes,5.0,45,4.5,72780,83700,0
EMP0087,Koh Huang,Male,1992-12-01,Japanese,Asia Pacific,Singapore,Singapore,Sales,Sales Manager,G4,Onsite,2017-07-12,,Active,Contractor,Yes,Not Applicable,Not Applicable,SGD,1.35,13985,16083,10359,11913,5,4.7,No,5.0,5.0,2023-02-20,66.0,Job Board,62.0,Yes,4.0,32,7.5,124308,142956,0
EMP0088,Sarah Sharma,Female,1996-10-10,Singaporean,Asia Pacific,Singapore,Singapore,Sales,Senior Sales Manager,G5,Hybrid,2019-01-06,,Active,Full-Time,Yes,Not Applicable,Not Applicable,SGD,1.35,15449,17766,11444,13160,5,7.8,No,16.1,9.0,2024-04-06,18.0,Referral,57.0,Yes,5.0,28,6.0,137328,157920,0
EMP0089,Budi Singh,Female,1993-01-26,Japanese,Asia Pacific,Singapore,Singapore,Marketing,Marketing Specialist,G3,Hybrid,2019-02-28,,Active,Full-Time,No,Not Applicable,Not Applicable,SGD,1.35,9088,10451,6732,7741,5,11.6,Yes,51.6,4.0,2023-03-13,88.0,Job Board,41.0,Yes,5.0,31,5.8,80784,92892,0
EMP0090,Yuki Smith,Female,2000-03-15,Australian,Asia Pacific,Singapore,Singapore,Marketing,Marketing Assistant,G1,Onsite,2019-07-06,,Active,Intern,Yes,Not Applicable,Not Applicable,SGD,1.35,5943,6834,4402,5062,2,11.8,Yes,10.6,8.0,2024-02-21,46.0,Linkedin,83.0,Yes,4.0,24,5.5,52824,60744,0
EMP0091,Michelle Zhang,Female,1979-07-02,Filipino,Asia Pacific,Singapore,Singapore,Delivery,Delivery Manager,G5,Hybrid,2017-06-23,,Active,Full-Time,Yes,Not Applicable,Not Applicable,SGD,1.35,14496,16670,10738,12348,4,8.5,Yes,61.1,9.0,2024-08-02,68.0,Linkedin,23.0,No,4.0,45,7.5,128856,148176,0
EMP0092,Ji Ong,Female,1982-05-31,British,Asia Pacific,Singapore,Singapore,Legal,Legal Assistant,G1,Remote,2024-03-10,,Active,Full-Time,Yes,Not Applicable,Not Applicable,SGD,1.35,4920,5658,3644,4191,2,9.7,Yes,25.3,3.0,2023-02-07,34.0,Linkedin,17.0,Yes,5.0,42,0.8,43728,50292,0
EMP0093,Kevin Kumar,Not Declared,2000-09-09,Indian,Asia Pacific,Singapore,Singapore,Sales,Senior Account Executive,G3,Hybrid,2018-08-22,,Active,Full-Time,Yes,Not Applicable,Not Applicable,SGD,1.35,9697,11152,7183,8261,3,7.3,Yes,32.1,1.0,2023-02-28,57.0,Agency,73.0,No,,24,6.4,86196,99132,0
EMP0094,Min Kim,Female,1991-11-03,Japanese,Asia Pacific,Singapore,Singapore,IT,Engineering Manager,G5,Onsite,2016-07-23,,Active,Full-Time,Yes,Not Applicable,Not Applicable,SGD,1.35,15424,17738,11425,13139,3,2.3,Yes,49.8,2.0,2023-04-17,47.0,Agency,76.0,Yes,4.0,33,8.4,137100,157668,0
EMP0095,Budi Zhang,Not Declared,1991-02-23,British,Asia Pacific,Singapore,Singapore,IT,Software Engineer,G2,Onsite,2021-01-14,,Active,Full-Time,Yes,Not Applicable,Not Applicable,SGD,1.35,6354,7307,4707,5413,4,13.8,Yes,9.2,7.0,2024-02-29,22.0,Linkedin,79.0,Yes,4.0,33,4.0,56484,64956,0
EMP0096,Meera Dela Cruz,Not Declared,1974-05-20,Filipino,Asia Pacific,Singapore,Singapore,Finance,Finance Analyst,G2,Remote,2019-12-10,2024-12-31,Resigned,Full-Time,Yes,Voluntary,Relocation,SGD,1.35,6238,7174,4621,5314,1,9.8,No,21.7,,2022-06-04,43.0,Internal Transfer,50.0,No,3.0,50,5.1,55452,63768,1
EMP0097,Nguyen Chan,Female,1994-09-12,Hong Konger,Asia Pacific,Singapore,Singapore,Delivery,Senior Project Manager,G4,Hybrid,2017-01-22,2022-11-03,Resigned,Contractor,Yes,Voluntary,Health Reasons,SGD,1.35,12625,14519,9352,10755,4,10.9,No,39.4,0.0,2021-12-25,35.0,Referral,81.0,Yes,,30,5.8,112224,129060,1
EMP0098,Koh Wang,Not Declared,1982-10-06,Korean,Asia Pacific,Singapore,Singapore,Sales,Senior Account Executive,G3,Hybrid,2020-02-07,,Terminated,Full-Time,Yes,Involuntary,Misconduct,SGD,1.35,10039,11545,7436,8552,4,7.5,Yes,,4.0,2022-05-28,77.0,Internal Transfer,46.0,Yes,4.0,42,4.9,89232,102624,1
EMP0099,Ahmad Santos,Female,1973-05-30,Chinese,Asia Pacific,Singapore,Singapore,Finance,Senior Finance Analyst,G3,Hybrid,2020-01-08,,Active,Full-Time,Yes,Not Applicable,Not Applicable,SGD,1.35,11023,12676,8165,9390,3,11.1,Yes,22.4,5.0,2023-02-28,31.0,Referral,60.0,Yes,5.0,51,5.0,97980,112680,0
EMP0100,Kevin Tran,Not Declared,1975-10-03,Singaporean,Asia Pacific,Singapore,Singapore,Marketing,Senior Marketing Specialist,G4,Remote,2017-05-14,,Active,Full-Time,No,Not Applicable,Not Applicable,SGD,1.35,13357,15361,9894,11379,3,14.6,No,39.0,12.0,2022-01-18,11.0,Referral,27.0,Yes,3.0,49,7.6,118728,136548,0
EMP0101,Michelle Smith,Male,1976-07-17,Japanese,Asia Pacific,Singapore,Singapore,Delivery,Delivery Coordinator,G1,Hybrid,2024-08-08,,Resigned,Full-Time,Yes,Voluntary,Health Reasons,SGD,1.35,5094,5858,3773,4339,4,6.0,No,,7.0,2021-07-17,27.0,Agency,86.0,No,1.0,48,0.4,45276,52068,1
EMP0102,Tan Charoenwong,Not Declared,1995-08-23,Filipino,Asia Pacific,Singapore,Singapore,Sales,Senior Sales Manager,G5,Hybrid,2017-07-23,,Active,Full-Time,Yes,Not Applicable,Not Applicable,SGD,1.35,15878,18260,11761,13526,4,5.9,No,63.4,6.0,2024-12-02,97.0,Job Board,17.0,Yes,3.0,29,7.4,141132,162312,0
EMP0103,Dewi Ong,Female,1989-11-17,Taiwanese,Asia Pacific,Singapore,Singapore,Finance,Finance Assistant,G1,Hybrid,2023-01-01,,Active,Contractor,Yes,Not Applicable,Not Applicable,SGD,1.35,4895,5629,3626,4170,5,8.1,Yes,37.8,12.0,2022-12-29,63.0,Job Board,87.0,Yes,4.0,35,2.0,43512,50040,0
EMP0104,Jessica Brown,Female,1983-02-21,Hong Konger,Asia Pacific,Singapore,Singapore,Finance,Finance Manager,G4,Hybrid,2021-11-26,,Active,Full-Time,Yes,Not Applicable,Not Applicable,SGD,1.35,13475,15496,9981,11479,3,5.7,Yes,36.1,4.0,2024-11-24,79.0,Internal Transfer,49.0,Yes,5.0,41,3.1,119772,137748,0
EMP0105,Ng Kumar,Male,1970-08-30,Vietnamese,Asia Pacific,Singapore,Singapore,Finance,Finance Analyst,G2,Onsite,2024-08-03,,Active,Intern,Yes,Not Applicable,Not Applicable,SGD,1.35,7801,8971,5779,6645,3,12.7,No,8.3,7.0,2022-05-27,59.0,Referral,47.0,Yes,3.0,54,0.4,69348,79740,0
EMP0106,Koh Choi,Female,1991-08-03,Taiwanese,Asia Pacific,Singapore,Singapore,Legal,Legal Executive,G2,Remote,2021-06-11,,Active,Intern,Yes,Not Applicable,Not Applicable,SGD,1.35,6972,8018,5164,5939,1,11.9,Yes,34.1,4.0,2022-01-19,97.0,Internal Transfer,75.0,Yes,4.0,33,3.6,61968,71268,0
EMP0107,Thomas Ng,Female,1986-01-25,Korean,Asia Pacific,Singapore,Singapore,Finance,Finance Analyst,G2,Hybrid,2023-11-28,,Active,Full-Time,Yes,Not Applicable,Not Applicable,SGD,1.35,7102,8167,5261,6050,4,8.2,Yes,39.6,10.0,2022-11-25,16.0,Referral,48.0,Yes,4.0,38,1.1,63132,72600,0
EMP0108,Lee Suwannarat,Not Declared,1999-07-23,Australian,Asia Pacific,Singapore,Singapore,HR,HR Business Partner,G4,Hybrid,2017-05-09,,Active,Full-Time,Yes,Not Applicable,Not Applicable,SGD,1.35,11994,13793,8884,10217,4,12.5,No,44.0,12.0,2023-06-09,14.0,Referral,24.0,Yes,4.0,25,7.6,106608,122604,0
EMP0109,Haruto Ng,Male,1995-07-28,Taiwanese,Asia Pacific,Singapore,Singapore,Finance,Senior Finance Analyst,G3,Onsite,2021-01-06,,Active,Full-Time,Yes,Not Applicable,Not Applicable,SGD,1.35,9856,11334,7301,8396,2,11.9,Yes,42.4,11.0,2022-11-20,58.0,Internal Transfer,60.0,No,5.0,29,4.0,87612,100752,0
EMP0110,Suresh Singh,Female,1970-04-18,Thai,Asia Pacific,Singapore,Singapore,Finance,Finance Analyst,G2,Hybrid,2022-02-04,,Active,Contractor,Yes,Not Applicable,Not Applicable,SGD,1.35,7289,8382,5399,6209,4,1.4,Yes,15.9,5.0,2024-01-22,90.0,Referral,53.0,Yes,5.0,54,2.9,64788,74508,0
EMP0111,Meera Ong,Not Declared,1970-07-07,Taiwanese,Asia Pacific,Singapore,Singapore,Sales,Senior Account Executive,G3,Hybrid,2017-06-18,,Active,Full-Time,Yes,Not Applicable,Not Applicable,SGD,1.35,9623,11066,7128,8197,4,2.3,No,79.8,8.0,2024-10-30,18.0,Job Board,65.0,Yes,4.0,54,7.5,85536,98364,0
EMP0112,Nattaporn Smith,Not Declared,1974-01-07,Australian,Asia Pacific,Singapore,Singapore,Delivery,Project Manager,G3,Hybrid,2020-08-06,,Active,Full-Time,Yes,Not Applicable,Not Applicable,SGD,1.35,10651,12249,7890,9073,3,5.2,No,65.0,10.0,2022-10-26,50.0,Referral,62.0,Yes,2.0,51,4.4,94680,108876,0
EMP0113,Ravi Nguyen,Not Declared,1976-05-04,Korean,Asia Pacific,Singapore,Singapore,Delivery,Senior Project Manager,G4,Onsite,2022-11-28,,Active,Full-Time,Yes,Not Applicable,Not Applicable,SGD,1.35,12424,14288,9203,10584,4,9.3,Yes,53.8,1.0,2022-05-17,45.0,Agency,61.0,Yes,,48,2.1,110436,127008,0
EMP0114,Dewi Charoenwong,Male,1970-10-29,Indonesian,Asia Pacific,Singapore,Singapore,Delivery,Project Analyst,G2,Hybrid,2024-08-15,,Active,Full-Time,Yes,Not Applicable,Not Applicable,SGD,1.35,6563,7547,4861,5590,3,15.0,No,75.8,5.0,2023-04-07,24.0,Job Board,26.0,Yes,4.0,54,0.4,58332,67080,0
EMP0115,Chan Kim,Female,1976-07-06,Taiwanese,Asia Pacific,Singapore,Singapore,Marketing,Marketing Manager,G5,Hybrid,2020-12-23,,Active,Contractor,Yes,Not Applicable,Not Applicable,SGD,1.35,14967,17212,11087,12750,5,10.9,No,70.9,7.0,2024-04-22,37.0,Agency,39.0,Yes,4.0,48,4.0,133044,153000,0
EMP0116,James Lee,Male,1988-04-30,Japanese,Asia Pacific,Singapore,Singapore,HR,Senior HR Business Partner,G5,Hybrid,2017-04-10,,Active,Expat,Yes,Not Applicable,Not Applicable,SGD,1.35,16381,18838,12134,13954,5,13.0,Yes,28.7,8.0,2023-05-21,48.0,Linkedin,63.0,Yes,5.0,36,7.7,145608,167448,0
EMP0117,Tan Patel,Female,1987-11-09,American,Asia Pacific,Singapore,Singapore,Legal,Senior Legal Counsel,G4,Hybrid,2021-09-27,,Resigned,Full-Time,Yes,Voluntary,Better Opportunity,SGD,1.35,12927,14866,9576,11012,3,8.8,No,23.6,0.0,,57.0,Referral,26.0,Yes,5.0,37,3.3,114912,132144,1
EMP0118,Arun Guo,Male,1976-06-27,Indian,Asia Pacific,Singapore,Singapore,Sales,Sales Manager,G4,Hybrid,2022-01-02,,Active,Full-Time,Yes,Not Applicable,Not Applicable,SGD,1.35,13850,15927,10259,11798,5,0.1,No,4.9,8.0,2024-10-18,59.0,Linkedin,78.0,Yes,4.0,48,3.0,123108,141576,0
EMP0119,Jose Zhang,Female,1977-12-30,Indian,Asia Pacific,Singapore,Singapore,Delivery,Project Analyst,G2,Remote,2023-01-15,,Active,Contractor,No,Not Applicable,Not Applicable,SGD,1.35,6659,7658,4933,5673,3,5.7,Yes,36.5,9.0,2022-05-13,36.0,Referral,50.0,Yes,3.0,47,2.0,59196,68076,0
EMP0120,Jessica Wong,Male,2001-10-14,Thai,Asia Pacific,Singapore,Singapore,Finance,Finance Assistant,G1,Hybrid,2020-04-28,,Active,Intern,Yes,Not Applicable,Not Applicable,SGD,1.35,5218,6001,3865,4445,3,0.7,Yes,65.3,4.0,2022-01-24,68.0,Agency,23.0,Yes,3.0,23,4.7,46380,53340,0
EMP0121,Jose Williams,Female,1972-07-06,British,Asia Pacific,Singapore,Singapore,Marketing,Marketing Executive,G2,Onsite,2019-03-18,,Active,Full-Time,Yes,Not Applicable,Not Applicable,SGD,1.35,7820,8993,5793,6661,5,5.3,No,25.3,1.0,2023-11-26,99.0,Internal Transfer,88.0,Yes,3.0,52,5.8,69516,79932,0
EMP0122,Ahmad Johnson,Female,1992-06-06,Indian,Asia Pacific,Singapore,Singapore,Finance,Finance Analyst,G2,Onsite,2024-11-14,,Active,Full-Time,Yes,Not Applicable,Not Applicable,SGD,1.35,7750,8912,5741,6601,2,14.7,Yes,79.4,4.0,2022-03-16,51.0,Internal Transfer,54.0,No,4.0,32,0.1,68892,79212,0
EMP0123,Wei Liu,Male,1979-04-08,Chinese,Asia Pacific,Singapore,Singapore,Legal,Legal Counsel,G3,Hybrid,2020-03-06,,Active,Full-Time,Yes,Not Applicable,Not Applicable,SGD,1.35,9587,11025,7101,8167,5,8.1,No,6.2,11.0,2022-04-14,20.0,Linkedin,65.0,Yes,4.0,45,4.8,85212,98004,0
EMP0124,Chan Williams,Male,1976-06-12,British,Asia Pacific,Singapore,Singapore,Marketing,Marketing Executive,G2,Hybrid,2022-09-15,,Resigned,Contractor,Yes,Voluntary,Further Studies,SGD,1.35,7075,8136,5241,6027,4,4.2,Yes,30.5,1.0,2021-05-26,43.0,Job Board,45.0,No,5.0,48,2.3,62892,72324,1
EMP0125,Maria Choi,Female,1977-11-26,Thai,Asia Pacific,Singapore,Singapore,IT,IT Support,G1,Onsite,2023-04-02,,Active,Full-Time,Yes,Not Applicable,Not Applicable,SGD,1.35,3933,4523,2913,3350,3,2.1,Yes,61.4,1.0,2022-10-28,69.0,Job Board,64.0,Yes,3.0,47,1.8,34956,40200,0
EMP0126,Wei Choi,Female,1974-12-03,British,Asia Pacific,Singapore,Singapore,Legal,Legal Manager,G5,Hybrid,2019-06-03,,Active,Full-Time,Yes,Not Applicable,Not Applicable,SGD,1.35,15172,17448,11239,12924,3,3.2,Yes,14.6,9.0,2024-02-27,86.0,Agency,34.0,Yes,3.0,50,5.6,134868,155088,0
EMP0127,Emma Williams,Not Declared,1990-03-10,Filipino,Asia Pacific,Singapore,Singapore,Legal,Legal Executive,G2,Onsite,2024-08-02,,Active,Contractor,Yes,Not Applicable,Not Applicable,SGD,1.35,7129,8198,5281,6073,3,8.2,Yes,78.3,10.0,2024-09-16,73.0,Linkedin,25.0,Yes,5.0,34,0.4,63372,72876,0
EMP0128,Wei Brown,Female,1995-09-30,Korean,Asia Pacific,Singapore,Singapore,Legal,Legal Counsel,G3,Hybrid,2017-05-25,,Active,Full-Time,Yes,Not Applicable,Not Applicable,SGD,1.35,9570,11006,7089,8153,4,3.9,Yes,47.9,10.0,2022-04-16,69.0,Agency,94.0,Yes,3.0,29,7.6,85068,97836,0
EMP0129,Priya Charoenwong,Male,1996-09-18,American,Asia Pacific,Singapore,Singapore,Sales,Account Executive,G2,Onsite,2023-08-19,,Active,Contractor,Yes,Not Applicable,Not Applicable,SGD,1.35,6986,8034,5175,5951,4,3.2,No,30.2,11.0,2023-06-26,78.0,Linkedin,74.0,No,4.0,28,1.4,62100,71412,0
EMP0130,Jin Liu,Female,1985-01-10,Thai,Asia Pacific,Singapore,Singapore,Legal,Senior Legal Counsel,G4,Onsite,2021-05-22,,Active,Full-Time,Yes,Not Applicable,Not Applicable,SGD,1.35,12326,14175,9130,10500,4,11.6,Yes,55.5,3.0,2023-10-04,59.0,Linkedin,16.0,Yes,4.0,40,3.6,109560,126000,0
EMP0131,Tran Wu,Female,1990-12-12,Taiwanese,Asia Pacific,Singapore,Singapore,HR,HR Specialist,G3,Onsite,2020-08-17,,Active,Full-Time,Yes,Not Applicable,Not Applicable,SGD,1.35,9508,10934,7043,8099,2,5.8,No,23.6,5.0,2022-12-31,50.0,Job Board,40.0,Yes,4.0,34,4.4,84516,97188,0
EMP0132,Wong Dela Cruz,Female,1987-07-22,Hong Konger,Asia Pacific,Singapore,Singapore,HR,HR Specialist,G3,Hybrid,2021-07-13,,Active,Contractor,Yes,Not Applicable,Not Applicable,SGD,1.35,10687,12290,7916,9104,4,0.0,No,66.2,8.0,2022-09-06,61.0,Agency,53.0,Yes,5.0,37,3.5,94992,109248,0
EMP0133,Raj Singh,Not Declared,1980-09-12,Vietnamese,Asia Pacific,Singapore,Singapore,IT,IT Support,G1,Hybrid,2024-01-15,,Active,Contractor,Yes,Not Applicable,Not Applicable,SGD,1.35,4577,5264,3390,3899,3,10.8,Yes,20.1,11.0,2024-12-07,51.0,Internal Transfer,89.0,Yes,4.0,44,1.0,40680,46788,0
EMP0134,Min Wang,Female,1985-02-18,Japanese,Asia Pacific,Singapore,Singapore,Sales,Regional Sales Manager,G6,Hybrid,2016-07-16,,Terminated,Full-Time,Yes,Involuntary,Contract Ended,SGD,1.35,16750,19262,12407,14268,4,2.5,Yes,,0.0,,51.0,Job Board,17.0,Yes,1.0,39,8.5,148884,171216,1
EMP0135,Chan Jones,Male,1998-02-18,British,Asia Pacific,Singapore,Singapore,Sales,Account Executive,G2,Hybrid,2021-08-23,2023-03-17,Terminated,Full-Time,Yes,Involuntary,Redundancy,SGD,1.35,7418,8531,5495,6319,3,0.8,No,,7.0,2021-11-24,3.0,Agency,70.0,Yes,5.0,26,1.6,65940,75828,1
EMP0136,Nguyen Koh,Male,1986-11-05,American,Asia Pacific,Singapore,Singapore,Finance,Finance Assistant,G1,Hybrid,2023-11-21,2024-12-31,Resigned,Full-Time,Yes,Voluntary,Better Opportunity,SGD,1.35,4240,4876,3141,3612,3,4.0,Yes,,4.0,,37.0,Referral,43.0,No,4.0,38,1.1,37692,43344,1
EMP0137,Koh Koh,Female,1995-12-29,Malaysian,Asia Pacific,Singapore,Singapore,Marketing,Marketing Manager,G5,Hybrid,2015-07-01,,Active,Full-Time,No,Not Applicable,Not Applicable,SGD,1.35,16013,18415,11861,13641,1,8.0,Yes,64.6,2.0,2024-07-15,55.0,Linkedin,16.0,Yes,3.0,29,9.5,142332,163692,0
EMP0138,Chan Yang,Male,1987-04-07,American,Asia Pacific,Singapore,Singapore,Delivery,Project Analyst,G2,Hybrid,2022-01-10,,Active,Full-Time,Yes,Not Applicable,Not Applicable,SGD,1.35,7300,8395,5407,6219,3,10.3,Yes,29.5,1.0,2024-11-20,95.0,Agency,29.0,Yes,2.0,37,3.0,64884,74628,0
EMP0139,Min Suwannarat,Female,1992-08-03,Taiwanese,Asia Pacific,Singapore,Singapore,IT,Software Engineer,G2,Hybrid,2024-01-28,,Active,Full-Time,Yes,Not Applicable,Not Applicable,SGD,1.35,6250,7187,4630,5324,4,10.2,No,26.2,10.0,2024-01-24,82.0,Linkedin,73.0,Yes,3.0,32,0.9,55560,63888,0
EMP0140,Budi Ng,Male,1993-04-23,Taiwanese,Asia Pacific,Singapore,Singapore,Legal,Legal Counsel,G3,Onsite,2020-08-29,,Active,Full-Time,Yes,Not Applicable,Not Applicable,SGD,1.35,10095,11609,7478,8599,4,6.9,Yes,72.3,5.0,2022-12-18,81.0,Referral,51.0,Yes,,31,4.3,89736,103188,0
EMP0141,Thomas Nguyen,Male,1995-03-26,Korean,Asia Pacific,Singapore,Singapore,HR,HR Business Partner,G4,Hybrid,2022-01-11,,Active,Full-Time,Yes,Not Applicable,Not Applicable,SGD,1.35,12465,14335,9233,10619,5,6.1,Yes,15.0,8.0,2023-10-18,24.0,Internal Transfer,57.0,Yes,5.0,29,3.0,110796,127428,0
EMP0142,Suresh Huang,Not Declared,1979-12-19,Japanese,Asia Pacific,Singapore,Singapore,Sales,Account Executive,G2,Hybrid,2023-12-30,,Terminated,Full-Time,No,Involuntary,Misconduct,SGD,1.35,7152,8225,5298,6093,2,10.0,No,25.7,0.0,2022-12-21,36.0,Internal Transfer,71.0,Yes,4.0,45,1.0,63576,73116,1
EMP0143,Michelle Williams,Male,1978-12-09,Indian,Asia Pacific,Singapore,Singapore,Sales,Account Executive,G2,Hybrid,2022-05-21,,Active,Contractor,Yes,Not Applicable,Not Applicable,SGD,1.35,7263,8352,5380,6187,3,0.4,Yes,24.0,11.0,2024-08-25,21.0,Agency,77.0,No,1.0,46,2.6,64560,74244,0
EMP0144,David Tanaka,Female,1990-09-06,American,Asia Pacific,Singapore,Singapore,Delivery,Delivery Coordinator,G1,Hybrid,2023-01-19,2024-12-31,Resigned,Full-Time,Yes,Voluntary,Personal Reason,SGD,1.35,5568,6403,4124,4743,3,1.4,No,52.3,4.0,2023-01-13,,Internal Transfer,33.0,No,3.0,34,1.9,49488,56916,1
EMP0145,Siti Chen,Male,1991-07-06,Indonesian,Asia Pacific,Singapore,Singapore,Legal,Senior Legal Counsel,G4,Remote,2022-11-13,,Active,Contractor,Yes,Not Applicable,Not Applicable,SGD,1.35,13412,15424,9935,11425,1,12.2,Yes,69.1,3.0,2023-04-10,38.0,Referral,25.0,Yes,3.0,33,2.1,119220,137100,0
EMP0146,Ananya Tanaka,Male,2000-01-31,Indonesian,Asia Pacific,Singapore,Singapore,HR,HR Assistant,G1,Remote,2022-11-25,2024-12-31,Resigned,Full-Time,No,Voluntary,Health Reasons,SGD,1.35,5561,6395,4119,4737,4,10.7,No,,0.0,2021-07-22,74.0,Job Board,90.0,No,3.0,24,2.1,49428,56844,1
EMP0147,Tran Dela Cruz,Not Declared,1983-12-30,Taiwanese,Asia Pacific,Singapore,Singapore,Sales,Senior Account Executive,G3,Hybrid,2021-10-19,,Active,Full-Time,Yes,Not Applicable,Not Applicable,SGD,1.35,10816,12438,8012,9213,3,10.2,Yes,79.9,8.0,2022-08-04,46.0,Internal Transfer,25.0,Yes,4.0,41,3.2,96144,110556,0
EMP0148,Ravi Huang,Female,1991-05-06,Taiwanese,Asia Pacific,Singapore,Singapore,Marketing,Senior Marketing Manager,G6,Onsite,2016-08-26,,Active,Expat,Yes,Not Applicable,Not Applicable,SGD,1.35,16697,19202,12368,14224,3,9.4,Yes,11.6,1.0,2022-05-20,55.0,Linkedin,63.0,Yes,3.0,33,8.4,148416,170688,0
EMP0149,Tran Dela Cruz,Female,1989-11-07,Vietnamese,Asia Pacific,Singapore,Singapore,HR,HR Assistant,G1,Remote,2020-11-03,,Active,Full-Time,No,Not Applicable,Not Applicable,SGD,1.35,5450,6267,4037,4642,3,1.6,No,54.2,11.0,2024-08-20,53.0,Referral,65.0,Yes,3.0,35,4.2,48444,55704,0
EMP0150,Ji Koh,Not Declared,1973-10-23,American,Asia Pacific,Singapore,Singapore,Delivery,Delivery Coordinator,G1,Hybrid,2020-11-26,,Active,Full-Time,Yes,Not Applicable,Not Applicable,SGD,1.35,4859,5588,3599,4139,5,8.5,No,24.3,12.0,2024-08-19,63.0,Agency,64.0,Yes,4.0,51,4.1,43188,49668,0
EMP0151,Arun Santos,Not Declared,1974-02-15,Korean,Asia Pacific,Australia,Melbourne,Sales,Senior Account Executive,G3,Hybrid,2022-12-16,,Active,Full-Time,Yes,Not Applicable,Not Applicable,AUD,1.53,13454,15472,8793,10112,4,4.5,No,36.9,9.0,2023-10-04,28.0,Job Board,80.0,Yes,3.0,50,2.0,105516,121344,0
EMP0152,Fang Williams,Male,2000-09-28,Japanese,Asia Pacific,Australia,Melbourne,Legal,Senior Legal Counsel,G4,Hybrid,2017-09-21,,Resigned,Full-Time,No,Voluntary,Relocation,AUD,1.53,15332,17632,10021,11524,3,2.2,Yes,18.6,6.0,2021-03-17,22.0,Linkedin,50.0,Yes,5.0,24,7.3,120252,138288,1
EMP0153,Arun Müller,Not Declared,1999-10-18,British,Asia Pacific,Australia,Melbourne,Marketing,Marketing Manager,G5,Hybrid,2016-01-05,,Active,Full-Time,Yes,Not Applicable,Not Applicable,AUD,1.53,19774,22740,12924,14863,3,8.8,Yes,60.9,4.0,2024-05-16,30.0,Linkedin,50.0,Yes,4.0,25,9.0,155088,178356,0
EMP0154,Priya Guo,Male,2000-12-25,American,Asia Pacific,Australia,Melbourne,Sales,Sales Manager,G4,Onsite,2020-06-20,,Active,Full-Time,Yes,Not Applicable,Not Applicable,AUD,1.53,17147,19719,11207,12888,4,8.0,Yes,37.6,1.0,2024-03-15,93.0,Agency,45.0,Yes,3.0,24,4.5,134484,154656,0
EMP0155,Kevin Wang,Not Declared,1994-07-27,Korean,Asia Pacific,Australia,Sydney,Legal,Legal Counsel,G3,Onsite,2019-01-23,,Active,Full-Time,No,Not Applicable,Not Applicable,AUD,1.53,11660,13409,7621,8764,3,9.4,Yes,10.2,3.0,2023-05-27,56.0,Referral,67.0,Yes,4.0,30,5.9,91452,105168,0
EMP0156,Arjun Santos,Not Declared,1981-09-02,Indian,Asia Pacific,Australia,Sydney,HR,HR Manager,G6,Remote,2016-04-25,,Active,Full-Time,Yes,Not Applicable,Not Applicable,AUD,1.53,21894,25178,14310,16456,5,12.4,Yes,21.1,4.0,2023-01-26,95.0,Agency,78.0,No,3.0,43,8.7,171720,197472,0
EMP0157,James Suwannarat,Female,2000-10-23,Malaysian,Asia Pacific,Australia,Melbourne,Delivery,Project Analyst,G2,Onsite,2021-11-15,,Active,Full-Time,Yes,Not Applicable,Not Applicable,AUD,1.53,8032,9237,5250,6037,5,7.1,Yes,50.1,11.0,2022-04-04,10.0,Internal Transfer,53.0,No,3.0,24,3.1,63000,72444,0
EMP0158,Koh Wijaya,Female,1981-10-22,Hong Konger,Asia Pacific,Australia,Melbourne,Sales,Sales Manager,G4,Onsite,2021-11-20,,Active,Contractor,Yes,Not Applicable,Not Applicable,AUD,1.53,17395,20004,11369,13075,4,2.3,No,54.0,8.0,2022-04-19,27.0,Linkedin,19.0,Yes,4.0,43,3.1,136428,156900,0
EMP0159,Arun Guo,Not Declared,1970-03-09,Chinese,Asia Pacific,Australia,Melbourne,Sales,Senior Account Executive,G3,Remote,2019-10-06,,Active,Contractor,No,Not Applicable,Not Applicable,AUD,1.53,13704,15760,8957,10301,1,10.2,No,34.0,10.0,2022-08-06,85.0,Referral,,Yes,4.0,54,5.2,107484,123612,0
EMP0160,Michelle Suzuki,Female,1981-06-12,Indian,Asia Pacific,Australia,Melbourne,Finance,Finance Director,G6,Hybrid,2017-05-02,,Active,Full-Time,Yes,Not Applicable,Not Applicable,AUD,1.53,20565,23650,13441,15458,4,9.8,Yes,41.3,7.0,2023-09-28,91.0,Internal Transfer,27.0,Yes,4.0,43,7.7,161292,185496,0
EMP0161,Jessica Kim,Not Declared,1973-10-07,Thai,Asia Pacific,Australia,Melbourne,IT,Senior Software Engineer,G3,Hybrid,2018-06-08,,Active,Full-Time,Yes,Not Applicable,Not Applicable,AUD,1.53,11966,13761,7821,8994,3,8.5,Yes,73.7,9.0,2022-08-09,56.0,Job Board,87.0,Yes,4.0,51,6.6,93852,107928,0
EMP0162,Emma Chan,Not Declared,1981-08-19,British,Asia Pacific,Australia,Sydney,Delivery,Delivery Coordinator,G1,Hybrid,2020-04-22,,Active,Full-Time,Yes,Not Applicable,Not Applicable,AUD,1.53,6592,7581,4308,4955,3,9.9,No,59.2,5.0,2024-01-09,72.0,Job Board,26.0,Yes,,43,4.7,51696,59460,0
EMP0163,Koh Wu,Female,1991-02-24,Singaporean,Asia Pacific,Australia,Sydney,Sales,Senior Account Executive,G3,Hybrid,2021-05-24,,Active,Full-Time,Yes,Not Applicable,Not Applicable,AUD,1.53,13005,14956,8500,9775,4,14.7,No,60.0,10.0,2023-08-19,13.0,Job Board,90.0,Yes,5.0,33,3.6,102000,117300,0
EMP0164,Michael Santoso,Not Declared,1979-11-09,Hong Konger,Asia Pacific,Australia,Melbourne,Delivery,Project Analyst,G2,Hybrid,2022-04-16,,Active,Full-Time,Yes,Not Applicable,Not Applicable,AUD,1.53,9024,10378,5898,6783,5,9.8,Yes,39.9,3.0,2023-03-01,35.0,Linkedin,31.0,Yes,4.0,45,2.7,70776,81396,0
EMP0165,Tran Choi,Female,1985-04-07,Japanese,Asia Pacific,Australia,Melbourne,Legal,Senior Legal Counsel,G4,Remote,2022-10-13,,Active,Full-Time,Yes,Not Applicable,Not Applicable,AUD,1.53,14827,17051,9691,11144,5,12.0,No,61.4,2.0,2022-07-28,84.0,Linkedin,36.0,Yes,5.0,39,2.2,116292,133728,0
EMP0166,Jose Le,Male,1981-12-07,Indonesian,Asia Pacific,Australia,Melbourne,Delivery,Senior Project Manager,G4,Onsite,2019-10-03,,Active,Full-Time,Yes,Not Applicable,Not Applicable,AUD,1.53,15837,18213,10351,11904,3,12.0,Yes,35.1,8.0,2024-11-23,82.0,Agency,71.0,Yes,,43,5.2,124212,142848,0
EMP0167,Seo Santos,Not Declared,1983-08-27,Korean,Asia Pacific,Australia,Melbourne,Delivery,Project Analyst,G2,Hybrid,2022-02-19,,Active,Contractor,No,Not Applicable,Not Applicable,AUD,1.53,8289,9532,5418,6230,3,9.7,No,51.5,10.0,2024-06-24,73.0,Job Board,53.0,Yes,3.0,41,2.9,65016,74760,0
EMP0168,Tran Patel,Female,1998-02-15,Chinese,Asia Pacific,Australia,Sydney,Legal,Legal Assistant,G1,Hybrid,2019-01-22,,Terminated,Full-Time,Yes,Involuntary,Performance,AUD,1.53,7557,8691,4939,5680,4,2.1,Yes,6.3,3.0,2023-01-10,12.0,Job Board,25.0,Yes,3.0,26,5.9,59268,68160,1
EMP0169,Sarah Müller,Female,1975-10-21,Korean,Asia Pacific,Australia,Sydney,Marketing,Marketing Manager,G5,Onsite,2020-02-09,,Active,Full-Time,Yes,Not Applicable,Not Applicable,AUD,1.53,20148,23170,13169,15144,3,14.3,Yes,35.1,2.0,2024-01-27,61.0,Linkedin,30.0,Yes,3.0,49,4.9,158028,181728,0
EMP0170,Jose Dela Cruz,Not Declared,1975-12-16,Japanese,Asia Pacific,Australia,Melbourne,Finance,Senior Finance Analyst,G3,Onsite,2022-01-14,,Active,Full-Time,Yes,Not Applicable,Not Applicable,AUD,1.53,11533,13263,7538,8669,4,9.4,Yes,72.4,6.0,2022-04-04,96.0,Job Board,26.0,Yes,4.0,49,3.0,90456,104028,0
EMP0171,Chan Tanaka,Not Declared,1997-03-22,Indonesian,Asia Pacific,Australia,Melbourne,IT,Senior Software Engineer,G3,Remote,2017-04-06,,Active,Full-Time,Yes,Not Applicable,Not Applicable,AUD,1.53,11355,13058,7422,8535,4,5.7,Yes,78.5,9.0,2022-12-11,36.0,Referral,26.0,Yes,4.0,27,7.7,89064,102420,0
EMP0172,Kevin Dela Cruz,Female,1972-09-20,Indonesian,Asia Pacific,Australia,Sydney,IT,Senior Software Engineer,G3,Hybrid,2021-07-28,2022-04-10,Resigned,Full-Time,Yes,Voluntary,Relocation,AUD,1.53,12799,14719,8365,9620,4,4.6,Yes,,3.0,2021-10-19,79.0,Referral,69.0,No,2.0,52,0.7,100380,115440,1
EMP0173,Dewi Zhang,Male,1976-04-07,Korean,Asia Pacific,Australia,Melbourne,Marketing,Senior Marketing Manager,G6,Hybrid,2020-08-29,,Active,Contractor,Yes,Not Applicable,Not Applicable,AUD,1.53,21645,24892,14147,16269,3,3.9,No,38.4,4.0,2023-10-21,41.0,Job Board,57.0,Yes,4.0,48,4.3,169764,195228,0
EMP0174,Chen Dela Cruz,Male,1975-08-07,Vietnamese,Asia Pacific,Australia,Melbourne,Legal,Legal Manager,G5,Hybrid,2015-03-23,,Active,Expat,Yes,Not Applicable,Not Applicable,AUD,1.53,19509,22435,12751,14663,3,12.2,No,65.4,4.0,2023-04-25,98.0,Agency,,Yes,4.0,49,9.8,153012,175956,0
EMP0175,Ng Tran,Male,2001-01-31,Taiwanese,Asia Pacific,Australia,Melbourne,Marketing,Marketing Specialist,G3,Hybrid,2021-10-16,,Terminated,Full-Time,No,Involuntary,Redundancy,AUD,1.53,12700,14605,8301,9546,3,7.8,Yes,2.8,8.0,2021-01-11,27.0,Internal Transfer,43.0,No,2.0,23,3.2,99612,114552,1
EMP0176,Amanda Koh,Not Declared,1997-10-16,Vietnamese,Asia Pacific,Australia,Melbourne,Sales,Sales Executive,G1,Onsite,2019-12-17,2024-09-06,Resigned,Contractor,Yes,Voluntary,Relocation,AUD,1.53,7522,8650,4916,5654,2,9.2,Yes,,,,32.0,Internal Transfer,44.0,Yes,4.0,27,4.7,58992,67848,1
EMP0177,James Yang,Female,1988-11-19,Vietnamese,Asia Pacific,Australia,Sydney,Delivery,Project Manager,G3,Hybrid,2017-06-30,,Active,Full-Time,Yes,Not Applicable,Not Applicable,AUD,1.53,12476,14347,8154,9377,5,11.3,Yes,71.3,3.0,2022-10-29,52.0,Internal Transfer,62.0,No,4.0,36,7.5,97848,112524,0
EMP0178,Kavya Yamamoto,Not Declared,1983-06-11,Filipino,Asia Pacific,Australia,Melbourne,Legal,Legal Executive,G2,Remote,2019-06-22,2022-06-19,Resigned,Full-Time,Yes,Voluntary,Better Opportunity,AUD,1.53,9888,11371,6463,7432,5,5.0,No,11.1,5.0,,44.0,Referral,39.0,Yes,3.0,41,3.0,77556,89184,1
EMP0179,Tran Charoenwong,Female,1990-06-19,Malaysian,Asia Pacific,Australia,Sydney,Legal,Senior Legal Counsel,G4,Remote,2021-11-12,,Active,Contractor,Yes,Not Applicable,Not Applicable,AUD,1.53,15083,17345,9858,11337,5,11.9,No,32.7,6.0,2023-10-14,64.0,Referral,93.0,Yes,3.0,34,3.1,118296,136044,0
EMP0180,Amanda Williams,Female,1993-07-28,Korean,Asia Pacific,Australia,Melbourne,IT,Tech Lead,G4,Hybrid,2021-07-01,,Active,Full-Time,Yes,Not Applicable,Not Applicable,AUD,1.53,16457,18926,10756,12370,3,13.4,Yes,21.8,4.0,2023-09-19,48.0,Job Board,62.0,Yes,4.0,31,3.5,129072,148440,0
EMP0181,Kevin Müller,Male,1982-05-26,American,Asia Pacific,Australia,Sydney,Finance,Finance Assistant,G1,Hybrid,2021-03-31,,Active,Full-Time,Yes,Not Applicable,Not Applicable,AUD,1.53,6020,6923,3935,4525,4,11.5,No,18.5,10.0,2022-10-10,100.0,Internal Transfer,16.0,Yes,3.0,42,3.8,47220,54300,0
EMP0182,Jin Wu,Female,1990-03-09,British,Asia Pacific,Australia,Sydney,Marketing,Marketing Assistant,G1,Onsite,2020-06-09,,Active,Full-Time,Yes,Not Applicable,Not Applicable,AUD,1.53,6699,7704,4378,5035,4,5.3,Yes,36.4,7.0,2023-09-06,39.0,Linkedin,19.0,No,5.0,34,4.6,52536,60420,0
EMP0183,David Li,Male,1971-06-10,British,Asia Pacific,Australia,Sydney,Delivery,Project Manager,G3,Hybrid,2017-10-12,,Active,Contractor,Yes,Not Applicable,Not Applicable,AUD,1.53,11850,13627,7745,8907,3,7.9,Yes,32.0,1.0,2022-12-18,39.0,Job Board,29.0,Yes,4.0,53,7.2,92940,106884,0
EMP0184,Yuki Suzuki,Not Declared,1984-10-02,American,Asia Pacific,Australia,Melbourne,Marketing,Marketing Manager,G5,Hybrid,2015-06-10,,Active,Expat,Yes,Not Applicable,Not Applicable,AUD,1.53,19976,22972,13056,15014,3,10.5,No,26.6,10.0,2022-12-25,47.0,Referral,70.0,Yes,3.0,40,9.6,156672,180168,0
EMP0185,Tran Wijaya,Male,1992-08-17,Japanese,Asia Pacific,Australia,Melbourne,Sales,Account Executive,G2,Hybrid,2021-04-29,,Active,Full-Time,Yes,Not Applicable,Not Applicable,AUD,1.53,8089,9302,5287,6080,4,11.2,Yes,60.7,4.0,2024-03-23,13.0,Agency,32.0,Yes,4.0,32,3.7,63444,72960,0
EMP0186,Emma Chan,Not Declared,1979-09-12,Vietnamese,Asia Pacific,Australia,Sydney,Delivery,Delivery Coordinator,G1,Hybrid,2022-06-16,,Active,Full-Time,Yes,Not Applicable,Not Applicable,AUD,1.53,5472,6293,3576,4113,3,3.0,Yes,73.1,4.0,2022-07-07,11.0,Linkedin,58.0,Yes,2.0,45,2.5,42912,49356,0
EMP0187,Emma Kumar,Female,1970-07-16,Filipino,Asia Pacific,Australia,Sydney,Finance,Senior Finance Analyst,G3,Onsite,2020-02-15,,Active,Full-Time,Yes,Not Applicable,Not Applicable,AUD,1.53,11473,13194,7499,8624,3,4.5,Yes,78.7,2.0,2022-12-18,33.0,Linkedin,95.0,Yes,5.0,54,4.9,89988,103488,0
EMP0188,Wei Ong,Male,1983-11-09,Malaysian,Asia Pacific,Australia,Sydney,Delivery,Project Manager,G3,Onsite,2017-09-03,,Active,Full-Time,Yes,Not Applicable,Not Applicable,AUD,1.53,11839,13615,7738,8899,3,9.6,Yes,59.1,8.0,2023-11-05,22.0,Agency,20.0,Yes,4.0,41,7.3,92856,106788,0
EMP0189,Siti Jones,Male,1972-05-03,Taiwanese,Asia Pacific,Australia,Sydney,Finance,Senior Finance Manager,G5,Hybrid,2017-04-17,,Active,Full-Time,Yes,Not Applicable,Not Applicable,AUD,1.53,19552,22485,12779,14696,3,10.8,Yes,17.4,4.0,2023-09-13,36.0,Job Board,40.0,Yes,2.0,52,7.7,153348,176352,0
EMP0190,Somchai Dela Cruz,Female,1982-09-15,Filipino,Asia Pacific,Australia,Sydney,Marketing,Marketing Specialist,G3,Hybrid,2022-04-07,,Resigned,Full-Time,Yes,Voluntary,Personal Reason,AUD,1.53,13808,15879,9025,10378,5,14.6,Yes,38.5,6.0,2021-09-12,45.0,Referral,47.0,No,3.0,42,2.7,108300,124536,1
EMP0191,Ong Lim,Not Declared,1995-12-11,Taiwanese,Asia Pacific,Australia,Sydney,Sales,Account Executive,G2,Onsite,2023-04-24,,Active,Full-Time,Yes,Not Applicable,Not Applicable,AUD,1.53,10341,11892,6759,7773,4,2.8,No,67.1,5.0,2023-09-11,55.0,Internal Transfer,63.0,Yes,4.0,29,1.7,81108,93276,0
EMP0192,Jin Lee,Male,2001-08-01,Indian,Asia Pacific,Australia,Sydney,Finance,Senior Finance Analyst,G3,Hybrid,2019-05-21,,Active,Full-Time,Yes,Not Applicable,Not Applicable,AUD,1.53,11787,13555,7704,8859,4,3.9,No,35.1,11.0,2022-08-12,88.0,Referral,25.0,Yes,3.0,23,5.6,92448,106308,0
EMP0193,Jin Charoenwong,Female,1984-02-21,British,Asia Pacific,Australia,Melbourne,Finance,Senior Finance Manager,G5,Hybrid,2015-08-23,,Resigned,Contractor,Yes,Voluntary,Personal Reason,AUD,1.53,19995,22994,13069,15029,2,9.0,No,42.0,5.0,2023-09-01,53.0,Linkedin,56.0,Yes,2.0,40,9.4,156828,180348,1
EMP0194,Raj Lim,Not Declared,1992-08-20,Singaporean,Asia Pacific,Australia,Sydney,Finance,Senior Finance Analyst,G3,Hybrid,2022-03-28,,Active,Full-Time,Yes,Not Applicable,Not Applicable,AUD,1.53,11605,13346,7585,8723,4,3.6,Yes,61.2,11.0,2022-07-03,19.0,Linkedin,56.0,No,3.0,32,2.8,91020,104676,0
EMP0195,Chan Dela Cruz,Not Declared,1989-08-08,Japanese,Asia Pacific,Australia,Sydney,Finance,Finance Analyst,G2,Hybrid,2020-04-01,,Active,Full-Time,Yes,Not Applicable,Not Applicable,AUD,1.53,10439,12005,6823,7846,4,1.7,Yes,68.9,7.0,2022-01-04,38.0,Internal Transfer,64.0,No,3.0,35,4.8,81876,94152,0
EMP0196,Suresh Suwannarat,Male,1982-04-08,British,Asia Pacific,Australia,Sydney,Delivery,Project Manager,G3,Hybrid,2021-03-23,2023-06-06,Resigned,Full-Time,No,Voluntary,Better Opportunity,AUD,1.53,13401,15411,8759,10073,5,10.9,Yes,54.7,,,34.0,Job Board,65.0,Yes,3.0,42,2.2,105108,120876,1
EMP0197,Raj Huang,Not Declared,1974-07-29,Taiwanese,Asia Pacific,Australia,Sydney,Sales,Regional Sales Manager,G6,Hybrid,2019-10-16,,Active,Full-Time,Yes,Not Applicable,Not Applicable,AUD,1.53,19943,22934,13035,14990,3,7.1,No,12.9,9.0,2023-11-25,63.0,Referral,66.0,Yes,3.0,50,5.2,156420,179880,0
EMP0198,Tran Chen,Female,1998-10-09,Taiwanese,Asia Pacific,Australia,Melbourne,Marketing,Marketing Executive,G2,Hybrid,2020-01-23,,Active,Contractor,Yes,Not Applicable,Not Applicable,AUD,1.53,9207,10588,6018,6920,4,6.5,Yes,11.6,2.0,2023-01-14,46.0,Linkedin,83.0,No,2.0,26,4.9,72216,83040,0
EMP0199,Ravi Sharma,Male,1992-09-14,Thai,Asia Pacific,Australia,Sydney,Legal,Legal Director,G6,Hybrid,2015-01-01,,Active,Full-Time,Yes,Not Applicable,Not Applicable,AUD,1.53,22000,25300,14379,16536,5,4.4,Yes,14.6,8.0,2023-10-03,57.0,Agency,80.0,Yes,5.0,32,10.0,172548,198432,0
EMP0200,Ong Smith,Male,1994-01-15,Malaysian,Asia Pacific,Australia,Melbourne,HR,HR Specialist,G3,Remote,2019-03-01,,Active,Full-Time,Yes,Not Applicable,Not Applicable,AUD,1.53,13052,15010,8531,9810,4,2.5,No,28.0,7.0,2024-02-16,12.0,Internal Transfer,49.0,Yes,4.0,30,5.8,102372,117720,0
EMP0201,Amanda Santoso,Female,1994-09-28,Thai,Asia Pacific,Australia,Sydney,Marketing,Marketing Assistant,G1,Hybrid,2023-05-15,,Resigned,Full-Time,Yes,Voluntary,Health Reasons,AUD,1.53,6045,6952,3951,4544,4,10.7,No,,4.0,,78.0,Referral,68.0,Yes,5.0,30,1.6,47412,54528,1
EMP0202,Ahmad Lee,Male,1982-10-28,Chinese,Asia Pacific,Australia,Sydney,IT,Tech Lead,G4,Remote,2021-10-03,2023-10-11,Terminated,Full-Time,Yes,Involuntary,Misconduct,AUD,1.53,16366,18821,10697,12301,5,11.2,No,45.0,8.0,2021-03-28,77.0,Internal Transfer,37.0,Yes,4.0,42,2.0,128364,147612,1
EMP0203,Lee Müller,Male,1990-10-09,American,Asia Pacific,Australia,Sydney,Marketing,Senior Marketing Specialist,G4,Hybrid,2022-03-01,,Active,Full-Time,Yes,Not Applicable,Not Applicable,AUD,1.53,14704,16910,9610,11052,5,2.8,No,11.7,8.0,2023-02-09,18.0,Internal Transfer,67.0,Yes,3.0,34,2.8,115320,132624,0
EMP0204,Chan Ng,Female,1971-10-22,Indian,Asia Pacific,Australia,Melbourne,IT,Senior Software Engineer,G3,Remote,2018-10-19,,Terminated,Full-Time,Yes,Involuntary,Contract Ended,AUD,1.53,13233,15218,8649,9946,3,11.5,No,55.4,6.0,,63.0,Referral,79.0,Yes,2.0,53,6.2,103788,119352,1
EMP0205,Ji Guo,Male,1991-04-05,Korean,Asia Pacific,Australia,Sydney,Sales,Sales Manager,G4,Hybrid,2018-09-02,,Active,Full-Time,Yes,Not Applicable,Not Applicable,AUD,1.53,14794,17013,9669,11120,5,13.9,Yes,50.9,2.0,2022-04-15,44.0,Internal Transfer,44.0,Yes,2.0,33,6.3,116028,133440,0
EMP0206,Nguyen Smith,Female,1986-04-23,Indonesian,Asia Pacific,Australia,Sydney,Legal,Legal Assistant,G1,Onsite,2020-06-17,,Active,Full-Time,Yes,Not Applicable,Not Applicable,AUD,1.53,6323,7271,4133,4752,4,7.9,Yes,53.4,4.0,2024-02-26,18.0,Linkedin,92.0,Yes,5.0,38,4.5,49596,57024,0
EMP0207,Thomas Yang,Female,1973-01-14,Vietnamese,Asia Pacific,Australia,Sydney,IT,Senior Software Engineer,G3,Hybrid,2020-01-28,,Active,Full-Time,Yes,Not Applicable,Not Applicable,AUD,1.53,11414,13126,7460,8579,4,11.9,No,60.3,7.0,2024-10-10,72.0,Internal Transfer,36.0,Yes,4.0,52,4.9,89520,102948,0
EMP0208,Tran Lee,Not Declared,1980-09-07,Thai,Asia Pacific,Australia,Melbourne,HR,HR Specialist,G3,Remote,2020-01-13,,Active,Contractor,Yes,Not Applicable,Not Applicable,AUD,1.53,13956,16049,9122,10490,5,3.1,Yes,53.3,11.0,2024-01-26,39.0,Internal Transfer,32.0,Yes,3.0,44,5.0,109464,125880,0
EMP0209,Thomas Ong,Male,1996-02-03,Taiwanese,Asia Pacific,Australia,Melbourne,Sales,Senior Sales Manager,G5,Hybrid,2017-08-07,,Active,Expat,Yes,Not Applicable,Not Applicable,AUD,1.53,17983,20680,11754,13516,3,7.4,Yes,66.0,3.0,2023-01-22,61.0,Referral,17.0,Yes,5.0,28,7.4,141048,162192,0
EMP0210,Lee Sharma,Male,1982-01-03,Indian,Asia Pacific,Australia,Sydney,Delivery,Project Manager,G3,Remote,2018-03-12,,Resigned,Full-Time,Yes,Voluntary,Better Opportunity,AUD,1.53,12126,13945,7925,9114,3,3.7,Yes,32.6,,,8.0,Job Board,43.0,Yes,3.0,43,6.8,95100,109368,1
EMP0211,Priya Suzuki,Female,1993-10-18,Indonesian,Asia Pacific,Australia,Melbourne,Marketing,Marketing Executive,G2,Hybrid,2022-05-20,,Active,Full-Time,Yes,Not Applicable,Not Applicable,AUD,1.53,10271,11812,6713,7720,3,7.5,Yes,24.2,12.0,2022-06-06,81.0,Referral,33.0,Yes,4.0,31,2.6,80556,92640,0
EMP0212,Tan Charoenwong,Male,1987-03-11,Filipino,Asia Pacific,Australia,Melbourne,Marketing,Marketing Specialist,G3,Onsite,2019-08-01,,Active,Full-Time,Yes,Not Applicable,Not Applicable,AUD,1.53,12437,14303,8129,9348,4,10.4,No,57.4,4.0,2024-01-11,10.0,Linkedin,75.0,No,2.0,37,5.4,97548,112176,0
EMP0213,Fang Patel,Not Declared,1973-04-23,Vietnamese,Asia Pacific,Australia,Sydney,Sales,Senior Account Executive,G3,Hybrid,2021-02-05,,Active,Full-Time,Yes,Not Applicable,Not Applicable,AUD,1.53,11324,13023,7401,8512,4,6.2,No,39.7,3.0,2024-12-16,73.0,Agency,58.0,Yes,1.0,51,3.9,88812,102144,0
EMP0214,Ahmad Kim,Male,1979-07-04,Filipino,Asia Pacific,Australia,Melbourne,Marketing,Marketing Assistant,G1,Hybrid,2019-11-13,,Active,Intern,Yes,Not Applicable,Not Applicable,AUD,1.53,6192,7121,4047,4654,4,12.4,Yes,65.1,11.0,2024-05-18,28.0,Linkedin,61.0,Yes,1.0,45,5.1,48564,55848,0
EMP0215,Wei Santoso,Female,1992-06-09,Malaysian,Asia Pacific,Australia,Melbourne,Legal,Senior Legal Counsel,G4,Remote,2018-02-03,2024-03-25,Resigned,Full-Time,No,Voluntary,Personal Reason,AUD,1.53,15729,18088,10280,11822,4,12.8,Yes,,1.0,2022-04-20,65.0,Referral,35.0,No,5.0,32,6.1,123360,141864,1
EMP0216,Arun Yang,Male,1970-09-02,Indian,Asia Pacific,Australia,Sydney,Sales,Senior Sales Manager,G5,Hybrid,2020-02-06,,Terminated,Full-Time,Yes,Involuntary,Contract Ended,AUD,1.53,17773,20439,11616,13359,4,6.9,No,45.8,2.0,2023-09-27,,Agency,94.0,No,3.0,54,4.9,139392,160308,1
EMP0217,Budi Dela Cruz,Female,1973-04-10,Malaysian,Asia Pacific,Australia,Sydney,IT,Engineering Manager,G5,Hybrid,2020-04-02,2024-12-31,Resigned,Full-Time,No,Voluntary,Personal Reason,AUD,1.53,20089,23102,13130,15099,4,3.0,No,59.8,7.0,,44.0,Job Board,42.0,Yes,,51,4.7,157560,181188,1
EMP0218,Chan Johnson,Not Declared,1979-08-09,Taiwanese,Asia Pacific,Australia,Sydney,Legal,Legal Executive,G2,Hybrid,2023-10-22,,Active,Full-Time,Yes,Not Applicable,Not Applicable,AUD,1.53,8338,9589,5450,6267,3,6.3,Yes,56.4,3.0,2024-06-13,42.0,Internal Transfer,16.0,Yes,3.0,45,1.2,65400,75204,0
EMP0219,Ng Kumar,Male,1998-06-15,Vietnamese,Asia Pacific,Australia,Sydney,Delivery,Senior Delivery Manager,G6,Hybrid,2017-02-07,,Active,Full-Time,Yes,Not Applicable,Not Applicable,AUD,1.53,20242,23278,13230,15214,3,5.2,No,77.9,10.0,2022-01-30,43.0,Agency,,No,5.0,26,7.9,158760,182568,0
EMP0220,Wong Wu,Female,2001-06-30,Hong Konger,Asia Pacific,Australia,Sydney,Sales,Sales Executive,G1,Remote,2020-03-01,,Active,Full-Time,Yes,Not Applicable,Not Applicable,AUD,1.53,7876,9057,5148,5920,2,11.2,Yes,45.4,11.0,2024-06-28,55.0,Linkedin,68.0,Yes,4.0,23,4.8,61776,71040,0
EMP0221,Seo Lin,Female,1971-06-20,Singaporean,Asia Pacific,Australia,Melbourne,HR,HR Executive,G2,Remote,2024-10-26,,Active,Contractor,Yes,Not Applicable,Not Applicable,AUD,1.53,8801,10121,5752,6615,5,14.9,Yes,78.0,4.0,2024-03-16,85.0,Internal Transfer,64.0,No,5.0,53,0.2,69024,79380,0
EMP0222,Tan Tanaka,Not Declared,2001-09-27,Chinese,Asia Pacific,Australia,Sydney,HR,HR Specialist,G3,Onsite,2018-06-19,,Active,Intern,Yes,Not Applicable,Not Applicable,AUD,1.53,13405,15416,8761,10076,3,9.8,Yes,18.7,4.0,2024-02-14,79.0,Linkedin,33.0,Yes,4.0,23,6.5,105132,120912,0
EMP0223,Maria Yang,Male,1978-01-24,Thai,Asia Pacific,Australia,Sydney,HR,Senior HR Business Partner,G5,Hybrid,2018-11-05,,Active,Contractor,Yes,Not Applicable,Not Applicable,AUD,1.53,19250,22138,12582,14469,4,2.4,No,74.4,4.0,2022-03-02,58.0,Internal Transfer,34.0,No,5.0,46,6.2,150984,173628,0
EMP0224,Yuki Li,Not Declared,1983-12-24,Indian,Asia Pacific,Australia,Melbourne,Sales,Account Executive,G2,Hybrid,2024-01-02,,Active,Full-Time,Yes,Not Applicable,Not Applicable,AUD,1.53,10109,11625,6607,7598,4,9.1,Yes,47.1,6.0,2022-05-12,50.0,Linkedin,47.0,Yes,5.0,41,1.0,79284,91176,0
EMP0225,Maria Ong,Female,1982-09-21,Hong Konger,Asia Pacific,Australia,Sydney,Finance,Senior Finance Analyst,G3,Onsite,2017-11-03,,Active,Full-Time,Yes,Not Applicable,Not Applicable,AUD,1.53,13145,15117,8592,9880,3,12.2,Yes,7.8,8.0,2024-10-18,14.0,Agency,30.0,No,4.0,42,7.2,103104,118560,0
EMP0226,Nguyen Reyes,Female,1984-03-24,Japanese,Asia Pacific,Australia,Melbourne,Legal,Legal Counsel,G3,Hybrid,2017-07-12,,Active,Full-Time,Yes,Not Applicable,Not Applicable,AUD,1.53,12526,14405,8187,9415,4,14.5,No,32.4,10.0,2022-07-30,13.0,Linkedin,32.0,Yes,4.0,40,7.5,98244,112980,0
EMP0227,Haruto Tran,Male,1996-03-04,Vietnamese,Asia Pacific,Australia,Sydney,HR,HR Assistant,G1,Onsite,2023-08-20,,Active,Intern,Yes,Not Applicable,Not Applicable,AUD,1.53,6759,7773,4418,5080,3,7.2,Yes,25.3,12.0,2024-09-15,30.0,Agency,25.0,Yes,3.0,28,1.4,53016,60960,0
EMP0228,Dewi Williams,Not Declared,1974-09-28,American,Asia Pacific,Australia,Melbourne,Finance,Finance Analyst,G2,Hybrid,2024-01-28,,Active,Contractor,Yes,Not Applicable,Not Applicable,AUD,1.53,10012,11514,6544,7525,3,4.2,No,27.3,10.0,2022-07-29,23.0,Linkedin,45.0,Yes,3.0,50,0.9,78528,90300,0
EMP0229,Yuki Wong,Not Declared,1997-04-01,Vietnamese,Asia Pacific,Australia,Sydney,Marketing,Marketing Specialist,G3,Onsite,2018-03-31,,Active,Full-Time,Yes,Not Applicable,Not Applicable,AUD,1.53,11387,13095,7442,8559,3,1.0,Yes,21.2,10.0,2024-04-08,45.0,Linkedin,49.0,Yes,3.0,27,6.8,89304,102708,0
EMP0230,Wong Brown,Male,1977-12-18,Thai,Asia Pacific,Australia,Sydney,HR,HR Executive,G2,Onsite,2024-04-24,,Active,Full-Time,Yes,Not Applicable,Not Applicable,AUD,1.53,8563,9847,5597,6436,2,12.3,Yes,79.3,4.0,2024-12-11,55.0,Referral,27.0,Yes,4.0,47,0.7,67164,77232,0
EMP0231,Tan Singh,Female,1979-11-18,Taiwanese,Asia Pacific,Australia,Sydney,Finance,Finance Analyst,G2,Hybrid,2023-10-31,,Active,Full-Time,Yes,Not Applicable,Not Applicable,AUD,1.53,8417,9680,5501,6327,5,9.6,No,70.7,11.0,2024-07-09,99.0,Internal Transfer,59.0,No,4.0,45,1.2,66012,75924,0
EMP0232,Amanda Le,Male,1983-08-15,Vietnamese,Asia Pacific,Australia,Melbourne,Legal,Legal Assistant,G1,Hybrid,2019-06-17,2021-05-02,Resigned,Full-Time,Yes,Voluntary,Personal Reason,AUD,1.53,7136,8206,4664,5363,1,3.8,Yes,51.5,8.0,,,Agency,40.0,Yes,3.0,41,1.9,55968,64356,1
EMP0233,Somchai Tan,Male,1983-07-04,Thai,Asia Pacific,Australia,Melbourne,HR,HR Executive,G2,Onsite,2023-03-20,,Resigned,Contractor,Yes,Voluntary,Better Opportunity,AUD,1.53,9754,11217,6375,7331,3,5.3,Yes,27.7,0.0,2023-05-13,,Referral,53.0,Yes,3.0,41,1.8,76500,87972,1
EMP0234,Arun Brown,Male,1975-06-13,Korean,Asia Pacific,Australia,Sydney,Marketing,Senior Marketing Specialist,G4,Onsite,2022-10-16,,Active,Full-Time,Yes,Not Applicable,Not Applicable,AUD,1.53,16037,18443,10482,12054,3,10.1,No,26.9,5.0,2022-01-14,83.0,Internal Transfer,29.0,Yes,5.0,49,2.2,125784,144648,0
EMP0235,Lakshmi Chen,Male,1978-04-16,Indian,Asia Pacific,Australia,Sydney,Sales,Sales Manager,G4,Hybrid,2019-04-01,,Active,Full-Time,No,Not Applicable,Not Applicable,AUD,1.53,16506,18982,10788,12407,5,7.4,No,33.7,12.0,2022-08-08,52.0,Job Board,51.0,Yes,1.0,46,5.8,129456,148884,0
EMP0236,Amanda Dela Cruz,Male,1999-06-04,Indian,Asia Pacific,Australia,Melbourne,Legal,Senior Legal Counsel,G4,Hybrid,2018-07-28,,Active,Full-Time,Yes,Not Applicable,Not Applicable,AUD,1.53,15514,17841,10140,11661,3,13.7,Yes,32.6,8.0,2023-01-05,62.0,Internal Transfer,82.0,Yes,4.0,25,6.4,121680,139932,0
EMP0237,Ng Dela Cruz,Female,1972-11-20,Singaporean,Asia Pacific,Australia,Sydney,Marketing,Marketing Executive,G2,Remote,2019-10-26,,Active,Full-Time,Yes,Not Applicable,Not Applicable,AUD,1.53,9607,11048,6279,7221,1,2.6,No,38.2,3.0,2023-02-14,28.0,Job Board,51.0,Yes,4.0,52,5.2,75348,86652,0
EMP0238,Michael Müller,Not Declared,1995-01-23,British,Asia Pacific,Australia,Melbourne,Finance,Finance Manager,G4,Hybrid,2021-03-21,,Active,Contractor,Yes,Not Applicable,Not Applicable,AUD,1.53,15036,17291,9827,11301,4,1.5,Yes,7.9,9.0,2023-11-09,12.0,Agency,47.0,No,5.0,29,3.8,117924,135612,0
EMP0239,Somchai Ng,Male,1976-04-01,Malaysian,Asia Pacific,Australia,Melbourne,Marketing,Senior Marketing Specialist,G4,Remote,2017-09-13,,Active,Full-Time,Yes,Not Applicable,Not Applicable,AUD,1.53,17269,19859,11287,12980,5,10.5,No,6.7,2.0,2024-05-02,64.0,Internal Transfer,85.0,Yes,4.0,48,7.3,135444,155760,0
EMP0240,Ong Singh,Male,1987-05-14,Japanese,Asia Pacific,Australia,Melbourne,IT,Tech Lead,G4,Onsite,2018-07-19,,Active,Full-Time,Yes,Not Applicable,Not Applicable,AUD,1.53,16365,18820,10696,12301,5,5.3,Yes,73.8,4.0,2023-04-21,18.0,Linkedin,83.0,Yes,1.0,37,6.5,128352,147612,0
EMP0241,Jessica Santoso,Male,1989-11-23,Korean,Asia Pacific,Australia,Melbourne,Legal,Legal Manager,G5,Remote,2017-09-27,,Active,Full-Time,Yes,Not Applicable,Not Applicable,AUD,1.53,19478,22400,12731,14641,4,0.8,No,57.6,10.0,2024-09-22,35.0,Referral,81.0,Yes,3.0,35,7.3,152772,175692,0
EMP0242,Jessica Singh,Female,1989-12-01,Singaporean,Asia Pacific,Australia,Sydney,Finance,Finance Analyst,G2,Onsite,2024-12-21,,Active,Full-Time,Yes,Not Applicable,Not Applicable,AUD,1.53,9363,10767,6120,7037,3,0.4,Yes,71.9,5.0,2023-03-20,78.0,Agency,94.0,Yes,4.0,35,0.0,73440,84444,0
EMP0243,Ji Tan,Female,2000-08-14,Thai,Asia Pacific,Australia,Melbourne,HR,HR Manager,G6,Hybrid,2019-06-05,,Active,Full-Time,No,Not Applicable,Not Applicable,AUD,1.53,20521,23599,13412,15424,3,9.8,No,4.9,5.0,2023-10-20,85.0,Referral,17.0,Yes,5.0,24,5.6,160944,185088,0
EMP0244,Min Chen,Male,2000-09-13,Chinese,Asia Pacific,Australia,Melbourne,Sales,Senior Account Executive,G3,Hybrid,2019-07-23,,Active,Full-Time,Yes,Not Applicable,Not Applicable,AUD,1.53,11995,13794,7840,9016,3,10.2,No,30.9,12.0,2022-04-02,64.0,Agency,79.0,Yes,3.0,24,5.4,94080,108192,0
EMP0245,Li Lee,Female,1976-09-24,American,Asia Pacific,Australia,Sydney,Marketing,Marketing Assistant,G1,Remote,2024-09-23,,Active,Intern,Yes,Not Applicable,Not Applicable,AUD,1.53,7471,8592,4883,5616,4,14.1,Yes,48.3,11.0,2022-11-04,44.0,Linkedin,43.0,Yes,4.0,48,0.3,58596,67392,0
EMP0246,Tran Wu,Female,1986-03-27,Australian,Asia Pacific,Australia,Sydney,Legal,Legal Counsel,G3,Remote,2022-06-07,,Active,Full-Time,Yes,Not Applicable,Not Applicable,AUD,1.53,12429,14293,8124,9342,4,12.4,Yes,44.9,7.0,2022-10-10,64.0,Agency,30.0,Yes,5.0,38,2.6,97488,112104,0
EMP0247,Li Wu,Male,1975-12-09,Chinese,Asia Pacific,Australia,Melbourne,Sales,Senior Account Executive,G3,Remote,2020-12-22,,Active,Full-Time,Yes,Not Applicable,Not Applicable,AUD,1.53,11947,13739,7808,8980,3,5.1,No,29.6,10.0,2022-08-09,99.0,Linkedin,60.0,No,4.0,49,4.0,93696,107760,0
EMP0248,Thomas Wong,Not Declared,1982-07-13,Japanese,Asia Pacific,Australia,Melbourne,HR,HR Executive,G2,Hybrid,2024-10-21,,Active,Contractor,Yes,Not Applicable,Not Applicable,AUD,1.53,10186,11714,6658,7656,3,4.8,Yes,17.6,3.0,2022-03-27,83.0,Referral,50.0,Yes,2.0,42,0.2,79896,91872,0
EMP0249,Li Suzuki,Not Declared,1994-02-17,Japanese,Asia Pacific,Australia,Sydney,Finance,Finance Assistant,G1,Hybrid,2022-02-28,,Active,Contractor,Yes,Not Applicable,Not Applicable,AUD,1.53,7331,8431,4792,5510,4,12.5,Yes,12.3,12.0,2022-09-03,50.0,Job Board,26.0,Yes,4.0,30,2.8,57504,66120,0
EMP0250,Amanda Suwannarat,Not Declared,1999-08-28,British,Asia Pacific,Australia,Sydney,Delivery,Delivery Coordinator,G1,Hybrid,2023-03-21,,Active,Contractor,Yes,Not Applicable,Not Applicable,AUD,1.53,5872,6753,3838,4414,3,7.3,Yes,41.8,3.0,2023-02-11,67.0,Linkedin,42.0,Yes,4.0,25,1.8,46056,52968,0
EMP0251,Yuki Suzuki,Female,1983-04-03,Australian,Asia Pacific,Australia,Melbourne,Finance,Finance Assistant,G1,Hybrid,2024-01-06,,Active,Full-Time,Yes,Not Applicable,Not Applicable,AUD,1.53,5655,6503,3696,4250,3,4.8,Yes,57.0,12.0,2022-09-20,80.0,Job Board,77.0,No,1.0,41,1.0,44352,51000,0
EMP0252,Seo Ong,Male,1994-01-17,Malaysian,Asia Pacific,Australia,Melbourne,Sales,Senior Account Executive,G3,Hybrid,2017-03-23,,Active,Intern,Yes,Not Applicable,Not Applicable,AUD,1.53,12321,14169,8053,9261,4,5.0,Yes,62.2,2.0,2022-04-11,57.0,Agency,35.0,Yes,4.0,30,7.8,96636,111132,0
EMP0253,Priya Tran,Female,1999-05-25,Filipino,Asia Pacific,Australia,Melbourne,Finance,Finance Manager,G4,Remote,2017-11-10,,Active,Full-Time,Yes,Not Applicable,Not Applicable,AUD,1.53,16764,19279,10957,12601,3,0.2,No,50.0,3.0,2022-07-15,76.0,Job Board,92.0,Yes,4.0,25,7.1,131484,151212,0
EMP0254,Fang Park,Female,1980-01-20,Hong Konger,Asia Pacific,Australia,Sydney,HR,HR Executive,G2,Hybrid,2024-05-06,,Active,Full-Time,No,Not Applicable,Not Applicable,AUD,1.53,8794,10113,5748,6610,4,14.6,Yes,16.9,8.0,2023-05-27,18.0,Job Board,75.0,Yes,4.0,44,0.7,68976,79320,0
EMP0255,Maria Williams,Not Declared,1994-11-20,British,Asia Pacific,Australia,Sydney,Delivery,Senior Delivery Manager,G6,Remote,2019-10-10,,Active,Full-Time,Yes,Not Applicable,Not Applicable,AUD,1.53,21849,25126,14280,16422,3,11.2,Yes,37.3,2.0,2022-03-21,90.0,Job Board,82.0,Yes,4.0,30,5.2,171360,197064,0
EMP0256,Suresh Nguyen,Male,1984-10-23,American,Asia Pacific,Australia,Sydney,Delivery,Senior Project Manager,G4,Hybrid,2022-04-25,,Active,Full-Time,Yes,Not Applicable,Not Applicable,AUD,1.53,15099,17364,9869,11349,2,14.7,Yes,18.3,12.0,2022-07-12,58.0,Agency,94.0,Yes,3.0,40,2.7,118428,136188,0
EMP0257,Kavya Lim,Male,1982-07-24,Indian,Asia Pacific,Australia,Sydney,Legal,Legal Counsel,G3,Onsite,2021-04-18,,Active,Full-Time,Yes,Not Applicable,Not Applicable,AUD,1.53,12901,14836,8432,9697,3,12.1,No,54.8,8.0,2023-03-05,25.0,Referral,26.0,No,3.0,42,3.7,101184,116364,0
EMP0258,Amanda Zhang,Male,1977-06-14,Taiwanese,Asia Pacific,Australia,Sydney,Sales,Account Executive,G2,Remote,2023-12-14,,Active,Full-Time,Yes,Not Applicable,Not Applicable,AUD,1.53,9754,11217,6375,7331,4,6.5,Yes,5.9,6.0,2024-08-12,79.0,Agency,42.0,Yes,5.0,47,1.1,76500,87972,0
EMP0259,Lee Brown,Female,1982-04-20,Taiwanese,Asia Pacific,Australia,Sydney,HR,HR Manager,G6,Remote,2020-04-12,,Active,Contractor,Yes,Not Applicable,Not Applicable,AUD,1.53,21124,24293,13807,15878,3,13.1,No,65.4,1.0,2024-01-27,13.0,Referral,37.0,Yes,4.0,42,4.7,165684,190536,0
EMP0260,Fang Kim,Female,1988-09-04,British,Asia Pacific,Australia,Sydney,Delivery,Senior Project Manager,G4,Hybrid,2022-08-17,,Active,Full-Time,Yes,Not Applicable,Not Applicable,AUD,1.53,15159,17433,9908,11394,1,9.1,No,35.1,11.0,2022-01-07,38.0,Internal Transfer,58.0,Yes,2.0,36,2.4,118896,136728,0
EMP0261,Raj Tan,Female,2001-08-31,Thai,Asia Pacific,Australia,Melbourne,Finance,Finance Analyst,G2,Hybrid,2021-02-10,,Active,Full-Time,Yes,Not Applicable,Not Applicable,AUD,1.53,10554,12137,6898,7933,3,6.6,Yes,31.0,6.0,2023-12-16,80.0,Internal Transfer,95.0,Yes,5.0,23,3.9,82776,95196,0
EMP0262,Sophie Nguyen,Male,1993-03-12,Taiwanese,Asia Pacific,Australia,Sydney,Delivery,Project Analyst,G2,Hybrid,2022-08-15,,Active,Full-Time,Yes,Not Applicable,Not Applicable,AUD,1.53,9490,10914,6203,7133,1,10.5,Yes,70.1,1.0,2022-11-22,48.0,Agency,27.0,Yes,3.0,31,2.4,74436,85596,0
EMP0263,Kevin Li,Female,1995-11-27,Filipino,Asia Pacific,Australia,Sydney,Marketing,Marketing Assistant,G1,Remote,2024-11-16,2024-12-31,Terminated,Full-Time,No,Involuntary,Performance,AUD,1.53,6181,7108,4040,4646,4,12.0,Yes,,,,24.0,Linkedin,41.0,Yes,3.0,29,0.1,48480,55752,1
EMP0264,Budi Lin,Female,1996-10-11,Filipino,Asia Pacific,Australia,Melbourne,Marketing,Marketing Assistant,G1,Onsite,2019-04-21,,Active,Full-Time,Yes,Not Applicable,Not Applicable,AUD,1.53,7429,8543,4856,5584,3,5.1,No,50.4,7.0,2022-06-08,68.0,Referral,20.0,No,3.0,28,5.7,58272,67008,0
EMP0265,Wei Lee,Not Declared,1992-09-28,Filipino,Asia Pacific,Australia,Melbourne,Delivery,Project Manager,G3,Onsite,2021-07-04,,Active,Full-Time,Yes,Not Applicable,Not Applicable,AUD,1.53,12446,14313,8135,9355,4,1.7,No,73.0,9.0,2024-02-03,80.0,Agency,61.0,Yes,4.0,32,3.5,97620,112260,0
EMP0266,Ong Wijaya,Female,2000-04-12,Thai,Asia Pacific,Australia,Melbourne,Sales,Sales Manager,G4,Hybrid,2021-01-01,,Active,Full-Time,Yes,Not Applicable,Not Applicable,AUD,1.53,15500,17825,10131,11650,1,1.7,No,44.4,7.0,2023-05-25,26.0,Internal Transfer,33.0,Yes,3.0,24,4.0,121572,139800,0
EMP0267,Ahmad Charoenwong,Female,1988-12-14,Filipino,Asia Pacific,Australia,Melbourne,HR,HR Executive,G2,Onsite,2019-11-21,,Active,Contractor,Yes,Not Applicable,Not Applicable,AUD,1.53,8207,9438,5364,6169,3,3.9,Yes,43.1,4.0,2022-04-11,44.0,Job Board,70.0,No,3.0,36,5.1,64368,74028,0
EMP0268,Min Wang,Not Declared,1990-08-31,Hong Konger,Asia Pacific,Australia,Melbourne,IT,Senior Software Engineer,G3,Onsite,2022-05-03,,Active,Contractor,Yes,Not Applicable,Not Applicable,AUD,1.53,12216,14048,7984,9182,3,6.7,Yes,60.4,4.0,2024-12-26,73.0,Job Board,19.0,Yes,2.0,34,2.7,95808,110184,0
EMP0269,Koh Jones,Female,1994-02-11,Indian,Asia Pacific,Australia,Sydney,IT,Senior Software Engineer,G3,Hybrid,2019-06-14,,Active,Full-Time,Yes,Not Applicable,Not Applicable,AUD,1.53,12077,13889,7893,9078,5,11.5,No,78.4,9.0,2024-04-16,42.0,Referral,91.0,No,4.0,30,5.6,94716,108936,0
EMP0270,Ravi Williams,Male,1987-03-13,Hong Konger,Asia Pacific,Australia,Melbourne,Delivery,Project Manager,G3,Hybrid,2017-04-29,,Active,Full-Time,Yes,Not Applicable,Not Applicable,AUD,1.53,12976,14922,8481,9753,5,9.0,No,75.9,6.0,2023-05-27,25.0,Job Board,62.0,Yes,4.0,37,7.7,101772,117036,0
EMP0271,Ji Wong,Not Declared,1998-10-09,Australian,Asia Pacific,Australia,Melbourne,Sales,Senior Account Executive,G3,Remote,2018-10-15,,Active,Full-Time,Yes,Not Applicable,Not Applicable,AUD,1.53,11480,13202,7503,8629,4,10.2,Yes,43.5,8.0,2024-02-29,16.0,Job Board,83.0,Yes,4.0,26,6.2,90036,103548,0
EMP0272,Kavya Chen,Female,1988-07-09,Taiwanese,Asia Pacific,Australia,Sydney,Legal,Legal Assistant,G1,Onsite,2021-05-10,,Active,Full-Time,Yes,Not Applicable,Not Applicable,AUD,1.53,7227,8311,4724,5432,3,10.6,No,61.5,6.0,2023-08-28,72.0,Agency,48.0,Yes,4.0,36,3.6,56688,65184,0
EMP0273,Somchai Yang,Male,1996-02-29,Thai,Asia Pacific,Australia,Melbourne,Finance,Senior Finance Analyst,G3,Hybrid,2022-09-15,,Terminated,Full-Time,Yes,Involuntary,Misconduct,AUD,1.53,12887,14820,8423,9686,4,7.9,Yes,38.9,7.0,,1.0,Linkedin,54.0,Yes,4.0,28,2.3,101076,116232,1
EMP0274,Jose Müller,Not Declared,1993-12-27,British,Asia Pacific,Australia,Sydney,Delivery,Project Manager,G3,Remote,2017-08-18,,Active,Full-Time,Yes,Not Applicable,Not Applicable,AUD,1.53,11956,13749,7814,8986,4,2.7,No,69.2,4.0,2024-07-23,26.0,Internal Transfer,50.0,Yes,5.0,31,7.4,93768,107832,0
EMP0275,Suresh Jones,Male,1996-02-04,Filipino,Asia Pacific,Australia,Melbourne,Sales,Senior Sales Manager,G5,Onsite,2017-03-08,,Active,Full-Time,Yes,Not Applicable,Not Applicable,AUD,1.53,19635,22580,12833,14758,5,3.8,Yes,24.6,11.0,2022-12-28,40.0,Job Board,53.0,Yes,3.0,28,7.8,153996,177096,0
EMP0276,Emma Ng,Male,1979-07-26,Thai,Asia Pacific,Australia,Melbourne,Marketing,Marketing Executive,G2,Hybrid,2022-05-14,,Active,Contractor,Yes,Not Applicable,Not Applicable,AUD,1.53,9718,11176,6352,7305,3,2.9,No,17.1,3.0,2022-11-18,39.0,Internal Transfer,91.0,Yes,3.0,45,2.6,76224,87660,0
EMP0277,James Williams,Male,2001-08-05,Malaysian,Asia Pacific,Australia,Melbourne,Finance,Finance Manager,G4,Hybrid,2021-03-10,,Active,Full-Time,Yes,Not Applicable,Not Applicable,AUD,1.53,15730,18090,10281,11824,4,11.1,No,50.9,8.0,2023-07-16,20.0,Referral,76.0,No,5.0,23,3.8,123372,141888,0
EMP0278,Siti Suwannarat,Female,1976-10-22,British,Asia Pacific,Australia,Sydney,Finance,Senior Finance Analyst,G3,Onsite,2021-12-01,,Active,Full-Time,Yes,Not Applicable,Not Applicable,AUD,1.53,13365,15370,8735,10046,3,8.0,Yes,5.7,2.0,2023-10-05,96.0,Agency,72.0,No,3.0,48,3.1,104820,120552,0
EMP0279,Li Yamamoto,Male,1992-08-14,British,Asia Pacific,Australia,Melbourne,Sales,Account Executive,G2,Hybrid,2022-09-29,,Active,Full-Time,Yes,Not Applicable,Not Applicable,AUD,1.53,9428,10842,6162,7086,5,11.7,Yes,64.7,2.0,2024-08-17,65.0,Referral,70.0,Yes,5.0,32,2.3,73944,85032,0
EMP0280,Sarah Nguyen,Not Declared,2000-04-04,Japanese,Asia Pacific,Australia,Sydney,Legal,Legal Counsel,G3,Onsite,2020-12-23,,Active,Contractor,Yes,Not Applicable,Not Applicable,AUD,1.53,12859,14788,8405,9665,3,2.2,Yes,11.7,9.0,2022-03-22,80.0,Internal Transfer,23.0,Yes,3.0,24,4.0,100860,115980,0
EMP0281,Arjun Johnson,Male,1979-03-24,Japanese,Asia Pacific,India,Mumbai,IT,Senior Software Engineer,G3,Hybrid,2018-12-19,,Active,Full-Time,Yes,Not Applicable,Not Applicable,INR,83.0,253688,291741,3056,3515,3,3.1,No,60.3,6.0,2023-10-11,47.0,Referral,79.0,Yes,3.0,45,6.0,36672,42180,0
EMP0282,Michael Singh,Female,1999-01-15,American,Asia Pacific,India,Mumbai,Legal,Legal Assistant,G1,Hybrid,2019-02-07,,Active,Full-Time,Yes,Not Applicable,Not Applicable,INR,83.0,109045,125402,1314,1511,4,0.9,No,69.8,11.0,2023-08-24,43.0,Job Board,68.0,No,5.0,25,5.9,15768,18132,0
EMP0283,Priya Park,Not Declared,1993-07-23,Indian,Asia Pacific,India,Bangalore,Finance,Finance Assistant,G1,Remote,2020-01-13,,Active,Full-Time,Yes,Not Applicable,Not Applicable,INR,83.0,128749,148061,1551,1784,3,6.2,No,37.5,10.0,2022-01-02,38.0,Job Board,47.0,Yes,3.0,31,5.0,18612,21408,0
EMP0284,Nguyen Koh,Male,1999-07-31,Thai,Asia Pacific,India,Bangalore,Legal,Senior Legal Counsel,G4,Onsite,2022-10-31,,Terminated,Full-Time,Yes,Involuntary,Performance,INR,83.0,348215,400447,4195,4825,5,0.5,No,2.9,,,,Linkedin,45.0,Yes,4.0,25,2.2,50340,57900,1
EMP0285,Somchai Charoenwong,Female,1994-08-16,Vietnamese,Asia Pacific,India,Bangalore,Delivery,Delivery Coordinator,G1,Onsite,2021-12-12,,Active,Full-Time,Yes,Not Applicable,Not Applicable,INR,83.0,105245,121032,1268,1458,5,1.9,No,38.8,2.0,2022-09-04,60.0,Agency,59.0,Yes,5.0,30,3.1,15216,17496,0
EMP0286,Amanda Lee,Male,2000-07-09,Indian,Asia Pacific,India,Delhi,Delivery,Project Manager,G3,Hybrid,2018-09-15,,Terminated,Full-Time,No,Involuntary,Performance,INR,83.0,281369,323574,3390,3898,5,13.4,Yes,,0.0,,53.0,Referral,93.0,Yes,4.0,24,6.3,40680,46776,1
EMP0287,Ong Lim,Male,2000-02-26,Thai,Asia Pacific,India,Delhi,Sales,Account Executive,G2,Hybrid,2022-06-28,,Active,Full-Time,Yes,Not Applicable,Not Applicable,INR,83.0,169588,195026,2043,2350,3,6.6,No,45.1,10.0,2024-07-19,24.0,Agency,20.0,Yes,3.0,24,2.5,24516,28200,0
EMP0288,Lim Smith,Male,1982-07-27,British,Asia Pacific,India,Bangalore,Delivery,Senior Project Manager,G4,Onsite,2020-09-08,,Resigned,Full-Time,Yes,Voluntary,Personal Reason,INR,83.0,342138,393459,4122,4740,4,10.0,Yes,42.5,6.0,2023-02-23,,Linkedin,27.0,Yes,4.0,42,4.3,49464,56880,1
EMP0289,Li Chan,Male,1998-04-14,Indonesian,Asia Pacific,India,Bangalore,HR,HR Executive,G2,Remote,2024-02-14,,Active,Contractor,Yes,Not Applicable,Not Applicable,INR,83.0,185423,213236,2234,2569,3,14.6,Yes,37.9,1.0,2023-10-27,51.0,Agency,35.0,Yes,4.0,26,0.9,26808,30828,0
EMP0290,Tan Wong,Male,1981-11-15,British,Asia Pacific,India,Bangalore,Delivery,Project Manager,G3,Remote,2021-01-20,,Terminated,Contractor,No,Involuntary,Contract Ended,INR,83.0,266916,306953,3216,3698,4,11.4,Yes,41.7,,,70.0,Job Board,33.0,Yes,3.0,43,3.9,38592,44376,1
EMP0291,Jessica Ong,Male,1981-01-02,American,Asia Pacific,India,Mumbai,Finance,Senior Finance Analyst,G3,Hybrid,2020-04-30,,Active,Full-Time,Yes,Not Applicable,Not Applicable,INR,83.0,260580,299667,3140,3610,4,6.2,Yes,47.2,7.0,2023-01-17,86.0,Internal Transfer,88.0,No,4.0,44,4.7,37680,43320,0
EMP0292,James Li,Not Declared,2001-10-10,Vietnamese,Asia Pacific,India,Delhi,Marketing,Marketing Executive,G2,Hybrid,2022-11-27,,Active,Full-Time,No,Not Applicable,Not Applicable,INR,83.0,166393,191352,2005,2305,5,7.0,Yes,8.0,10.0,2024-06-15,55.0,Job Board,36.0,Yes,4.0,23,2.1,24060,27660,0
EMP0293,Chris Wu,Female,1980-06-07,Hong Konger,Asia Pacific,India,Bangalore,Sales,Senior Sales Manager,G5,Hybrid,2018-07-12,2019-08-12,Terminated,Expat,No,Involuntary,Redundancy,INR,83.0,421144,484316,5074,5835,4,11.0,Yes,45.5,,,40.0,Linkedin,27.0,No,5.0,44,1.1,60888,70020,1
EMP0294,Jose Johnson,Not Declared,1981-07-25,Singaporean,Asia Pacific,India,Delhi,Marketing,Marketing Assistant,G1,Hybrid,2023-03-09,,Active,Full-Time,Yes,Not Applicable,Not Applicable,INR,83.0,129929,149418,1565,1800,1,4.9,Yes,64.8,10.0,2024-02-07,87.0,Referral,94.0,Yes,5.0,43,1.8,18780,21600,0
EMP0295,Kavya Kim,Male,1992-04-28,Malaysian,Asia Pacific,India,Delhi,Marketing,Marketing Executive,G2,Remote,2024-02-06,,Active,Contractor,Yes,Not Applicable,Not Applicable,INR,83.0,154497,177672,1861,2141,3,1.7,Yes,29.7,6.0,2022-10-17,32.0,Job Board,66.0,Yes,5.0,32,0.9,22332,25692,0
EMP0296,Tan Smith,Female,1973-09-11,Vietnamese,Asia Pacific,India,Bangalore,HR,HR Specialist,G3,Onsite,2021-05-12,2024-12-31,Terminated,Full-Time,No,Involuntary,Contract Ended,INR,83.0,238613,274405,2875,3306,4,13.5,Yes,44.4,0.0,2023-02-28,,Internal Transfer,70.0,No,3.0,51,3.6,34500,39672,1
EMP0297,Wei Koh,Female,1977-12-10,Filipino,Asia Pacific,India,Bangalore,Sales,Account Executive,G2,Hybrid,2020-08-03,,Active,Full-Time,Yes,Not Applicable,Not Applicable,INR,83.0,145089,166852,1748,2010,5,10.2,No,72.6,5.0,2023-02-24,95.0,Agency,16.0,Yes,3.0,47,4.4,20976,24120,0
EMP0298,Koh Nguyen,Female,1982-10-11,Chinese,Asia Pacific,India,Delhi,Legal,Legal Executive,G2,Hybrid,2020-05-04,2023-02-05,Resigned,Full-Time,Yes,Voluntary,Personal Reason,INR,83.0,198180,227907,2388,2746,3,1.6,Yes,11.1,1.0,2023-01-30,11.0,Internal Transfer,79.0,Yes,3.0,42,2.8,28656,32952,1
EMP0299,Ng Johnson,Female,1973-02-10,British,Asia Pacific,India,Bangalore,Finance,Senior Finance Analyst,G3,Onsite,2018-08-11,,Active,Full-Time,No,Not Applicable,Not Applicable,INR,83.0,224518,258196,2705,3111,2,7.8,Yes,58.8,12.0,2023-10-21,43.0,Referral,44.0,Yes,,51,6.4,32460,37332,0
EMP0300,Tan Williams,Male,1990-05-17,Chinese,Asia Pacific,India,Bangalore,Legal,Legal Executive,G2,Onsite,2020-12-15,,Active,Intern,Yes,Not Applicable,Not Applicable,INR,83.0,145019,166772,1747,2009,3,11.1,Yes,26.8,1.0,2024-07-30,47.0,Internal Transfer,66.0,Yes,3.0,34,4.0,20964,24108,0
EMP0301,Sophie Choi,Female,1986-10-24,Taiwanese,Asia Pacific,India,Mumbai,Legal,Legal Executive,G2,Hybrid,2024-01-27,,Resigned,Full-Time,Yes,Voluntary,Personal Reason,INR,83.0,137784,158452,1660,1909,3,7.8,Yes,41.6,2.0,2021-11-16,46.0,Referral,55.0,No,3.0,38,0.9,19920,22908,1
EMP0302,Raj Lim,Female,1972-12-17,Indonesian,Asia Pacific,India,Delhi,Marketing,Marketing Manager,G5,Remote,2020-01-04,,Active,Full-Time,Yes,Not Applicable,Not Applicable,INR,83.0,403861,464440,4866,5596,2,8.4,No,15.6,7.0,2022-08-31,58.0,Internal Transfer,86.0,Yes,5.0,52,5.0,58392,67152,0
EMP0303,Fang Johnson,Male,1990-01-25,American,Asia Pacific,India,Delhi,HR,HR Manager,G6,Onsite,2018-10-23,,Resigned,Contractor,No,Voluntary,Better Opportunity,INR,83.0,500000,575000,6024,6928,2,14.0,No,,4.0,2021-06-20,79.0,Job Board,,No,3.0,34,6.2,72288,83136,1
EMP0304,Koh Yamamoto,Female,1978-12-15,American,Asia Pacific,India,Mumbai,IT,Software Engineer,G2,Onsite,2022-01-12,,Active,Full-Time,Yes,Not Applicable,Not Applicable,INR,83.0,184327,211976,2221,2554,5,11.8,Yes,30.0,6.0,2023-06-20,60.0,Job Board,25.0,No,2.0,46,3.0,26652,30648,0
EMP0305,Koh Charoenwong,Not Declared,1973-02-27,Indian,Asia Pacific,India,Bangalore,Marketing,Marketing Specialist,G3,Onsite,2020-09-17,,Active,Contractor,Yes,Not Applicable,Not Applicable,INR,83.0,225282,259074,2714,3121,4,3.0,No,10.2,2.0,2022-07-07,10.0,Referral,25.0,Yes,3.0,51,4.3,32568,37452,0
EMP0306,Raj Wu,Male,1978-06-11,Indian,Asia Pacific,India,Mumbai,Sales,Account Executive,G2,Hybrid,2022-04-30,,Active,Full-Time,Yes,Not Applicable,Not Applicable,INR,83.0,147049,169106,1772,2037,3,12.4,No,44.3,11.0,2023-05-31,35.0,Referral,23.0,Yes,2.0,46,2.7,21264,24444,0
EMP0307,Michael Wijaya,Female,1984-01-23,Chinese,Asia Pacific,India,Delhi,Delivery,Project Analyst,G2,Hybrid,2022-12-16,,Resigned,Full-Time,No,Voluntary,Further Studies,INR,83.0,179626,206570,2164,2489,3,14.2,No,22.9,2.0,2021-01-29,65.0,Referral,38.0,No,,40,2.0,25968,29868,1
EMP0308,Chan Brown,Male,1980-07-19,Chinese,Asia Pacific,India,Bangalore,IT,Tech Lead,G4,Hybrid,2020-06-15,,Active,Full-Time,Yes,Not Applicable,Not Applicable,INR,83.0,328864,378194,3962,4557,4,9.2,Yes,44.3,6.0,2024-02-04,83.0,Referral,75.0,Yes,4.0,44,4.5,47544,54684,0
EMP0309,Chan Tanaka,Male,1991-12-02,Hong Konger,Asia Pacific,India,Bangalore,IT,Engineering Manager,G5,Onsite,2016-01-27,,Active,Full-Time,Yes,Not Applicable,Not Applicable,INR,83.0,406159,467083,4893,5628,4,6.9,No,76.0,12.0,2023-06-29,16.0,Job Board,50.0,Yes,4.0,33,8.9,58716,67536,0
EMP0310,Arjun Ng,Not Declared,1982-09-02,Malaysian,Asia Pacific,India,Delhi,Sales,Account Executive,G2,Remote,2019-02-14,,Active,Full-Time,Yes,Not Applicable,Not Applicable,INR,83.0,147819,169992,1781,2048,1,9.7,No,32.0,3.0,2024-07-03,66.0,Internal Transfer,71.0,Yes,3.0,42,5.9,21372,24576,0
EMP0311,Yuki Wong,Male,1998-11-15,Thai,Asia Pacific,India,Delhi,Legal,Legal Counsel,G3,Hybrid,2022-09-27,,Active,Full-Time,Yes,Not Applicable,Not Applicable,INR,83.0,225994,259893,2723,3131,2,1.0,Yes,43.7,12.0,2023-04-27,18.0,Agency,58.0,Yes,2.0,26,2.3,32676,37572,0
EMP0312,Arjun Huang,Male,1991-06-22,Singaporean,Asia Pacific,India,Mumbai,HR,HR Executive,G2,Remote,2020-07-17,,Active,Full-Time,Yes,Not Applicable,Not Applicable,INR,83.0,180929,208068,2180,2507,4,0.3,No,41.4,11.0,2024-04-29,60.0,Linkedin,19.0,Yes,1.0,33,4.5,26160,30084,0
EMP0313,Raj Suwannarat,Female,1975-05-07,Taiwanese,Asia Pacific,India,Bangalore,Legal,Legal Counsel,G3,Onsite,2022-09-28,,Active,Contractor,Yes,Not Applicable,Not Applicable,INR,83.0,224614,258306,2706,3112,3,1.6,No,19.6,10.0,2023-09-04,85.0,Referral,53.0,Yes,4.0,49,2.3,32472,37344,0
EMP0314,Suresh Le,Male,1973-06-26,Hong Konger,Asia Pacific,India,Mumbai,HR,Senior HR Business Partner,G5,Onsite,2015-02-15,2019-01-07,Terminated,Contractor,Yes,Involuntary,Misconduct,INR,83.0,409500,470925,4934,5674,4,14.6,No,16.8,4.0,2021-09-03,21.0,Referral,18.0,No,3.0,51,3.9,59208,68088,1
EMP0315,Sophie Reyes,Male,1995-11-15,American,Asia Pacific,India,Bangalore,HR,HR Business Partner,G4,Onsite,2022-05-17,,Active,Full-Time,Yes,Not Applicable,Not Applicable,INR,83.0,354829,408053,4275,4916,5,2.8,No,65.6,11.0,2022-04-01,89.0,Job Board,77.0,Yes,4.0,29,2.6,51300,58992,0
EMP0316,Chen Le,Female,2000-04-23,Chinese,Asia Pacific,India,Bangalore,IT,Software Engineer,G2,Hybrid,2021-11-03,,Active,Contractor,Yes,Not Applicable,Not Applicable,INR,83.0,152324,175173,1835,2111,3,11.3,No,16.5,1.0,2023-12-05,56.0,Referral,84.0,Yes,5.0,24,3.2,22020,25332,0
EMP0317,Jose Jones,Female,1994-08-08,American,Asia Pacific,India,Bangalore,IT,Senior Software Engineer,G3,Hybrid,2020-12-09,,Active,Full-Time,Yes,Not Applicable,Not Applicable,INR,83.0,287632,330777,3465,3985,3,9.7,Yes,56.7,4.0,2022-01-02,90.0,Internal Transfer,78.0,Yes,5.0,30,4.1,41580,47820,0
EMP0318,Jin Santoso,Male,2001-04-21,Hong Konger,Asia Pacific,India,Bangalore,Legal,Legal Executive,G2,Hybrid,2023-10-22,,Resigned,Full-Time,Yes,Voluntary,Further Studies,INR,83.0,144916,166653,1746,2008,3,12.0,No,25.4,5.0,2023-10-02,30.0,Job Board,26.0,Yes,2.0,23,1.2,20952,24096,1
EMP0319,Kavya Lin,Not Declared,1989-12-08,Australian,Asia Pacific,India,Bangalore,Marketing,Marketing Executive,G2,Onsite,2023-05-09,,Active,Contractor,Yes,Not Applicable,Not Applicable,INR,83.0,178652,205450,2152,2475,3,1.8,Yes,17.2,8.0,2023-08-24,87.0,Linkedin,57.0,Yes,5.0,35,1.7,25824,29700,0
EMP0320,Lim Chen,Male,1975-12-03,Korean,Asia Pacific,India,Bangalore,Marketing,Marketing Specialist,G3,Hybrid,2021-10-28,,Active,Full-Time,Yes,Not Applicable,Not Applicable,INR,83.0,266454,306422,3210,3692,4,1.6,No,25.2,9.0,2024-05-14,16.0,Linkedin,60.0,Yes,3.0,49,3.2,38520,44304,0
EMP0321,Sarah Pham,Female,1970-07-03,Indonesian,Asia Pacific,India,Mumbai,HR,HR Specialist,G3,Hybrid,2019-12-26,,Active,Full-Time,Yes,Not Applicable,Not Applicable,INR,83.0,279888,321871,3372,3878,2,13.8,No,64.9,4.0,2024-08-30,53.0,Referral,64.0,No,5.0,54,5.0,40464,46536,0
EMP0322,Meera Santos,Female,1987-07-13,Vietnamese,Asia Pacific,India,Mumbai,Marketing,Senior Marketing Specialist,G4,Onsite,2018-06-06,2024-08-20,Terminated,Full-Time,Yes,Involuntary,Misconduct,INR,83.0,344031,395636,4145,4767,3,1.1,Yes,33.7,2.0,2021-03-23,31.0,Job Board,58.0,Yes,3.0,37,6.2,49740,57204,1
EMP0323,Amanda Liu,Female,1998-03-22,Thai,Asia Pacific,India,Delhi,Legal,Legal Manager,G5,Onsite,2018-07-06,,Active,Contractor,Yes,Not Applicable,Not Applicable,INR,83.0,400238,460274,4822,5545,3,14.6,Yes,29.5,11.0,2024-04-22,35.0,Internal Transfer,39.0,Yes,3.0,26,6.5,57864,66540,0
EMP0324,Emma Huang,Female,1981-01-07,Filipino,Asia Pacific,India,Delhi,IT,Tech Lead,G4,Hybrid,2020-10-30,,Active,Full-Time,Yes,Not Applicable,Not Applicable,INR,83.0,324683,373385,3912,4499,5,12.2,No,4.2,4.0,2023-06-06,94.0,Job Board,85.0,Yes,4.0,44,4.2,46944,53988,0
EMP0325,Koh Lin,Male,1999-08-15,Hong Konger,Asia Pacific,India,Bangalore,HR,HR Assistant,G1,Remote,2022-02-09,,Active,Full-Time,Yes,Not Applicable,Not Applicable,INR,83.0,74872,86103,902,1037,4,11.3,No,30.9,4.0,2022-11-07,12.0,Internal Transfer,43.0,Yes,3.0,25,2.9,10824,12444,0
EMP0326,Nattaporn Li,Female,1989-07-10,Hong Konger,Asia Pacific,India,Bangalore,Sales,Senior Account Executive,G3,Hybrid,2019-08-10,,Active,Full-Time,Yes,Not Applicable,Not Applicable,INR,83.0,267795,307964,3226,3710,3,11.1,Yes,50.7,7.0,2022-02-17,59.0,Agency,77.0,Yes,3.0,35,5.4,38712,44520,0
EMP0327,Michael Singh,Not Declared,1980-12-12,Taiwanese,Asia Pacific,India,Delhi,Delivery,Delivery Coordinator,G1,Remote,2023-05-12,,Active,Intern,Yes,Not Applicable,Not Applicable,INR,83.0,60476,69547,729,838,3,6.7,No,37.2,6.0,2023-04-14,34.0,Agency,36.0,Yes,4.0,44,1.6,8748,10056,0
EMP0328,Nattaporn Wong,Female,1977-06-23,Chinese,Asia Pacific,India,Mumbai,HR,HR Executive,G2,Onsite,2020-12-21,,Active,Full-Time,Yes,Not Applicable,Not Applicable,INR,83.0,156975,180521,1891,2175,3,0.3,No,49.8,2.0,2022-05-18,80.0,Agency,37.0,Yes,4.0,47,4.0,22692,26100,0
EMP0329,Suresh Wijaya,Female,1990-09-29,Malaysian,Asia Pacific,India,Mumbai,IT,Software Engineer,G2,Onsite,2020-10-25,,Active,Full-Time,Yes,Not Applicable,Not Applicable,INR,83.0,131329,151028,1582,1820,3,0.0,Yes,64.7,11.0,2024-03-19,60.0,Job Board,74.0,No,3.0,34,4.2,18984,21840,0
EMP0330,Dewi Wijaya,Female,1978-11-30,Japanese,Asia Pacific,India,Delhi,HR,HR Executive,G2,Onsite,2024-01-17,,Active,Contractor,Yes,Not Applicable,Not Applicable,INR,83.0,180444,207511,2174,2500,4,4.5,Yes,5.2,4.0,2024-06-18,33.0,Job Board,74.0,Yes,3.0,46,1.0,26088,30000,0
EMP0331,Priya Brown,Female,1978-09-05,Thai,Asia Pacific,India,Mumbai,Marketing,Marketing Executive,G2,Hybrid,2022-01-09,,Active,Full-Time,Yes,Not Applicable,Not Applicable,INR,83.0,171909,197695,2071,2382,3,6.7,Yes,50.6,6.0,2023-10-31,36.0,Linkedin,89.0,Yes,4.0,46,3.0,24852,28584,0
EMP0332,Ahmad Liu,Female,1979-11-18,Singaporean,Asia Pacific,India,Mumbai,HR,HR Executive,G2,Hybrid,2021-03-04,,Resigned,Full-Time,No,Voluntary,Further Studies,INR,83.0,141664,162914,1707,1963,5,2.5,Yes,47.2,2.0,2023-10-08,,Job Board,58.0,Yes,5.0,45,3.8,20484,23556,1
EMP0333,Li Smith,Female,1992-10-28,Thai,Asia Pacific,India,Bangalore,IT,Senior Engineering Manager,G6,Hybrid,2018-05-15,,Active,Expat,Yes,Not Applicable,Not Applicable,INR,83.0,500000,575000,6024,6928,4,12.7,Yes,76.7,8.0,2022-11-10,93.0,Internal Transfer,67.0,Yes,3.0,32,6.6,72288,83136,0
EMP0334,Jessica Santos,Female,1989-04-17,British,Asia Pacific,India,Delhi,Finance,Finance Analyst,G2,Remote,2022-10-08,,Active,Full-Time,Yes,Not Applicable,Not Applicable,INR,83.0,153633,176678,1851,2129,2,1.2,No,4.6,9.0,2024-05-27,54.0,Linkedin,34.0,No,,35,2.2,22212,25548,0
EMP0335,Raj Lee,Female,1974-10-28,Thai,Asia Pacific,India,Delhi,Marketing,Marketing Executive,G2,Hybrid,2022-03-11,,Active,Full-Time,Yes,Not Applicable,Not Applicable,INR,83.0,187872,216053,2264,2603,3,11.6,Yes,41.7,4.0,2023-08-05,13.0,Agency,75.0,Yes,4.0,50,2.8,27168,31236,0
EMP0336,Budi Charoenwong,Not Declared,1980-09-24,Korean,Asia Pacific,India,Mumbai,IT,Senior Software Engineer,G3,Remote,2020-05-24,,Active,Contractor,Yes,Not Applicable,Not Applicable,INR,83.0,250572,288158,3019,3472,1,2.3,No,9.0,1.0,2023-06-01,45.0,Job Board,65.0,Yes,4.0,44,4.6,36228,41664,0
EMP0337,Suresh Jones,Male,1978-02-05,Filipino,Asia Pacific,India,Delhi,HR,HR Business Partner,G4,Hybrid,2020-11-05,,Active,Contractor,Yes,Not Applicable,Not Applicable,INR,83.0,306697,352702,3695,4249,3,12.4,No,20.0,6.0,2024-10-31,35.0,Job Board,90.0,Yes,4.0,46,4.2,44340,50988,0
EMP0338,Min Suwannarat,Male,1990-02-25,Thai,Asia Pacific,India,Mumbai,Legal,Legal Manager,G5,Remote,2017-11-06,,Active,Full-Time,Yes,Not Applicable,Not Applicable,INR,83.0,399504,459430,4813,5535,3,12.3,Yes,4.2,1.0,2022-06-05,82.0,Agency,84.0,No,,34,7.2,57756,66420,0
EMP0339,Chris Huang,Female,1973-07-29,Indonesian,Asia Pacific,India,Bangalore,Delivery,Project Analyst,G2,Hybrid,2020-06-15,,Active,Contractor,Yes,Not Applicable,Not Applicable,INR,83.0,138670,159470,1671,1921,3,3.9,Yes,36.4,12.0,2022-12-02,43.0,Agency,84.0,No,2.0,51,4.5,20052,23052,0
EMP0340,Ahmad Santoso,Female,1977-11-30,Filipino,Asia Pacific,India,Bangalore,Sales,Account Executive,G2,Onsite,2019-12-20,,Active,Intern,Yes,Not Applicable,Not Applicable,INR,83.0,151131,173801,1821,2094,4,10.3,Yes,79.3,11.0,2023-12-21,13.0,Job Board,70.0,Yes,5.0,47,5.0,21852,25128,0
EMP0341,Raj Sharma,Male,1970-03-02,Hong Konger,Asia Pacific,India,Delhi,Legal,Legal Assistant,G1,Remote,2022-10-19,2024-12-31,Resigned,Full-Time,Yes,Voluntary,Further Studies,INR,83.0,99422,114335,1198,1378,2,2.0,No,43.6,0.0,2022-10-12,43.0,Job Board,28.0,Yes,5.0,54,2.2,14376,16536,1
EMP0342,Amanda Suzuki,Male,1986-04-06,Australian,Asia Pacific,India,Bangalore,HR,HR Manager,G6,Hybrid,2016-05-21,,Active,Full-Time,Yes,Not Applicable,Not Applicable,INR,83.0,499127,573996,6014,6916,3,4.1,No,45.8,9.0,2022-06-13,83.0,Internal Transfer,84.0,Yes,3.0,38,8.6,72168,82992,0
EMP0343,Chris Li,Not Declared,1995-03-05,American,Asia Pacific,India,Bangalore,Sales,Account Executive,G2,Hybrid,2020-03-01,,Active,Full-Time,No,Not Applicable,Not Applicable,INR,83.0,142226,163560,1714,1971,4,2.5,No,69.7,9.0,2023-05-04,99.0,Linkedin,49.0,Yes,5.0,29,4.8,20568,23652,0
EMP0344,Suresh Jones,Male,1988-03-11,Hong Konger,Asia Pacific,India,Delhi,Finance,Finance Manager,G4,Hybrid,2019-01-26,,Active,Contractor,Yes,Not Applicable,Not Applicable,INR,83.0,376137,432558,4532,5212,3,10.7,Yes,23.0,1.0,2022-05-28,72.0,Referral,50.0,No,4.0,36,5.9,54384,62544,0
EMP0345,Wong Guo,Female,1982-04-15,Filipino,Asia Pacific,India,Bangalore,HR,HR Executive,G2,Hybrid,2019-09-09,,Resigned,Contractor,Yes,Voluntary,Health Reasons,INR,83.0,147179,169256,1773,2039,3,2.7,No,45.8,,2022-09-13,36.0,Agency,64.0,Yes,4.0,42,5.3,21276,24468,1
EMP0346,Li Wang,Male,1980-10-27,American,Asia Pacific,India,Mumbai,Legal,Legal Executive,G2,Onsite,2024-12-10,,Active,Contractor,Yes,Not Applicable,Not Applicable,INR,83.0,196877,226409,2372,2728,1,14.4,Yes,56.4,9.0,2024-05-09,61.0,Linkedin,38.0,Yes,4.0,44,0.1,28464,32736,0
EMP0347,Ravi Koh,Female,1980-03-17,Filipino,Asia Pacific,India,Mumbai,Marketing,Marketing Assistant,G1,Hybrid,2020-07-15,2023-04-30,Resigned,Full-Time,Yes,Voluntary,Further Studies,INR,83.0,130264,149804,1569,1805,4,10.8,No,22.3,,,10.0,Agency,72.0,No,5.0,44,2.8,18828,21660,1
EMP0348,Seo Charoenwong,Not Declared,1996-02-23,Malaysian,Asia Pacific,India,Bangalore,Marketing,Marketing Executive,G2,Onsite,2023-01-01,,Active,Contractor,Yes,Not Applicable,Not Applicable,INR,83.0,138329,159078,1667,1917,4,14.7,Yes,54.7,4.0,2022-12-19,84.0,Referral,37.0,No,3.0,28,2.0,20004,23004,0
EMP0349,Priya Park,Female,1974-11-14,Australian,Asia Pacific,India,Mumbai,Sales,Account Executive,G2,Hybrid,2020-03-20,,Active,Full-Time,Yes,Not Applicable,Not Applicable,INR,83.0,138466,159236,1668,1919,4,10.7,No,44.3,10.0,2023-11-07,90.0,Referral,91.0,Yes,5.0,50,4.8,20016,23028,0
EMP0350,Arjun Ong,Not Declared,1975-01-29,Chinese,Asia Pacific,India,Delhi,IT,Software Engineer,G2,Onsite,2020-07-07,,Active,Full-Time,Yes,Not Applicable,Not Applicable,INR,83.0,189558,217992,2284,2626,4,3.6,Yes,69.2,9.0,2022-06-01,32.0,Internal Transfer,82.0,Yes,3.0,49,4.5,27408,31512,0
EMP0351,David Lin,Female,1971-05-06,Singaporean,Asia Pacific,India,Mumbai,Sales,Sales Executive,G1,Onsite,2019-04-10,,Active,Contractor,Yes,Not Applicable,Not Applicable,INR,83.0,65022,74775,783,901,3,11.1,No,10.2,12.0,2023-01-25,53.0,Linkedin,83.0,Yes,4.0,53,5.7,9396,10812,0
EMP0352,Siti Lim,Female,1992-06-29,Hong Konger,Asia Pacific,India,Bangalore,Sales,Sales Executive,G1,Hybrid,2024-09-08,,Active,Full-Time,No,Not Applicable,Not Applicable,INR,83.0,102143,117464,1231,1415,1,3.9,Yes,30.2,6.0,2022-07-01,43.0,Internal Transfer,34.0,Yes,3.0,32,0.3,14772,16980,0
EMP0353,Michelle Williams,Male,1998-01-04,Japanese,Asia Pacific,India,Delhi,Delivery,Senior Delivery Manager,G6,Hybrid,2015-09-22,2017-08-03,Resigned,Full-Time,No,Voluntary,Further Studies,INR,83.0,500000,575000,6024,6928,4,3.9,No,38.6,7.0,2022-05-25,30.0,Referral,23.0,Yes,4.0,27,1.9,72288,83136,1
EMP0354,Haruto Le,Female,1977-01-10,Indonesian,Asia Pacific,India,Bangalore,Sales,Account Executive,G2,Remote,2019-06-23,,Active,Full-Time,Yes,Not Applicable,Not Applicable,INR,83.0,178421,205184,2150,2472,3,8.2,Yes,18.6,12.0,2022-02-17,70.0,Job Board,67.0,Yes,4.0,48,5.5,25800,29664,0
EMP0355,Ong Wu,Female,2000-10-22,Taiwanese,Asia Pacific,India,Bangalore,HR,HR Manager,G6,Hybrid,2017-06-04,,Active,Full-Time,Yes,Not Applicable,Not Applicable,INR,83.0,467065,537125,5627,6471,4,3.9,Yes,57.9,7.0,2023-03-31,83.0,Linkedin,91.0,Yes,5.0,24,7.6,67524,77652,0
EMP0356,Lakshmi Müller,Female,1987-06-19,Australian,Asia Pacific,India,Bangalore,IT,Senior Engineering Manager,G6,Onsite,2020-11-18,,Active,Expat,Yes,Not Applicable,Not Applicable,INR,83.0,454808,523029,5480,6302,4,15.0,Yes,12.1,7.0,2022-08-18,59.0,Internal Transfer,16.0,Yes,4.0,37,4.1,65760,75624,0
EMP0357,Amanda Yang,Female,1974-11-19,Chinese,Asia Pacific,India,Bangalore,Legal,Legal Executive,G2,Onsite,2022-11-05,,Active,Contractor,No,Not Applicable,Not Applicable,INR,83.0,180970,208115,2180,2507,3,2.6,No,75.6,10.0,2024-11-01,23.0,Referral,57.0,Yes,3.0,50,2.2,26160,30084,0
EMP0358,Jin Singh,Male,1972-06-26,Chinese,Asia Pacific,India,Bangalore,Finance,Finance Analyst,G2,Remote,2019-12-29,,Active,Contractor,Yes,Not Applicable,Not Applicable,INR,83.0,154312,177459,1859,2138,4,1.1,No,20.2,3.0,2023-03-24,33.0,Agency,70.0,Yes,4.0,52,5.0,22308,25656,0
EMP0359,Jose Pham,Not Declared,1993-09-17,Indian,Asia Pacific,India,Mumbai,IT,IT Support,G1,Onsite,2020-05-23,,Active,Full-Time,Yes,Not Applicable,Not Applicable,INR,83.0,91510,105236,1103,1268,4,9.1,Yes,32.0,10.0,2022-05-13,82.0,Agency,17.0,Yes,3.0,31,4.6,13236,15216,0
EMP0360,Ravi Williams,Not Declared,1983-04-05,Indian,Asia Pacific,India,Delhi,Marketing,Senior Marketing Specialist,G4,Hybrid,2019-10-14,,Active,Full-Time,Yes,Not Applicable,Not Applicable,INR,83.0,327697,376852,3948,4540,4,13.3,No,64.2,4.0,2022-12-25,90.0,Linkedin,43.0,Yes,5.0,41,5.2,47376,54480,0
EMP0361,Ng Ong,Male,1984-08-12,Taiwanese,Asia Pacific,India,Bangalore,Delivery,Project Manager,G3,Onsite,2022-11-01,,Resigned,Full-Time,No,Voluntary,Relocation,INR,83.0,224982,258729,2711,3117,2,10.4,Yes,33.0,2.0,2023-01-05,12.0,Agency,85.0,Yes,4.0,40,2.2,32532,37404,1
EMP0362,Meera Pham,Female,1998-01-31,American,Asia Pacific,India,Mumbai,HR,Senior HR Business Partner,G5,Hybrid,2017-07-05,,Active,Full-Time,Yes,Not Applicable,Not Applicable,INR,83.0,420001,483001,5060,5819,4,13.6,Yes,79.9,2.0,2024-03-03,55.0,Linkedin,39.0,Yes,5.0,26,7.5,60720,69828,0
EMP0363,Thomas Huang,Male,1972-04-04,Korean,Asia Pacific,India,Bangalore,Legal,Legal Executive,G2,Hybrid,2024-07-21,,Active,Full-Time,Yes,Not Applicable,Not Applicable,INR,83.0,154633,177828,1863,2143,2,14.1,No,59.2,7.0,2022-09-24,64.0,Agency,,Yes,4.0,52,0.4,22356,25716,0
EMP0364,James Suwannarat,Male,1979-02-02,Indonesian,Asia Pacific,India,Delhi,IT,IT Support,G1,Remote,2024-03-16,2024-12-31,Resigned,Full-Time,Yes,Voluntary,Personal Reason,INR,83.0,67109,77175,809,930,4,3.6,Yes,7.9,5.0,2022-01-25,6.0,Internal Transfer,48.0,Yes,3.0,45,0.8,9708,11160,1
EMP0365,Sarah Williams,Female,1999-12-07,Chinese,Asia Pacific,India,Mumbai,Finance,Senior Finance Manager,G5,Hybrid,2016-10-23,2023-04-26,Resigned,Full-Time,Yes,Voluntary,Better Opportunity,INR,83.0,450002,517502,5422,6235,3,8.6,Yes,47.1,7.0,2023-05-23,19.0,Internal Transfer,29.0,Yes,4.0,25,6.5,65064,74820,1
EMP0366,Yuki Jones,Female,1993-04-01,Japanese,Asia Pacific,India,Mumbai,Sales,Sales Executive,G1,Hybrid,2019-01-10,,Active,Full-Time,Yes,Not Applicable,Not Applicable,INR,83.0,106442,122408,1282,1475,3,3.4,Yes,55.2,2.0,2024-03-16,71.0,Agency,,Yes,5.0,31,6.0,15384,17700,0
EMP0367,Chris Le,Male,1977-02-07,Indian,Asia Pacific,India,Mumbai,HR,Senior HR Business Partner,G5,Remote,2017-07-30,,Active,Full-Time,Yes,Not Applicable,Not Applicable,INR,83.0,453201,521181,5460,6279,4,10.4,Yes,26.2,3.0,2023-09-03,89.0,Agency,93.0,Yes,4.0,47,7.4,65520,75348,0
EMP0368,Wong Wong,Not Declared,1990-04-11,Thai,Asia Pacific,India,Delhi,IT,Tech Lead,G4,Hybrid,2022-03-05,,Active,Full-Time,Yes,Not Applicable,Not Applicable,INR,83.0,334182,384309,4026,4630,2,9.4,No,42.4,12.0,2022-11-12,85.0,Referral,88.0,Yes,2.0,34,2.8,48312,55560,0
EMP0369,Arun Sharma,Male,1977-07-14,Thai,Asia Pacific,India,Delhi,Marketing,Marketing Executive,G2,Hybrid,2023-03-15,,Active,Full-Time,Yes,Not Applicable,Not Applicable,INR,83.0,164198,188828,1978,2275,3,5.9,No,66.8,10.0,2023-08-26,27.0,Referral,32.0,Yes,5.0,47,1.8,23736,27300,0
EMP0370,Jose Dela Cruz,Not Declared,1977-09-16,Filipino,Asia Pacific,India,Delhi,Marketing,Marketing Executive,G2,Hybrid,2024-12-09,,Active,Full-Time,Yes,Not Applicable,Not Applicable,INR,83.0,133860,153939,1613,1855,5,14.1,Yes,58.0,6.0,2024-01-20,12.0,Job Board,64.0,No,1.0,47,0.1,19356,22260,0
EMP0371,David Patel,Female,1996-02-09,Malaysian,Asia Pacific,India,Mumbai,Legal,Senior Legal Counsel,G4,Remote,2019-05-11,,Active,Full-Time,Yes,Not Applicable,Not Applicable,INR,83.0,327643,376789,3948,4540,2,12.4,No,20.5,3.0,2024-01-20,66.0,Referral,75.0,Yes,2.0,28,5.6,47376,54480,0
EMP0372,Tran Wu,Female,1995-03-10,Singaporean,Asia Pacific,India,Mumbai,Marketing,Senior Marketing Specialist,G4,Onsite,2017-01-28,,Active,Full-Time,No,Not Applicable,Not Applicable,INR,83.0,367319,422417,4426,5089,4,12.8,Yes,16.4,3.0,2023-11-09,60.0,Job Board,56.0,Yes,4.0,29,7.9,53112,61068,0
EMP0373,Chan Liu,Not Declared,1975-10-13,Thai,Asia Pacific,India,Mumbai,Marketing,Marketing Manager,G5,Remote,2019-10-20,,Active,Contractor,Yes,Not Applicable,Not Applicable,INR,83.0,450145,517667,5423,6237,1,0.6,Yes,27.3,11.0,2023-04-16,63.0,Referral,45.0,Yes,5.0,49,5.2,65076,74844,0
EMP0374,Haruto Dela Cruz,Female,1976-06-18,Vietnamese,Asia Pacific,India,Mumbai,Sales,Sales Manager,G4,Hybrid,2021-12-12,,Active,Full-Time,Yes,Not Applicable,Not Applicable,INR,83.0,336256,386694,4051,4659,4,1.9,No,78.8,12.0,2022-12-10,93.0,Agency,23.0,Yes,3.0,48,3.1,48612,55908,0
EMP0375,David Chan,Female,1985-06-23,Singaporean,Asia Pacific,India,Bangalore,Marketing,Marketing Executive,G2,Hybrid,2019-12-23,,Active,Full-Time,Yes,Not Applicable,Not Applicable,INR,83.0,139508,160434,1681,1933,3,7.0,Yes,78.0,9.0,2023-06-29,54.0,Job Board,88.0,No,4.0,39,5.0,20172,23196,0
EMP0376,Thomas Chan,Not Declared,1978-05-08,British,Asia Pacific,India,Mumbai,HR,HR Executive,G2,Hybrid,2021-05-26,2023-01-08,Resigned,Full-Time,Yes,Voluntary,Further Studies,INR,83.0,143512,165039,1729,1988,4,3.5,Yes,42.1,8.0,2022-09-23,10.0,Job Board,78.0,Yes,3.0,46,1.6,20748,23856,1
EMP0377,Thomas Wang,Female,1981-01-21,Taiwanese,Asia Pacific,India,Delhi,Marketing,Marketing Specialist,G3,Remote,2018-04-06,,Active,Full-Time,Yes,Not Applicable,Not Applicable,INR,83.0,275360,316664,3318,3815,2,14.3,No,43.4,3.0,2022-11-02,13.0,Linkedin,61.0,Yes,5.0,43,6.7,39816,45780,0
EMP0378,Fang Guo,Male,1980-08-15,Taiwanese,Asia Pacific,India,Mumbai,Marketing,Marketing Executive,G2,Onsite,2019-06-15,,Active,Full-Time,Yes,Not Applicable,Not Applicable,INR,83.0,148251,170489,1786,2054,5,9.7,No,69.0,10.0,2023-10-19,20.0,Linkedin,35.0,No,4.0,44,5.5,21432,24648,0
EMP0379,Wei Yamamoto,Female,1973-09-16,Malaysian,Asia Pacific,India,Mumbai,Delivery,Project Manager,G3,Onsite,2018-04-17,,Active,Full-Time,Yes,Not Applicable,Not Applicable,INR,83.0,227367,261472,2739,3150,3,3.1,Yes,56.2,12.0,2024-07-31,47.0,Referral,92.0,Yes,3.0,51,6.7,32868,37800,0
EMP0380,Raj Smith,Male,1994-01-19,Singaporean,Asia Pacific,India,Delhi,Delivery,Project Analyst,G2,Remote,2022-05-19,,Active,Contractor,Yes,Not Applicable,Not Applicable,INR,83.0,181534,208764,2187,2515,3,1.5,Yes,64.0,11.0,2024-03-19,66.0,Referral,16.0,Yes,3.0,30,2.6,26244,30180,0
EMP0381,Chen Tan,Not Declared,1992-04-10,British,Asia Pacific,India,Mumbai,HR,HR Business Partner,G4,Remote,2018-05-01,,Active,Full-Time,Yes,Not Applicable,Not Applicable,INR,83.0,373832,429907,4504,5180,4,8.1,Yes,62.0,3.0,2023-03-11,86.0,Agency,34.0,No,5.0,32,6.7,54048,62160,0
EMP0382,Amanda Huang,Male,1985-05-11,Indonesian,Asia Pacific,India,Mumbai,Legal,Legal Director,G6,Remote,2015-02-01,,Active,Full-Time,Yes,Not Applicable,Not Applicable,INR,83.0,462053,531361,5567,6402,3,1.9,Yes,73.0,7.0,2024-10-13,61.0,Job Board,54.0,Yes,4.0,39,9.9,66804,76824,0
EMP0383,Kevin Chen,Male,1988-07-04,Chinese,Asia Pacific,India,Bangalore,Finance,Finance Assistant,G1,Hybrid,2020-01-04,,Active,Full-Time,Yes,Not Applicable,Not Applicable,INR,83.0,62069,71379,748,860,1,1.5,No,31.8,2.0,2022-10-31,63.0,Linkedin,22.0,No,2.0,36,5.0,8976,10320,0
EMP0384,Emma Santoso,Not Declared,2000-05-04,Indonesian,Asia Pacific,India,Bangalore,IT,Senior Software Engineer,G3,Onsite,2022-07-26,,Active,Full-Time,Yes,Not Applicable,Not Applicable,INR,83.0,216894,249428,2613,3005,3,10.1,No,19.2,7.0,2022-11-17,84.0,Job Board,70.0,No,3.0,24,2.4,31356,36060,0
EMP0385,Arjun Johnson,Female,1975-07-30,American,Asia Pacific,India,Delhi,Legal,Legal Assistant,G1,Onsite,2021-08-24,,Terminated,Intern,Yes,Involuntary,Redundancy,INR,83.0,130819,150442,1576,1813,2,11.8,Yes,30.1,4.0,2023-10-15,32.0,Internal Transfer,78.0,Yes,3.0,49,3.4,18912,21756,1
EMP0386,Min Wong,Female,1978-03-18,Malaysian,Asia Pacific,India,Delhi,Delivery,Senior Project Manager,G4,Onsite,2020-03-30,,Resigned,Full-Time,Yes,Voluntary,Personal Reason,INR,83.0,337517,388145,4066,4676,5,9.9,Yes,30.9,8.0,2021-08-05,,Linkedin,18.0,Yes,3.0,46,4.8,48792,56112,1
EMP0387,Ng Park,Not Declared,1982-12-31,American,Asia Pacific,India,Mumbai,Delivery,Project Manager,G3,Remote,2021-06-23,,Active,Contractor,Yes,Not Applicable,Not Applicable,INR,83.0,226453,260421,2728,3138,4,6.8,No,31.1,9.0,2023-04-23,61.0,Job Board,62.0,Yes,,42,3.5,32736,37656,0
EMP0388,David Müller,Not Declared,1982-02-17,Japanese,Asia Pacific,India,Bangalore,Finance,Senior Finance Analyst,G3,Onsite,2022-08-30,,Active,Full-Time,Yes,Not Applicable,Not Applicable,INR,83.0,244732,281442,2949,3391,5,10.1,No,54.5,1.0,2023-07-02,14.0,Agency,30.0,Yes,4.0,42,2.3,35388,40692,0
EMP0389,Wong Guo,Male,1983-02-20,Taiwanese,Asia Pacific,India,Bangalore,HR,Senior HR Business Partner,G5,Onsite,2018-03-05,,Active,Expat,Yes,Not Applicable,Not Applicable,INR,83.0,422369,485724,5089,5852,4,14.0,Yes,24.2,9.0,2023-10-02,24.0,Job Board,,Yes,3.0,41,6.8,61068,70224,0
EMP0390,Priya Smith,Female,1987-09-23,Vietnamese,Asia Pacific,India,Delhi,Finance,Finance Director,G6,Hybrid,2015-10-07,,Active,Full-Time,Yes,Not Applicable,Not Applicable,INR,83.0,446066,512976,5374,6180,3,3.2,No,48.6,12.0,2023-05-24,42.0,Internal Transfer,35.0,No,4.0,37,9.2,64488,74160,0
EMP0391,Nattaporn Pham,Female,1975-08-03,Hong Konger,Asia Pacific,India,Delhi,HR,HR Specialist,G3,Hybrid,2019-03-03,,Active,Full-Time,No,Not Applicable,Not Applicable,INR,83.0,273214,314196,3292,3785,3,12.7,Yes,60.3,12.0,2022-05-14,80.0,Referral,91.0,Yes,4.0,49,5.8,39504,45420,0
EMP0392,Somchai Park,Not Declared,1997-09-11,Japanese,Asia Pacific,India,Delhi,Finance,Finance Manager,G4,Hybrid,2021-12-09,,Active,Full-Time,Yes,Not Applicable,Not Applicable,INR,83.0,347340,399441,4185,4813,4,13.0,Yes,48.7,6.0,2022-04-11,20.0,Internal Transfer,91.0,Yes,4.0,27,3.1,50220,57756,0
EMP0393,Yuki Chan,Male,1988-06-05,Korean,Asia Pacific,India,Delhi,Delivery,Delivery Coordinator,G1,Onsite,2022-09-04,,Active,Full-Time,Yes,Not Applicable,Not Applicable,INR,83.0,93957,108051,1132,1302,1,8.9,No,26.9,3.0,2023-09-04,58.0,Internal Transfer,21.0,Yes,3.0,36,2.3,13584,15624,0
EMP0394,Thomas Charoenwong,Male,1995-08-16,Vietnamese,Asia Pacific,India,Bangalore,Sales,Regional Sales Manager,G6,Remote,2017-02-26,,Resigned,Expat,Yes,Voluntary,Further Studies,INR,83.0,470619,541212,5670,6521,3,2.0,Yes,20.2,1.0,2022-11-16,28.0,Linkedin,,No,5.0,29,7.8,68040,78252,1
EMP0395,Ahmad Wijaya,Not Declared,1981-04-08,Chinese,Asia Pacific,India,Bangalore,Sales,Senior Account Executive,G3,Remote,2017-01-26,,Terminated,Contractor,Yes,Involuntary,Contract Ended,INR,83.0,252106,289922,3037,3493,4,2.9,No,52.9,0.0,2022-07-14,80.0,Job Board,36.0,Yes,3.0,43,7.9,36444,41916,1
EMP0396,Emma Pham,Not Declared,2001-03-01,Japanese,Asia Pacific,India,Bangalore,Finance,Senior Finance Analyst,G3,Hybrid,2020-01-05,,Active,Full-Time,Yes,Not Applicable,Not Applicable,INR,83.0,247405,284516,2981,3428,3,5.5,No,29.7,3.0,2023-02-08,86.0,Linkedin,39.0,Yes,4.0,23,5.0,35772,41136,0
EMP0397,Ong Lee,Male,1978-08-06,British,Asia Pacific,India,Bangalore,Sales,Senior Account Executive,G3,Onsite,2017-10-26,,Active,Contractor,Yes,Not Applicable,Not Applicable,INR,83.0,217408,250019,2619,3012,4,12.0,Yes,63.6,4.0,2022-03-27,33.0,Referral,,Yes,3.0,46,7.2,31428,36144,0
EMP0398,Yuki Johnson,Female,1993-01-24,American,Asia Pacific,India,Bangalore,HR,HR Business Partner,G4,Remote,2020-02-17,2024-08-26,Resigned,Full-Time,Yes,Voluntary,Relocation,INR,83.0,321639,369885,3875,4456,4,5.4,Yes,13.0,8.0,,52.0,Agency,91.0,Yes,5.0,31,4.5,46500,53472,1
EMP0399,Michael Tanaka,Female,1974-09-11,Thai,Asia Pacific,India,Mumbai,Sales,Senior Account Executive,G3,Hybrid,2019-08-11,,Active,Full-Time,Yes,Not Applicable,Not Applicable,INR,83.0,268981,309328,3241,3727,4,11.2,Yes,23.2,5.0,2022-09-28,91.0,Internal Transfer,90.0,Yes,3.0,50,5.4,38892,44724,0
EMP0400,Ananya Lee,Male,1975-04-01,Singaporean,Asia Pacific,India,Mumbai,Finance,Finance Analyst,G2,Hybrid,2024-11-08,,Active,Full-Time,Yes,Not Applicable,Not Applicable,INR,83.0,134752,154965,1624,1867,5,7.6,Yes,55.0,9.0,2024-09-11,74.0,Linkedin,,No,3.0,49,0.1,19488,22404,0
EMP0401,Seo Tanaka,Male,1971-07-26,Singaporean,Asia Pacific,Malaysia,Kuala Lumpur,Finance,Finance Manager,G4,Hybrid,2021-07-14,,Active,Contractor,Yes,Not Applicable,Not Applicable,MYR,4.7,18716,21523,3982,4579,3,4.9,No,32.8,2.0,2023-11-10,12.0,Linkedin,64.0,Yes,1.0,53,3.5,47784,54948,0
EMP0402,Priya Kim,Female,1995-03-13,Japanese,Asia Pacific,Malaysia,Kuala Lumpur,Finance,Senior Finance Analyst,G3,Hybrid,2018-07-31,,Active,Full-Time,Yes,Not Applicable,Not Applicable,MYR,4.7,13667,15717,2908,3344,3,5.8,Yes,5.2,4.0,2024-06-06,60.0,Internal Transfer,87.0,Yes,4.0,29,6.4,34896,40128,0
EMP0403,Chen Williams,Not Declared,1995-11-24,Chinese,Asia Pacific,Malaysia,Kuala Lumpur,Sales,Senior Sales Manager,G5,Hybrid,2015-11-19,,Active,Full-Time,Yes,Not Applicable,Not Applicable,MYR,4.7,22711,26118,4832,5557,5,5.5,Yes,9.5,8.0,2024-01-10,40.0,Agency,30.0,No,4.0,29,9.1,57984,66684,0
EMP0404,Emma Lee,Female,1984-12-29,Chinese,Asia Pacific,Malaysia,Kuala Lumpur,Marketing,Marketing Assistant,G1,Remote,2021-12-18,,Active,Intern,Yes,Not Applicable,Not Applicable,MYR,4.7,7499,8624,1596,1835,2,8.3,No,32.3,1.0,2023-10-16,49.0,Internal Transfer,88.0,Yes,3.0,40,3.0,19152,22020,0
EMP0405,Lakshmi Suwannarat,Female,1970-03-24,Singaporean,Asia Pacific,Malaysia,Kuala Lumpur,HR,HR Specialist,G3,Hybrid,2019-12-09,,Active,Full-Time,Yes,Not Applicable,Not Applicable,MYR,4.7,12228,14062,2602,2992,3,5.8,No,74.2,6.0,2022-01-13,53.0,Linkedin,86.0,Yes,2.0,54,5.1,31224,35904,0
EMP0406,Sophie Wang,Not Declared,1984-01-31,Taiwanese,Asia Pacific,Malaysia,Kuala Lumpur,HR,HR Assistant,G1,Hybrid,2019-12-21,,Active,Contractor,Yes,Not Applicable,Not Applicable,MYR,4.7,5469,6289,1164,1338,4,10.5,Yes,53.1,10.0,2024-12-04,52.0,Internal Transfer,42.0,No,3.0,40,5.0,13968,16056,0
EMP0407,Meera Choi,Female,1979-12-13,Taiwanese,Asia Pacific,Malaysia,Kuala Lumpur,Finance,Finance Assistant,G1,Hybrid,2023-01-14,,Active,Full-Time,Yes,Not Applicable,Not Applicable,MYR,4.7,7381,8488,1570,1806,3,13.1,Yes,44.3,7.0,2023-07-14,98.0,Job Board,,Yes,4.0,45,2.0,18840,21672,0
EMP0408,Jose Charoenwong,Female,1982-05-31,Korean,Asia Pacific,Malaysia,Kuala Lumpur,HR,HR Executive,G2,Onsite,2022-12-14,2024-12-31,Terminated,Full-Time,Yes,Involuntary,Performance,MYR,4.7,9387,10795,1997,2297,3,11.5,Yes,42.0,1.0,2021-07-24,80.0,Job Board,64.0,Yes,1.0,42,2.0,23964,27564,1
EMP0409,Wei Zhang,Male,1989-08-20,American,Asia Pacific,Malaysia,Kuala Lumpur,Legal,Senior Legal Counsel,G4,Remote,2017-09-01,,Resigned,Full-Time,Yes,Voluntary,Personal Reason,MYR,4.7,18387,21145,3912,4499,3,13.2,No,41.2,5.0,,76.0,Job Board,71.0,Yes,4.0,35,7.3,46944,53988,1
EMP0410,Ng Kumar,Not Declared,1975-04-26,Singaporean,Asia Pacific,Malaysia,Kuala Lumpur,Legal,Legal Executive,G2,Remote,2023-10-21,,Active,Full-Time,No,Not Applicable,Not Applicable,MYR,4.7,10837,12463,2306,2652,3,1.1,No,50.6,2.0,2023-03-30,99.0,Agency,93.0,No,3.0,49,1.2,27672,31824,0
EMP0411,Thomas Brown,Male,1991-06-27,Chinese,Asia Pacific,Malaysia,Kuala Lumpur,Legal,Senior Legal Counsel,G4,Onsite,2019-06-12,,Active,Full-Time,No,Not Applicable,Not Applicable,MYR,4.7,16941,19482,3604,4145,4,14.4,Yes,21.1,1.0,2024-03-15,54.0,Job Board,35.0,Yes,,33,5.6,43248,49740,0
EMP0412,Min Pham,Male,1973-02-16,Singaporean,Asia Pacific,Malaysia,Kuala Lumpur,Delivery,Senior Project Manager,G4,Onsite,2021-09-24,,Active,Contractor,Yes,Not Applicable,Not Applicable,MYR,4.7,16791,19310,3573,4109,4,14.4,Yes,35.5,5.0,2023-05-13,11.0,Linkedin,65.0,Yes,4.0,51,3.3,42876,49308,0
EMP0413,Ji Reyes,Male,1970-05-19,American,Asia Pacific,Malaysia,Kuala Lumpur,Delivery,Delivery Coordinator,G1,Hybrid,2021-02-03,,Active,Full-Time,Yes,Not Applicable,Not Applicable,MYR,4.7,5977,6874,1272,1463,1,8.9,Yes,37.8,2.0,2023-12-07,86.0,Referral,85.0,Yes,4.0,54,3.9,15264,17556,0
EMP0414,Michelle Zhang,Female,1995-07-11,Korean,Asia Pacific,Malaysia,Kuala Lumpur,IT,Tech Lead,G4,Hybrid,2018-01-21,,Active,Full-Time,Yes,Not Applicable,Not Applicable,MYR,4.7,18352,21105,3905,4490,4,11.6,No,40.4,12.0,2023-03-19,16.0,Job Board,34.0,Yes,5.0,29,6.9,46860,53880,0
EMP0415,Min Tan,Male,1972-08-27,Thai,Asia Pacific,Malaysia,Kuala Lumpur,HR,HR Executive,G2,Remote,2021-05-15,,Resigned,Full-Time,Yes,Voluntary,Personal Reason,MYR,4.7,9957,11451,2119,2436,4,10.1,No,7.7,0.0,2021-11-02,10.0,Job Board,31.0,Yes,3.0,52,3.6,25428,29232,1
EMP0416,Kavya Li,Male,1975-12-04,Japanese,Asia Pacific,Malaysia,Kuala Lumpur,HR,HR Business Partner,G4,Remote,2018-01-03,2019-05-01,Resigned,Full-Time,No,Voluntary,Further Studies,MYR,4.7,16505,18981,3512,4039,4,8.0,No,15.8,8.0,2021-05-17,31.0,Referral,40.0,No,1.0,49,1.3,42144,48468,1
EMP0417,Budi Nguyen,Male,1989-10-12,Filipino,Asia Pacific,Malaysia,Kuala Lumpur,IT,Senior Engineering Manager,G6,Onsite,2017-02-11,,Active,Expat,Yes,Not Applicable,Not Applicable,MYR,4.7,23425,26939,4984,5732,3,9.1,Yes,18.4,3.0,2024-02-29,22.0,Linkedin,33.0,Yes,4.0,35,7.9,59808,68784,0
EMP0418,Koh Liu,Male,1998-09-08,Malaysian,Asia Pacific,Malaysia,Kuala Lumpur,Delivery,Project Analyst,G2,Onsite,2023-04-07,,Active,Full-Time,Yes,Not Applicable,Not Applicable,MYR,4.7,8708,10014,1853,2131,3,2.0,No,79.2,8.0,2023-01-18,90.0,Linkedin,45.0,Yes,3.0,26,1.7,22236,25572,0
EMP0419,Ong Tran,Female,1988-01-03,Hong Konger,Asia Pacific,Malaysia,Kuala Lumpur,Delivery,Delivery Manager,G5,Onsite,2018-10-06,,Active,Contractor,Yes,Not Applicable,Not Applicable,MYR,4.7,20346,23398,4329,4978,3,7.1,No,33.9,12.0,2024-10-26,44.0,Linkedin,50.0,Yes,3.0,37,6.2,51948,59736,0
EMP0420,Thomas Wong,Male,1970-08-10,Vietnamese,Asia Pacific,Malaysia,Kuala Lumpur,Sales,Regional Sales Manager,G6,Hybrid,2016-05-01,,Active,Full-Time,Yes,Not Applicable,Not Applicable,MYR,4.7,25000,28750,5319,6117,3,15.0,No,53.5,10.0,2023-02-05,32.0,Referral,29.0,No,3.0,54,8.7,63828,73404,0
EMP0421,Ahmad Choi,Male,1979-05-20,Indonesian,Asia Pacific,Malaysia,Kuala Lumpur,Sales,Regional Sales Manager,G6,Onsite,2016-12-22,,Resigned,Full-Time,No,Voluntary,Relocation,MYR,4.7,23941,27532,5094,5858,4,2.5,Yes,1.5,5.0,2021-10-30,36.0,Job Board,70.0,Yes,3.0,45,8.0,61128,70296,1
EMP0422,Michael Lin,Male,1972-12-12,Thai,Asia Pacific,Malaysia,Kuala Lumpur,Finance,Finance Analyst,G2,Hybrid,2019-04-19,,Active,Full-Time,Yes,Not Applicable,Not Applicable,MYR,4.7,9498,10923,2021,2324,4,11.5,Yes,34.2,11.0,2022-06-27,54.0,Referral,40.0,Yes,3.0,52,5.7,24252,27888,0
EMP0423,Sarah Lee,Female,1980-03-05,Korean,Asia Pacific,Malaysia,Kuala Lumpur,Marketing,Marketing Executive,G2,Hybrid,2023-01-29,,Active,Contractor,Yes,Not Applicable,Not Applicable,MYR,4.7,10353,11906,2203,2533,4,3.3,Yes,13.8,7.0,2024-05-24,18.0,Agency,75.0,Yes,4.0,44,1.9,26436,30396,0
EMP0424,Michelle Ong,Not Declared,2000-05-27,Chinese,Asia Pacific,Malaysia,Kuala Lumpur,Delivery,Senior Delivery Manager,G6,Remote,2020-07-12,,Resigned,Full-Time,No,Voluntary,Relocation,MYR,4.7,23360,26864,4970,5716,4,2.0,Yes,13.0,2.0,,,Internal Transfer,,Yes,3.0,24,4.5,59640,68592,1
EMP0425,Tan Brown,Male,1972-12-28,British,Asia Pacific,Malaysia,Kuala Lumpur,Delivery,Delivery Coordinator,G1,Hybrid,2024-07-07,2024-12-31,Resigned,Full-Time,No,Voluntary,Further Studies,MYR,4.7,7611,8753,1619,1862,4,9.8,Yes,,3.0,2021-12-24,5.0,Agency,44.0,Yes,4.0,52,0.5,19428,22344,1
EMP0426,Ong Charoenwong,Female,1970-10-05,Hong Konger,Asia Pacific,Malaysia,Kuala Lumpur,Delivery,Delivery Coordinator,G1,Onsite,2021-05-16,,Active,Intern,Yes,Not Applicable,Not Applicable,MYR,4.7,6089,7002,1296,1490,4,0.9,No,65.7,1.0,2023-06-04,25.0,Referral,24.0,No,2.0,54,3.6,15552,17880,0
EMP0427,Jessica Brown,Not Declared,1978-04-26,Indian,Asia Pacific,Malaysia,Kuala Lumpur,IT,Tech Lead,G4,Hybrid,2020-10-21,,Terminated,Full-Time,Yes,Involuntary,Misconduct,MYR,4.7,18795,21614,3999,4599,5,14.1,No,41.9,1.0,2023-02-22,15.0,Internal Transfer,89.0,Yes,3.0,46,4.2,47988,55188,1
EMP0428,Chris Guo,Female,1987-12-26,Thai,Asia Pacific,Malaysia,Kuala Lumpur,Marketing,Marketing Specialist,G3,Remote,2017-12-31,,Active,Full-Time,No,Not Applicable,Not Applicable,MYR,4.7,14762,16976,3141,3612,3,14.9,Yes,29.1,1.0,2024-04-12,32.0,Agency,75.0,Yes,3.0,37,7.0,37692,43344,0
EMP0429,David Kim,Female,2000-04-02,Malaysian,Asia Pacific,Malaysia,Kuala Lumpur,IT,Software Engineer,G2,Remote,2022-04-02,,Active,Contractor,Yes,Not Applicable,Not Applicable,MYR,4.7,9450,10868,2011,2312,4,5.0,Yes,74.1,7.0,2024-06-09,32.0,Agency,52.0,Yes,3.0,24,2.8,24132,27744,0
EMP0430,Lim Choi,Male,1972-02-22,Hong Konger,Asia Pacific,Malaysia,Kuala Lumpur,Legal,Legal Counsel,G3,Onsite,2022-05-08,,Active,Full-Time,Yes,Not Applicable,Not Applicable,MYR,4.7,13704,15760,2916,3353,4,9.6,No,48.3,5.0,2022-07-24,32.0,Linkedin,88.0,No,3.0,52,2.7,34992,40236,0
EMP0431,Arun Smith,Female,1972-11-16,Indian,Asia Pacific,Malaysia,Kuala Lumpur,Delivery,Project Manager,G3,Remote,2018-08-03,,Resigned,Contractor,Yes,Voluntary,Better Opportunity,MYR,4.7,13092,15056,2786,3203,3,10.6,Yes,20.2,7.0,2023-06-01,6.0,Internal Transfer,23.0,No,3.0,52,6.4,33432,38436,1
EMP0432,Budi Wong,Male,1999-06-06,Australian,Asia Pacific,Malaysia,Kuala Lumpur,HR,HR Executive,G2,Onsite,2023-08-30,,Active,Full-Time,No,Not Applicable,Not Applicable,MYR,4.7,10261,11800,2183,2511,3,12.3,No,6.5,11.0,2023-10-05,74.0,Referral,50.0,No,2.0,25,1.3,26196,30132,0
EMP0433,Jin Santos,Female,1985-02-08,Korean,Asia Pacific,Malaysia,Kuala Lumpur,Sales,Sales Manager,G4,Hybrid,2018-07-01,,Active,Full-Time,Yes,Not Applicable,Not Applicable,MYR,4.7,18635,21430,3965,4560,1,0.2,Yes,47.6,2.0,2023-03-18,28.0,Linkedin,43.0,No,4.0,39,6.5,47580,54720,0
EMP0434,Lee Wijaya,Male,1977-10-06,American,Asia Pacific,Malaysia,Kuala Lumpur,Finance,Finance Manager,G4,Remote,2018-11-30,,Active,Full-Time,Yes,Not Applicable,Not Applicable,MYR,4.7,18378,21135,3910,4497,5,2.0,Yes,26.5,2.0,2022-02-03,18.0,Referral,31.0,Yes,2.0,47,6.1,46920,53964,0
EMP0435,Emma Nguyen,Female,1998-09-13,Chinese,Asia Pacific,Malaysia,Kuala Lumpur,Finance,Senior Finance Analyst,G3,Hybrid,2022-04-06,,Active,Full-Time,Yes,Not Applicable,Not Applicable,MYR,4.7,14701,16906,3128,3597,2,2.3,Yes,65.0,10.0,2023-12-04,45.0,Internal Transfer,47.0,No,3.0,26,2.7,37536,43164,0
EMP0436,Michelle Reyes,Not Declared,1972-03-30,Taiwanese,Asia Pacific,Malaysia,Kuala Lumpur,HR,HR Specialist,G3,Remote,2022-06-09,,Active,Full-Time,Yes,Not Applicable,Not Applicable,MYR,4.7,13884,15967,2954,3397,3,2.3,Yes,77.8,10.0,2023-05-31,73.0,Referral,29.0,Yes,3.0,52,2.6,35448,40764,0
EMP0437,Raj Ng,Male,2001-01-21,Chinese,Asia Pacific,Malaysia,Kuala Lumpur,Sales,Account Executive,G2,Hybrid,2023-12-19,,Resigned,Contractor,Yes,Voluntary,Health Reasons,MYR,4.7,9131,10501,1943,2234,4,0.2,Yes,46.0,1.0,2022-10-04,,Job Board,94.0,Yes,4.0,23,1.0,23316,26808,1
EMP0438,Chen Park,Not Declared,1976-01-02,Singaporean,Asia Pacific,Malaysia,Kuala Lumpur,Delivery,Project Analyst,G2,Hybrid,2022-03-16,,Active,Full-Time,Yes,Not Applicable,Not Applicable,MYR,4.7,10475,12046,2229,2563,5,6.2,Yes,48.9,6.0,2024-04-03,31.0,Referral,34.0,Yes,4.0,49,2.8,26748,30756,0
EMP0439,Min Lee,Male,1977-12-06,British,Asia Pacific,Malaysia,Kuala Lumpur,Finance,Finance Assistant,G1,Onsite,2023-03-05,,Active,Intern,Yes,Not Applicable,Not Applicable,MYR,4.7,7483,8605,1592,1831,2,5.6,Yes,37.1,7.0,2024-10-19,99.0,Agency,28.0,Yes,3.0,47,1.8,19104,21972,0
EMP0440,Amanda Suwannarat,Female,1998-08-11,Filipino,Asia Pacific,Malaysia,Kuala Lumpur,Legal,Legal Manager,G5,Onsite,2016-05-01,,Active,Full-Time,Yes,Not Applicable,Not Applicable,MYR,4.7,20272,23313,4313,4960,4,1.7,Yes,74.7,3.0,2023-01-02,17.0,Referral,,Yes,,26,8.7,51756,59520,0
EMP0441,Lakshmi Suzuki,Female,1995-10-23,Korean,Asia Pacific,Malaysia,Kuala Lumpur,Marketing,Marketing Assistant,G1,Onsite,2021-03-26,,Active,Full-Time,Yes,Not Applicable,Not Applicable,MYR,4.7,4612,5304,981,1129,5,6.3,Yes,56.3,3.0,2022-01-05,16.0,Agency,35.0,Yes,3.0,29,3.8,11772,13548,0
EMP0442,Arjun Patel,Not Declared,2001-04-15,Filipino,Asia Pacific,Malaysia,Kuala Lumpur,Finance,Finance Manager,G4,Remote,2019-07-20,,Active,Full-Time,Yes,Not Applicable,Not Applicable,MYR,4.7,18959,21803,4034,4639,5,7.5,No,55.2,4.0,2023-03-16,83.0,Job Board,25.0,Yes,5.0,23,5.5,48408,55668,0
EMP0443,Chen Wong,Not Declared,1972-11-03,Chinese,Asia Pacific,Malaysia,Kuala Lumpur,IT,Software Engineer,G2,Hybrid,2024-05-29,,Active,Full-Time,Yes,Not Applicable,Not Applicable,MYR,4.7,7716,8873,1642,1888,4,10.9,No,16.7,11.0,2024-12-06,19.0,Agency,24.0,Yes,4.0,52,0.6,19704,22656,0
EMP0444,Yuki Park,Male,1997-06-09,British,Asia Pacific,Malaysia,Kuala Lumpur,Legal,Legal Counsel,G3,Hybrid,2022-01-10,,Active,Full-Time,Yes,Not Applicable,Not Applicable,MYR,4.7,13763,15827,2928,3367,5,2.4,Yes,49.8,11.0,2024-06-10,67.0,Linkedin,53.0,No,4.0,27,3.0,35136,40404,0
EMP0445,Jessica Nguyen,Not Declared,1995-08-12,Thai,Asia Pacific,Malaysia,Kuala Lumpur,IT,Software Engineer,G2,Remote,2024-08-26,,Active,Contractor,Yes,Not Applicable,Not Applicable,MYR,4.7,9122,10490,1941,2232,3,6.9,No,30.1,7.0,2024-12-28,20.0,Job Board,89.0,Yes,3.0,29,0.4,23292,26784,0
EMP0446,Arjun Singh,Male,1982-02-19,Chinese,Asia Pacific,Malaysia,Kuala Lumpur,Sales,Account Executive,G2,Onsite,2019-01-03,,Active,Full-Time,Yes,Not Applicable,Not Applicable,MYR,4.7,9437,10853,2008,2309,5,12.1,Yes,27.2,9.0,2023-05-01,66.0,Job Board,28.0,Yes,5.0,42,6.0,24096,27708,0
EMP0447,Haruto Le,Female,1995-05-12,Malaysian,Asia Pacific,Malaysia,Kuala Lumpur,Sales,Senior Account Executive,G3,Hybrid,2017-08-01,,Active,Full-Time,Yes,Not Applicable,Not Applicable,MYR,4.7,14193,16322,3020,3473,1,1.8,Yes,35.5,11.0,2022-03-13,13.0,Referral,30.0,No,3.0,29,7.4,36240,41676,0
EMP0448,Lakshmi Suzuki,Female,1976-02-22,Indonesian,Asia Pacific,Malaysia,Kuala Lumpur,IT,Tech Lead,G4,Remote,2019-01-11,,Active,Full-Time,Yes,Not Applicable,Not Applicable,MYR,4.7,16763,19277,3567,4101,5,9.7,Yes,64.3,5.0,2024-10-18,38.0,Job Board,51.0,Yes,4.0,48,6.0,42804,49212,0
EMP0449,Wong Wong,Male,1991-03-10,Malaysian,Asia Pacific,Malaysia,Kuala Lumpur,Sales,Senior Account Executive,G3,Hybrid,2021-10-10,,Active,Contractor,Yes,Not Applicable,Not Applicable,MYR,4.7,13603,15643,2894,3328,3,5.2,Yes,55.3,9.0,2023-10-28,25.0,Internal Transfer,36.0,Yes,4.0,33,3.2,34728,39936,0
EMP0450,Michael Ong,Male,1985-12-30,Japanese,Asia Pacific,Malaysia,Kuala Lumpur,Finance,Finance Analyst,G2,Hybrid,2024-03-04,,Active,Full-Time,Yes,Not Applicable,Not Applicable,MYR,4.7,9930,11420,2113,2430,5,6.9,Yes,68.4,10.0,2023-02-21,13.0,Referral,83.0,Yes,4.0,39,0.8,25356,29160,0
EMP0451,Michael Ng,Not Declared,1989-07-03,Indian,Asia Pacific,Malaysia,Kuala Lumpur,Legal,Senior Legal Counsel,G4,Hybrid,2021-12-29,,Active,Full-Time,Yes,Not Applicable,Not Applicable,MYR,4.7,18765,21580,3993,4591,3,4.9,No,65.7,9.0,2022-04-13,19.0,Internal Transfer,60.0,Yes,3.0,35,3.0,47916,55092,0
EMP0452,Jose Patel,Not Declared,1996-04-12,Japanese,Asia Pacific,Malaysia,Kuala Lumpur,HR,HR Business Partner,G4,Hybrid,2020-10-25,,Active,Full-Time,Yes,Not Applicable,Not Applicable,MYR,4.7,17755,20418,3778,4344,3,14.0,No,16.4,12.0,2022-06-24,59.0,Job Board,52.0,No,3.0,28,4.2,45336,52128,0
EMP0453,Chen Kim,Not Declared,1974-12-27,British,Asia Pacific,Malaysia,Kuala Lumpur,Marketing,Marketing Assistant,G1,Hybrid,2024-03-10,,Active,Intern,Yes,Not Applicable,Not Applicable,MYR,4.7,7435,8550,1582,1819,4,12.6,No,26.7,9.0,2023-01-20,68.0,Job Board,74.0,Yes,4.0,50,0.8,18984,21828,0
EMP0454,Chris Chen,Not Declared,1981-01-09,Hong Konger,Asia Pacific,Malaysia,Kuala Lumpur,IT,Tech Lead,G4,Hybrid,2020-10-10,2021-07-09,Resigned,Full-Time,Yes,Voluntary,Health Reasons,MYR,4.7,17466,20086,3716,4274,4,5.6,Yes,55.5,3.0,2023-02-05,,Agency,83.0,Yes,4.0,44,0.7,44592,51288,1
EMP0455,Lee Suwannarat,Male,1989-02-19,Singaporean,Asia Pacific,Malaysia,Kuala Lumpur,Marketing,Marketing Assistant,G1,Remote,2020-02-18,,Active,Contractor,Yes,Not Applicable,Not Applicable,MYR,4.7,4564,5249,971,1117,3,13.2,Yes,58.3,4.0,2024-03-31,16.0,Agency,82.0,Yes,4.0,35,4.9,11652,13404,0
EMP0456,Thomas Guo,Female,1987-04-23,British,Asia Pacific,Malaysia,Kuala Lumpur,IT,Software Engineer,G2,Onsite,2023-01-02,,Resigned,Full-Time,No,Voluntary,Further Studies,MYR,4.7,9631,11076,2049,2357,4,12.6,No,10.9,,,80.0,Job Board,58.0,No,4.0,37,2.0,24588,28284,1
EMP0457,Somchai Sharma,Male,1971-09-06,Malaysian,Asia Pacific,Malaysia,Kuala Lumpur,Delivery,Project Manager,G3,Hybrid,2019-05-27,,Active,Full-Time,Yes,Not Applicable,Not Applicable,MYR,4.7,13180,15157,2804,3225,3,14.0,No,11.8,11.0,2023-06-15,71.0,Job Board,89.0,Yes,3.0,53,5.6,33648,38700,0
EMP0458,Maria Santoso,Male,1984-09-28,Chinese,Asia Pacific,Malaysia,Kuala Lumpur,Delivery,Delivery Manager,G5,Remote,2016-05-19,2017-02-10,Resigned,Full-Time,Yes,Voluntary,Further Studies,MYR,4.7,22085,25398,4699,5404,4,12.3,No,2.1,3.0,2023-12-07,41.0,Referral,71.0,Yes,4.0,40,0.7,56388,64848,1
EMP0459,Seo Singh,Male,1987-10-05,Indian,Asia Pacific,Malaysia,Kuala Lumpur,Legal,Legal Executive,G2,Remote,2021-12-09,,Resigned,Full-Time,No,Voluntary,Personal Reason,MYR,4.7,8020,9223,1706,1962,3,4.2,Yes,29.7,4.0,,22.0,Referral,24.0,Yes,4.0,37,3.1,20472,23544,1
EMP0460,Sarah Wong,Female,2001-02-15,Taiwanese,Asia Pacific,Malaysia,Kuala Lumpur,Delivery,Project Analyst,G2,Hybrid,2024-12-25,,Active,Contractor,No,Not Applicable,Not Applicable,MYR,4.7,8217,9450,1748,2011,3,6.5,No,20.3,8.0,2022-01-25,23.0,Job Board,36.0,Yes,4.0,23,0.0,20976,24132,0
EMP0461,Arun Kumar,Female,1979-09-13,Hong Konger,Asia Pacific,Malaysia,Kuala Lumpur,IT,IT Support,G1,Onsite,2020-12-04,,Active,Full-Time,Yes,Not Applicable,Not Applicable,MYR,4.7,6236,7171,1327,1526,3,0.6,Yes,71.2,11.0,2024-03-09,55.0,Referral,47.0,Yes,4.0,45,4.1,15924,18312,0
EMP0462,Budi Tan,Male,1974-03-02,Taiwanese,Asia Pacific,Malaysia,Kuala Lumpur,IT,IT Support,G1,Hybrid,2022-01-10,,Active,Intern,Yes,Not Applicable,Not Applicable,MYR,4.7,6881,7913,1464,1684,5,11.0,Yes,27.2,8.0,2024-08-29,89.0,Job Board,41.0,Yes,4.0,50,3.0,17568,20208,0
EMP0463,Tran Dela Cruz,Male,1974-10-08,Hong Konger,Asia Pacific,Malaysia,Kuala Lumpur,Delivery,Delivery Coordinator,G1,Hybrid,2023-10-27,,Active,Intern,Yes,Not Applicable,Not Applicable,MYR,4.7,6965,8010,1482,1704,3,9.1,Yes,35.4,8.0,2024-05-26,81.0,Internal Transfer,31.0,No,2.0,50,1.2,17784,20448,0
EMP0464,Dewi Sharma,Not Declared,1993-09-25,American,Asia Pacific,Malaysia,Kuala Lumpur,Sales,Sales Manager,G4,Hybrid,2018-06-08,,Active,Contractor,Yes,Not Applicable,Not Applicable,MYR,4.7,19262,22151,4098,4713,3,4.0,Yes,38.1,1.0,2024-10-29,24.0,Referral,82.0,No,3.0,31,6.6,49176,56556,0
EMP0465,Ji Le,Female,1990-05-05,Malaysian,Asia Pacific,Malaysia,Kuala Lumpur,Marketing,Marketing Assistant,G1,Hybrid,2024-11-04,,Active,Intern,Yes,Not Applicable,Not Applicable,MYR,4.7,7778,8945,1655,1903,2,1.8,No,5.8,2.0,2024-02-27,61.0,Referral,32.0,Yes,4.0,34,0.2,19860,22836,0
EMP0466,Haruto Koh,Male,1996-10-07,British,Asia Pacific,Malaysia,Kuala Lumpur,Sales,Regional Sales Manager,G6,Onsite,2017-10-17,2021-01-09,Resigned,Full-Time,Yes,Voluntary,Further Studies,MYR,4.7,24495,28169,5212,5993,4,5.5,Yes,45.6,4.0,,,Agency,16.0,Yes,4.0,28,3.2,62544,71916,1
EMP0467,Lee Singh,Not Declared,1974-02-09,Korean,Asia Pacific,Malaysia,Kuala Lumpur,Marketing,Marketing Executive,G2,Onsite,2024-10-03,2024-12-31,Resigned,Full-Time,Yes,Voluntary,Personal Reason,MYR,4.7,8735,10045,1859,2137,5,7.5,No,28.1,5.0,2022-01-30,13.0,Referral,73.0,Yes,3.0,50,0.2,22308,25644,1
EMP0468,Min Patel,Female,1971-01-21,Singaporean,Asia Pacific,Malaysia,Kuala Lumpur,HR,HR Assistant,G1,Onsite,2024-02-21,,Active,Full-Time,Yes,Not Applicable,Not Applicable,MYR,4.7,7373,8479,1569,1804,5,3.0,No,47.2,11.0,2024-05-24,16.0,Linkedin,48.0,No,1.0,53,0.9,18828,21648,0
EMP0469,Min Yang,Male,1974-10-21,Hong Konger,Asia Pacific,Malaysia,Kuala Lumpur,HR,HR Executive,G2,Hybrid,2021-04-19,,Active,Intern,Yes,Not Applicable,Not Applicable,MYR,4.7,10410,11971,2215,2547,3,5.2,No,10.3,7.0,2024-12-31,25.0,Agency,31.0,Yes,3.0,50,3.7,26580,30564,0
EMP0470,Seo Park,Female,1997-12-21,Thai,Asia Pacific,Malaysia,Kuala Lumpur,IT,Senior Software Engineer,G3,Onsite,2017-09-04,,Active,Full-Time,No,Not Applicable,Not Applicable,MYR,4.7,11893,13677,2530,2910,5,1.6,Yes,42.0,8.0,2023-09-10,98.0,Referral,49.0,Yes,3.0,27,7.3,30360,34920,0
EMP0471,Nattaporn Le,Male,1975-07-21,Australian,Asia Pacific,Malaysia,Kuala Lumpur,Delivery,Senior Project Manager,G4,Onsite,2017-11-25,,Active,Full-Time,Yes,Not Applicable,Not Applicable,MYR,4.7,15978,18375,3400,3910,4,3.5,Yes,55.5,5.0,2024-10-21,89.0,Internal Transfer,23.0,No,5.0,49,7.1,40800,46920,0
EMP0472,Arjun Pham,Not Declared,1989-01-05,Singaporean,Asia Pacific,Malaysia,Kuala Lumpur,Sales,Senior Sales Manager,G5,Hybrid,2020-08-31,2023-06-06,Terminated,Full-Time,Yes,Involuntary,Performance,MYR,4.7,21041,24197,4477,5148,4,9.3,No,,,2021-01-28,74.0,Job Board,45.0,Yes,4.0,36,2.8,53724,61776,1
EMP0473,Arjun Müller,Not Declared,1999-01-26,Thai,Asia Pacific,Malaysia,Kuala Lumpur,Sales,Regional Sales Manager,G6,Remote,2018-09-08,,Resigned,Expat,Yes,Voluntary,Personal Reason,MYR,4.7,24051,27659,5117,5885,4,0.3,No,40.6,8.0,2023-08-24,,Job Board,22.0,Yes,5.0,25,6.3,61404,70620,1
EMP0474,Jessica Charoenwong,Male,1990-01-26,American,Asia Pacific,Malaysia,Kuala Lumpur,IT,Senior Software Engineer,G3,Remote,2017-01-29,,Active,Full-Time,Yes,Not Applicable,Not Applicable,MYR,4.7,11820,13593,2515,2892,4,8.2,No,39.4,9.0,2022-03-06,11.0,Agency,52.0,Yes,3.0,34,7.9,30180,34704,0
EMP0475,Chen Wang,Male,1981-01-11,Hong Konger,Asia Pacific,Malaysia,Kuala Lumpur,Sales,Regional Sales Manager,G6,Onsite,2016-08-04,,Active,Full-Time,Yes,Not Applicable,Not Applicable,MYR,4.7,22658,26057,4821,5544,3,4.5,Yes,9.5,8.0,2022-01-20,30.0,Agency,,No,4.0,44,8.4,57852,66528,0
EMP0476,Suresh Wang,Female,1980-04-03,Singaporean,Asia Pacific,Malaysia,Kuala Lumpur,Finance,Finance Assistant,G1,Hybrid,2023-02-02,,Active,Intern,Yes,Not Applicable,Not Applicable,MYR,4.7,7744,8906,1648,1895,4,6.1,No,21.6,10.0,2023-11-07,31.0,Internal Transfer,15.0,Yes,5.0,44,1.9,19776,22740,0
EMP0477,Jessica Charoenwong,Male,1980-07-04,Hong Konger,Asia Pacific,Malaysia,Kuala Lumpur,Legal,Senior Legal Counsel,G4,Onsite,2020-10-30,,Active,Full-Time,Yes,Not Applicable,Not Applicable,MYR,4.7,18840,21666,4009,4610,4,11.4,No,39.1,4.0,2024-02-25,12.0,Agency,70.0,Yes,3.0,44,4.2,48108,55320,0
EMP0478,Ravi Ong,Male,1979-09-18,Australian,Asia Pacific,Malaysia,Kuala Lumpur,IT,Software Engineer,G2,Onsite,2021-01-30,,Active,Contractor,Yes,Not Applicable,Not Applicable,MYR,4.7,7815,8987,1663,1912,3,12.7,No,55.1,7.0,2022-04-13,25.0,Referral,65.0,Yes,3.0,45,3.9,19956,22944,0
EMP0479,Ng Choi,Female,1991-05-07,Filipino,Asia Pacific,Malaysia,Kuala Lumpur,Delivery,Delivery Coordinator,G1,Hybrid,2024-12-06,,Active,Full-Time,Yes,Not Applicable,Not Applicable,MYR,4.7,6017,6920,1280,1472,2,13.4,No,64.6,9.0,2024-12-07,99.0,Internal Transfer,37.0,Yes,3.0,33,0.1,15360,17664,0
EMP0480,Wei Suwannarat,Female,1988-06-16,Vietnamese,Asia Pacific,Malaysia,Kuala Lumpur,HR,HR Business Partner,G4,Hybrid,2020-10-20,,Active,Full-Time,Yes,Not Applicable,Not Applicable,MYR,4.7,18828,21652,4006,4607,4,12.9,Yes,63.4,5.0,2022-10-29,86.0,Job Board,66.0,No,4.0,36,4.2,48072,55284,0
EMP0481,Tran Le,Not Declared,1988-02-17,Hong Konger,Asia Pacific,Thailand,Bangkok,Marketing,Marketing Executive,G2,Hybrid,2020-02-29,2020-09-28,Terminated,Contractor,Yes,Involuntary,Performance,THB,36.0,59824,68798,1662,1911,3,14.4,Yes,5.7,4.0,,40.0,Linkedin,84.0,Yes,4.0,36,0.6,19944,22932,1
EMP0482,Min Chen,Female,1977-03-04,Hong Konger,Asia Pacific,Thailand,Bangkok,Legal,Senior Legal Counsel,G4,Remote,2017-01-22,2017-12-01,Terminated,Full-Time,Yes,Involuntary,Misconduct,THB,36.0,123895,142479,3442,3958,4,12.3,Yes,,3.0,,79.0,Job Board,26.0,Yes,5.0,47,0.9,41304,47496,1
EMP0483,Lakshmi Yang,Male,1990-04-22,Korean,Asia Pacific,Thailand,Bangkok,HR,HR Specialist,G3,Hybrid,2017-01-12,,Active,Full-Time,Yes,Not Applicable,Not Applicable,THB,36.0,94221,108354,2617,3010,3,13.1,Yes,45.5,11.0,2022-07-31,61.0,Referral,36.0,Yes,3.0,34,8.0,31404,36120,0
EMP0484,Siti Sharma,Female,1999-03-31,Japanese,Asia Pacific,Thailand,Bangkok,Legal,Legal Executive,G2,Hybrid,2021-07-15,,Active,Intern,Yes,Not Applicable,Not Applicable,THB,36.0,74609,85800,2072,2383,4,0.5,No,48.1,9.0,2023-08-07,73.0,Referral,46.0,Yes,5.0,25,3.5,24864,28596,0
EMP0485,Suresh Santos,Not Declared,1996-12-19,Hong Konger,Asia Pacific,Thailand,Bangkok,Finance,Finance Director,G6,Hybrid,2020-07-26,,Active,Full-Time,Yes,Not Applicable,Not Applicable,THB,36.0,171535,197265,4765,5480,4,4.2,Yes,5.1,3.0,2023-07-04,68.0,Internal Transfer,72.0,Yes,2.0,28,4.4,57180,65760,0
EMP0486,Lim Singh,Female,1975-05-28,Vietnamese,Asia Pacific,Thailand,Bangkok,Sales,Sales Manager,G4,Hybrid,2018-10-11,2022-04-13,Resigned,Full-Time,Yes,Voluntary,Relocation,THB,36.0,132424,152288,3678,4230,2,10.4,No,19.1,2.0,,24.0,Linkedin,71.0,Yes,4.0,49,3.5,44136,50760,1
EMP0487,Chris Chen,Male,1983-07-28,Japanese,Asia Pacific,Thailand,Bangkok,Marketing,Marketing Specialist,G3,Hybrid,2021-04-15,,Active,Contractor,Yes,Not Applicable,Not Applicable,THB,36.0,90515,104092,2514,2891,3,2.6,Yes,46.4,6.0,2022-07-15,42.0,Internal Transfer,36.0,Yes,4.0,41,3.7,30168,34692,0
EMP0488,Li Müller,Female,1975-08-16,Taiwanese,Asia Pacific,Thailand,Bangkok,Marketing,Senior Marketing Specialist,G4,Hybrid,2019-06-07,,Active,Contractor,Yes,Not Applicable,Not Applicable,THB,36.0,123153,141626,3421,3934,3,11.8,Yes,46.2,3.0,2023-01-11,88.0,Linkedin,83.0,Yes,4.0,49,5.6,41052,47208,0
EMP0489,Suresh Kumar,Not Declared,2001-07-01,Taiwanese,Asia Pacific,Thailand,Bangkok,IT,Software Engineer,G2,Hybrid,2023-08-06,,Active,Full-Time,Yes,Not Applicable,Not Applicable,THB,36.0,75445,86762,2096,2410,3,12.6,No,31.5,4.0,2023-01-15,16.0,Agency,17.0,Yes,2.0,23,1.4,25152,28920,0
EMP0490,Sarah Williams,Male,1984-05-15,Filipino,Asia Pacific,Thailand,Bangkok,Legal,Legal Counsel,G3,Remote,2017-08-13,,Active,Full-Time,Yes,Not Applicable,Not Applicable,THB,36.0,88615,101907,2462,2831,3,10.6,No,30.9,1.0,2023-10-29,31.0,Referral,69.0,Yes,4.0,40,7.4,29544,33972,0
EMP0491,Sophie Brown,Female,1993-06-23,Indonesian,Asia Pacific,Thailand,Bangkok,IT,Senior Engineering Manager,G6,Hybrid,2017-05-03,,Active,Expat,Yes,Not Applicable,Not Applicable,THB,36.0,164821,189544,4578,5265,5,12.3,No,65.5,8.0,2023-11-03,87.0,Linkedin,71.0,Yes,5.0,31,7.7,54936,63180,0
EMP0492,Haruto Yamamoto,Not Declared,1970-06-26,Indian,Asia Pacific,Thailand,Bangkok,Legal,Legal Manager,G5,Onsite,2019-03-31,,Active,Expat,Yes,Not Applicable,Not Applicable,THB,36.0,154426,177590,4290,4933,1,10.3,Yes,43.2,12.0,2023-06-30,16.0,Linkedin,15.0,Yes,5.0,54,5.8,51480,59196,0
EMP0493,Dewi Jones,Female,1974-03-18,Thai,Asia Pacific,Thailand,Bangkok,Finance,Senior Finance Analyst,G3,Hybrid,2022-02-16,,Active,Full-Time,No,Not Applicable,Not Applicable,THB,36.0,87477,100599,2430,2794,4,12.6,No,30.7,7.0,2023-06-10,91.0,Job Board,64.0,No,5.0,50,2.9,29160,33528,0
EMP0494,Jose Sharma,Not Declared,1987-04-10,Singaporean,Asia Pacific,Thailand,Bangkok,Legal,Legal Director,G6,Hybrid,2019-10-21,,Resigned,Full-Time,Yes,Voluntary,Better Opportunity,THB,36.0,166396,191355,4622,5315,1,7.2,Yes,49.0,1.0,2021-10-05,,Referral,75.0,No,4.0,37,5.2,55464,63780,1
EMP0495,Lim Müller,Not Declared,1991-08-09,Filipino,Asia Pacific,Thailand,Bangkok,HR,HR Business Partner,G4,Onsite,2020-08-14,2024-07-03,Resigned,Contractor,Yes,Voluntary,Health Reasons,THB,36.0,116908,134444,3247,3735,4,8.4,No,32.7,7.0,,15.0,Linkedin,66.0,Yes,5.0,33,3.9,38964,44820,1
EMP0496,Meera Chan,Male,1990-10-19,Australian,Asia Pacific,Thailand,Bangkok,IT,Tech Lead,G4,Onsite,2020-06-15,,Active,Full-Time,Yes,Not Applicable,Not Applicable,THB,36.0,129595,149034,3600,4140,3,3.1,No,44.7,11.0,2023-04-26,98.0,Linkedin,45.0,No,5.0,34,4.5,43200,49680,0
EMP0497,Amanda Lee,Female,1980-05-29,Chinese,Asia Pacific,Thailand,Bangkok,Marketing,Senior Marketing Specialist,G4,Onsite,2019-10-02,,Active,Contractor,Yes,Not Applicable,Not Applicable,THB,36.0,134287,154430,3730,4290,4,12.3,Yes,59.1,2.0,2024-04-28,52.0,Linkedin,63.0,No,3.0,44,5.3,44760,51480,0
EMP0498,Sarah Reyes,Male,1990-01-07,American,Asia Pacific,Thailand,Bangkok,HR,HR Executive,G2,Onsite,2019-09-26,,Active,Full-Time,Yes,Not Applicable,Not Applicable,THB,36.0,68189,78417,1894,2178,4,6.2,Yes,70.1,5.0,2023-09-05,86.0,Agency,18.0,Yes,,35,5.3,22728,26136,0
EMP0499,James Kumar,Not Declared,1975-12-27,British,Asia Pacific,Thailand,Bangkok,HR,HR Executive,G2,Hybrid,2020-12-18,,Active,Intern,Yes,Not Applicable,Not Applicable,THB,36.0,71640,82386,1990,2288,5,4.2,Yes,65.0,7.0,2023-01-12,68.0,Agency,77.0,No,1.0,49,4.0,23880,27456,0
EMP0500,Arun Johnson,Male,1981-03-18,Hong Konger,Asia Pacific,Thailand,Bangkok,IT,Senior Software Engineer,G3,Hybrid,2020-04-17,,Active,Full-Time,Yes,Not Applicable,Not Applicable,THB,36.0,105767,121632,2938,3379,5,4.6,Yes,20.9,7.0,2023-06-08,55.0,Linkedin,71.0,Yes,3.0,43,4.7,35256,40548,0
EMP0501,James Ong,Female,1988-02-02,Japanese,Asia Pacific,Thailand,Bangkok,IT,Senior Software Engineer,G3,Hybrid,2017-10-29,,Active,Full-Time,Yes,Not Applicable,Not Applicable,THB,36.0,99107,113973,2753,3166,3,13.7,No,72.8,3.0,2022-04-14,96.0,Referral,64.0,Yes,4.0,36,7.2,33036,37992,0
EMP0502,Ng Choi,Female,1994-10-19,Korean,Asia Pacific,Thailand,Bangkok,IT,Engineering Manager,G5,Onsite,2020-03-15,,Active,Expat,Yes,Not Applicable,Not Applicable,THB,36.0,145495,167319,4042,4648,5,6.5,Yes,22.8,9.0,2022-12-20,14.0,Agency,46.0,Yes,4.0,30,4.8,48504,55776,0
EMP0503,Dewi Huang,Male,1982-10-02,Korean,Asia Pacific,Thailand,Bangkok,Marketing,Marketing Assistant,G1,Hybrid,2021-04-16,,Active,Intern,Yes,Not Applicable,Not Applicable,THB,36.0,40714,46821,1131,1301,5,12.7,No,6.5,10.0,2024-06-09,68.0,Job Board,32.0,Yes,,42,3.7,13572,15612,0
EMP0504,Arun Park,Male,1999-02-11,British,Asia Pacific,Thailand,Bangkok,Legal,Legal Counsel,G3,Remote,2017-12-15,,Active,Full-Time,Yes,Not Applicable,Not Applicable,THB,36.0,100571,115657,2794,3213,1,9.2,No,75.2,7.0,2023-11-14,98.0,Referral,52.0,No,,25,7.0,33528,38556,0
EMP0505,Arjun Ong,Not Declared,1999-10-02,Indian,Asia Pacific,Thailand,Bangkok,HR,HR Assistant,G1,Remote,2019-10-18,,Active,Intern,Yes,Not Applicable,Not Applicable,THB,36.0,37641,43287,1046,1202,3,2.8,No,65.6,5.0,2023-07-18,86.0,Agency,15.0,Yes,1.0,25,5.2,12552,14424,0
EMP0506,Lim Choi,Female,1974-01-11,Vietnamese,Asia Pacific,Thailand,Bangkok,Delivery,Project Analyst,G2,Remote,2022-11-22,,Active,Full-Time,Yes,Not Applicable,Not Applicable,THB,36.0,60122,69140,1670,1921,3,9.1,Yes,64.4,9.0,2022-01-03,41.0,Internal Transfer,27.0,Yes,3.0,51,2.1,20040,23052,0
EMP0507,Dewi Chen,Male,1981-02-25,Hong Konger,Asia Pacific,Thailand,Bangkok,Sales,Sales Manager,G4,Hybrid,2017-04-09,,Active,Full-Time,Yes,Not Applicable,Not Applicable,THB,36.0,124948,143690,3471,3991,3,14.1,No,22.1,6.0,2024-03-28,72.0,Agency,17.0,Yes,1.0,43,7.7,41652,47892,0
EMP0508,Somchai Singh,Not Declared,1972-05-25,Japanese,Asia Pacific,Thailand,Bangkok,Sales,Sales Manager,G4,Hybrid,2022-06-02,,Active,Intern,Yes,Not Applicable,Not Applicable,THB,36.0,119537,137468,3320,3819,5,10.7,Yes,50.8,9.0,2023-08-01,88.0,Linkedin,33.0,Yes,2.0,52,2.6,39840,45828,0
EMP0509,Maria Ong,Female,2000-06-02,Singaporean,Asia Pacific,Thailand,Bangkok,IT,Senior Software Engineer,G3,Hybrid,2020-02-15,,Active,Full-Time,Yes,Not Applicable,Not Applicable,THB,36.0,108506,124782,3014,3466,2,8.0,No,62.7,11.0,2023-02-07,17.0,Linkedin,24.0,No,4.0,24,4.9,36168,41592,0
EMP0510,Siti Park,Male,1986-10-11,Vietnamese,Asia Pacific,Thailand,Bangkok,Sales,Senior Account Executive,G3,Hybrid,2021-05-10,,Active,Full-Time,Yes,Not Applicable,Not Applicable,THB,36.0,107775,123941,2994,3443,2,3.5,Yes,22.1,1.0,2024-01-30,14.0,Internal Transfer,26.0,Yes,5.0,38,3.6,35928,41316,0
EMP0511,Sophie Wijaya,Not Declared,1986-06-13,Malaysian,Asia Pacific,Thailand,Bangkok,Sales,Sales Executive,G1,Remote,2019-06-20,,Active,Full-Time,Yes,Not Applicable,Not Applicable,THB,36.0,43329,49828,1204,1384,2,14.5,Yes,65.9,8.0,2023-08-28,70.0,Agency,95.0,Yes,3.0,38,5.5,14448,16608,0
EMP0512,Budi Charoenwong,Female,1977-01-14,British,Asia Pacific,Thailand,Bangkok,Finance,Senior Finance Analyst,G3,Hybrid,2022-07-14,,Active,Full-Time,No,Not Applicable,Not Applicable,THB,36.0,102286,117629,2841,3267,3,3.5,No,11.8,7.0,2022-10-13,38.0,Job Board,,Yes,4.0,47,2.5,34092,39204,0
EMP0513,Nguyen Suwannarat,Female,1993-08-15,Vietnamese,Asia Pacific,Thailand,Bangkok,Marketing,Marketing Assistant,G1,Hybrid,2022-05-22,,Active,Full-Time,Yes,Not Applicable,Not Applicable,THB,36.0,40834,46959,1134,1304,3,4.0,No,77.6,12.0,2024-01-19,29.0,Agency,74.0,No,4.0,31,2.6,13608,15648,0
EMP0514,Chan Suzuki,Not Declared,1990-08-20,Filipino,Asia Pacific,Thailand,Bangkok,Marketing,Senior Marketing Manager,G6,Onsite,2015-07-21,,Terminated,Expat,Yes,Involuntary,Misconduct,THB,36.0,160644,184741,4462,5132,4,8.5,Yes,25.9,3.0,2021-10-22,48.0,Job Board,32.0,Yes,4.0,34,9.5,53544,61584,1
EMP0515,Chan Lee,Not Declared,1985-03-03,Taiwanese,Asia Pacific,Thailand,Bangkok,Finance,Finance Assistant,G1,Onsite,2019-03-30,,Active,Intern,Yes,Not Applicable,Not Applicable,THB,36.0,56798,65318,1578,1814,2,9.3,Yes,64.7,9.0,2023-07-26,36.0,Referral,78.0,Yes,4.0,39,5.8,18936,21768,0
EMP0516,Suresh Liu,Not Declared,1979-12-03,Australian,Asia Pacific,Thailand,Bangkok,HR,HR Assistant,G1,Onsite,2021-10-04,,Active,Full-Time,Yes,Not Applicable,Not Applicable,THB,36.0,51563,59297,1432,1647,3,9.4,No,73.4,8.0,2024-07-09,52.0,Referral,24.0,Yes,4.0,45,3.2,17184,19764,0
EMP0517,Tan Le,Male,1998-09-21,Vietnamese,Asia Pacific,Thailand,Bangkok,Sales,Sales Manager,G4,Hybrid,2022-07-25,,Active,Full-Time,Yes,Not Applicable,Not Applicable,THB,36.0,136345,156797,3787,4355,3,11.4,Yes,36.5,7.0,2022-10-10,43.0,Linkedin,70.0,Yes,,26,2.4,45444,52260,0
EMP0518,Lee Tanaka,Not Declared,1979-10-05,Hong Konger,Asia Pacific,Thailand,Bangkok,Delivery,Senior Project Manager,G4,Onsite,2020-02-12,,Active,Contractor,Yes,Not Applicable,Not Applicable,THB,36.0,117357,134961,3260,3749,4,10.6,Yes,48.8,10.0,2023-10-08,83.0,Linkedin,91.0,Yes,3.0,45,4.9,39120,44988,0
EMP0519,Jose Liu,Female,1980-03-24,Thai,Asia Pacific,Thailand,Bangkok,HR,HR Assistant,G1,Hybrid,2024-01-19,,Active,Full-Time,Yes,Not Applicable,Not Applicable,THB,36.0,55061,63320,1529,1759,3,13.6,No,77.9,12.0,2023-09-15,95.0,Agency,35.0,Yes,4.0,44,1.0,18348,21108,0
EMP0520,Ng Ng,Female,1995-10-26,Taiwanese,Asia Pacific,Thailand,Bangkok,Legal,Legal Counsel,G3,Onsite,2020-01-16,,Active,Full-Time,Yes,Not Applicable,Not Applicable,THB,36.0,93290,107283,2591,2980,3,6.7,Yes,62.9,7.0,2023-01-30,90.0,Internal Transfer,15.0,Yes,4.0,29,5.0,31092,35760,0
EMP0521,Jose Jones,Not Declared,1987-11-18,Indonesian,Asia Pacific,Thailand,Bangkok,Legal,Senior Legal Counsel,G4,Remote,2020-12-13,2024-04-19,Terminated,Full-Time,Yes,Involuntary,Misconduct,THB,36.0,124774,143490,3466,3986,3,7.8,No,51.4,0.0,2023-04-30,20.0,Linkedin,47.0,Yes,4.0,37,3.3,41592,47832,1
EMP0522,Ji Reyes,Not Declared,1983-05-20,Japanese,Asia Pacific,Thailand,Bangkok,Legal,Legal Executive,G2,Onsite,2023-08-12,,Active,Full-Time,No,Not Applicable,Not Applicable,THB,36.0,72148,82970,2004,2305,4,8.1,No,21.0,10.0,2023-07-24,77.0,Referral,89.0,Yes,4.0,41,1.4,24048,27660,0
EMP0523,Meera Dela Cruz,Female,1983-06-03,Chinese,Asia Pacific,Thailand,Bangkok,HR,HR Specialist,G3,Onsite,2019-07-02,,Active,Full-Time,Yes,Not Applicable,Not Applicable,THB,36.0,106819,122842,2967,3412,4,9.4,Yes,14.7,7.0,2022-01-03,25.0,Internal Transfer,33.0,Yes,2.0,41,5.5,35604,40944,0
EMP0524,Michael Le,Female,1986-04-07,Hong Konger,Asia Pacific,Thailand,Bangkok,Legal,Legal Director,G6,Onsite,2015-10-01,,Active,Full-Time,Yes,Not Applicable,Not Applicable,THB,36.0,166915,191952,4637,5332,5,7.8,Yes,4.3,9.0,2022-09-22,86.0,Agency,81.0,Yes,5.0,38,9.3,55644,63984,0
EMP0525,Budi Kim,Female,1978-08-20,Korean,Asia Pacific,Thailand,Bangkok,HR,HR Executive,G2,Remote,2021-05-25,,Active,Full-Time,Yes,Not Applicable,Not Applicable,THB,36.0,71853,82631,1996,2295,3,14.7,Yes,71.9,2.0,2024-08-17,59.0,Referral,33.0,No,5.0,46,3.6,23952,27540,0
EMP0526,Min Brown,Not Declared,1972-07-16,Singaporean,Asia Pacific,Thailand,Bangkok,Delivery,Senior Project Manager,G4,Hybrid,2020-01-23,,Active,Contractor,Yes,Not Applicable,Not Applicable,THB,36.0,130564,150149,3627,4171,3,10.1,Yes,65.6,8.0,2023-10-24,73.0,Linkedin,71.0,Yes,3.0,52,4.9,43524,50052,0
EMP0527,Tan Dela Cruz,Not Declared,1979-06-05,Chinese,Asia Pacific,Thailand,Bangkok,Legal,Legal Counsel,G3,Hybrid,2022-11-21,,Active,Full-Time,Yes,Not Applicable,Not Applicable,THB,36.0,85905,98791,2386,2744,3,1.2,Yes,34.3,2.0,2023-01-05,20.0,Internal Transfer,,Yes,4.0,45,2.1,28632,32928,0
EMP0528,Ravi Suzuki,Male,1972-02-11,Vietnamese,Asia Pacific,Thailand,Bangkok,Marketing,Marketing Assistant,G1,Onsite,2020-08-12,,Active,Full-Time,Yes,Not Applicable,Not Applicable,THB,36.0,38543,44324,1071,1231,3,10.6,No,68.6,11.0,2023-09-15,65.0,Job Board,46.0,Yes,,52,4.4,12852,14772,0
EMP0529,Wong Chan,Female,1985-04-06,Taiwanese,Asia Pacific,Thailand,Bangkok,HR,HR Business Partner,G4,Hybrid,2017-05-15,,Active,Full-Time,Yes,Not Applicable,Not Applicable,THB,36.0,128095,147309,3558,4092,4,10.1,No,43.3,12.0,2023-07-28,34.0,Agency,80.0,Yes,2.0,39,7.6,42696,49104,0
EMP0530,Suresh Wang,Not Declared,1998-08-29,Vietnamese,Asia Pacific,Thailand,Bangkok,Sales,Senior Account Executive,G3,Onsite,2018-08-06,,Terminated,Full-Time,Yes,Involuntary,Redundancy,THB,36.0,108932,125272,3026,3480,4,4.4,No,49.2,6.0,2021-02-14,,Referral,93.0,Yes,4.0,26,6.4,36312,41760,1
EMP0531,Jose Choi,Female,1998-10-28,Indian,Asia Pacific,Thailand,Bangkok,Sales,Account Executive,G2,Hybrid,2023-03-20,,Active,Contractor,Yes,Not Applicable,Not Applicable,THB,36.0,57155,65728,1588,1826,3,11.1,Yes,48.3,7.0,2022-02-19,95.0,Referral,64.0,Yes,3.0,26,1.8,19056,21912,0
EMP0532,David Wang,Male,1988-02-23,Hong Konger,Asia Pacific,Thailand,Bangkok,Marketing,Marketing Assistant,G1,Remote,2020-02-10,,Active,Full-Time,Yes,Not Applicable,Not Applicable,THB,36.0,53107,61073,1475,1696,4,5.8,No,57.6,5.0,2023-02-21,72.0,Job Board,31.0,Yes,3.0,36,4.9,17700,20352,0
EMP0533,Chan Wong,Male,1988-08-23,Filipino,Asia Pacific,Thailand,Bangkok,IT,Senior Software Engineer,G3,Remote,2021-08-23,,Active,Full-Time,Yes,Not Applicable,Not Applicable,THB,36.0,88849,102176,2468,2838,3,5.9,Yes,17.2,1.0,2022-10-03,81.0,Referral,43.0,Yes,2.0,36,3.4,29616,34056,0
EMP0534,Tran Tran,Not Declared,1977-05-14,Malaysian,Asia Pacific,Thailand,Bangkok,Finance,Finance Manager,G4,Hybrid,2020-05-30,2024-12-31,Resigned,Contractor,Yes,Voluntary,Relocation,THB,36.0,124710,143416,3464,3984,3,1.9,Yes,46.9,6.0,2022-11-17,61.0,Referral,71.0,Yes,5.0,47,4.6,41568,47808,1
EMP0535,Michael Lim,Not Declared,1980-04-04,Hong Konger,Asia Pacific,Thailand,Bangkok,HR,HR Executive,G2,Remote,2019-09-28,,Active,Full-Time,Yes,Not Applicable,Not Applicable,THB,36.0,64571,74257,1794,2063,4,1.3,No,26.2,4.0,2022-11-01,42.0,Linkedin,90.0,Yes,4.0,44,5.3,21528,24756,0
EMP0536,Ahmad Pham,Male,1984-07-23,Australian,Asia Pacific,Thailand,Bangkok,HR,HR Executive,G2,Hybrid,2023-08-17,,Active,Full-Time,Yes,Not Applicable,Not Applicable,THB,36.0,74705,85911,2075,2386,3,8.2,Yes,11.4,10.0,2024-04-10,67.0,Agency,31.0,Yes,2.0,40,1.4,24900,28632,0
EMP0537,Arjun Wong,Female,1985-01-14,Taiwanese,Asia Pacific,Thailand,Bangkok,Delivery,Delivery Manager,G5,Onsite,2016-07-19,,Active,Full-Time,Yes,Not Applicable,Not Applicable,THB,36.0,143300,164795,3981,4578,4,0.4,No,6.8,6.0,2022-06-04,33.0,Internal Transfer,17.0,Yes,4.0,39,8.5,47772,54936,0
EMP0538,Siti Chen,Female,1993-12-18,Thai,Asia Pacific,Thailand,Bangkok,Finance,Finance Analyst,G2,Hybrid,2020-12-14,,Active,Full-Time,Yes,Not Applicable,Not Applicable,THB,36.0,78429,90193,2179,2505,2,3.2,Yes,49.4,6.0,2024-04-23,71.0,Agency,53.0,Yes,4.0,31,4.0,26148,30060,0
EMP0539,Ji Tran,Not Declared,1998-07-29,Taiwanese,Asia Pacific,Thailand,Bangkok,Legal,Legal Executive,G2,Remote,2022-12-30,,Active,Full-Time,Yes,Not Applicable,Not Applicable,THB,36.0,63531,73061,1765,2029,3,5.8,No,32.2,6.0,2022-05-16,34.0,Job Board,62.0,Yes,4.0,26,2.0,21180,24348,0
EMP0540,Ng Suwannarat,Female,1979-05-08,Chinese,Asia Pacific,Thailand,Bangkok,Marketing,Senior Marketing Specialist,G4,Hybrid,2020-10-20,,Active,Full-Time,Yes,Not Applicable,Not Applicable,THB,36.0,120361,138415,3343,3845,5,11.3,Yes,74.2,3.0,2023-09-02,19.0,Job Board,73.0,Yes,4.0,45,4.2,40116,46140,0
EMP0541,Ji Liu,Not Declared,1999-06-26,Australian,Asia Pacific,Thailand,Bangkok,IT,IT Support,G1,Onsite,2024-08-10,,Active,Full-Time,Yes,Not Applicable,Not Applicable,THB,36.0,51759,59523,1438,1653,4,10.4,Yes,22.6,8.0,2023-03-03,53.0,Job Board,36.0,No,5.0,25,0.4,17256,19836,0
EMP0542,Meera Johnson,Female,1998-10-26,Thai,Asia Pacific,Thailand,Bangkok,Sales,Sales Executive,G1,Hybrid,2022-04-29,,Active,Full-Time,Yes,Not Applicable,Not Applicable,THB,36.0,55012,63264,1528,1757,3,1.6,Yes,74.7,10.0,2023-09-08,11.0,Job Board,48.0,Yes,5.0,26,2.7,18336,21084,0
EMP0543,Nguyen Lee,Not Declared,1971-03-28,Australian,Asia Pacific,Thailand,Bangkok,IT,Tech Lead,G4,Onsite,2020-01-20,,Active,Full-Time,Yes,Not Applicable,Not Applicable,THB,36.0,133604,153645,3711,4268,3,3.5,No,20.4,11.0,2024-05-08,85.0,Referral,50.0,Yes,2.0,53,5.0,44532,51216,0
EMP0544,Wong Guo,Male,1972-02-19,British,Asia Pacific,Thailand,Bangkok,Legal,Senior Legal Counsel,G4,Remote,2017-06-08,,Active,Full-Time,Yes,Not Applicable,Not Applicable,THB,36.0,136661,157160,3796,4366,5,13.9,Yes,45.4,1.0,2022-05-29,89.0,Internal Transfer,,Yes,5.0,52,7.6,45552,52392,0
EMP0545,Kavya Li,Not Declared,1987-02-22,Singaporean,Asia Pacific,Thailand,Bangkok,HR,HR Executive,G2,Hybrid,2019-12-20,,Active,Contractor,Yes,Not Applicable,Not Applicable,THB,36.0,76546,88028,2126,2445,4,1.5,No,74.4,1.0,2022-10-05,37.0,Job Board,15.0,Yes,4.0,37,5.0,25512,29340,0
EMP0546,Jin Ng,Male,1994-11-09,Japanese,Asia Pacific,Thailand,Bangkok,HR,HR Assistant,G1,Hybrid,2020-03-31,,Active,Intern,Yes,Not Applicable,Not Applicable,THB,36.0,51779,59546,1438,1654,5,2.5,No,13.0,5.0,2022-04-09,17.0,Referral,57.0,Yes,4.0,30,4.8,17256,19848,0
EMP0547,Chan Williams,Not Declared,2001-08-13,Hong Konger,Asia Pacific,Thailand,Bangkok,Legal,Legal Counsel,G3,Hybrid,2020-03-02,2023-02-19,Terminated,Full-Time,Yes,Involuntary,Contract Ended,THB,36.0,100588,115676,2794,3213,4,6.5,No,24.1,8.0,2021-10-26,15.0,Linkedin,64.0,Yes,3.0,23,3.0,33528,38556,1
EMP0548,Emma Nguyen,Not Declared,1989-12-19,Japanese,Asia Pacific,Thailand,Bangkok,Sales,Sales Executive,G1,Hybrid,2023-08-14,,Active,Full-Time,Yes,Not Applicable,Not Applicable,THB,36.0,49136,56506,1365,1570,5,12.1,No,14.3,3.0,2022-01-16,52.0,Referral,29.0,Yes,4.0,35,1.4,16380,18840,0
EMP0549,Suresh Chen,Male,2001-08-09,Australian,Asia Pacific,Thailand,Bangkok,Finance,Finance Analyst,G2,Remote,2022-07-11,2024-12-31,Terminated,Full-Time,No,Involuntary,Performance,THB,36.0,55684,64037,1547,1779,5,4.3,Yes,21.6,0.0,2023-08-10,2.0,Internal Transfer,,Yes,3.0,23,2.5,18564,21348,1
EMP0550,Ng Yang,Male,1977-11-11,Australian,Asia Pacific,Thailand,Bangkok,Delivery,Project Manager,G3,Hybrid,2019-06-29,,Active,Contractor,No,Not Applicable,Not Applicable,THB,36.0,107405,123516,2983,3431,4,14.5,No,21.3,9.0,2022-08-25,70.0,Linkedin,94.0,Yes,3.0,47,5.5,35796,41172,0
EMP0551,Seo Suzuki,Not Declared,1998-08-08,Singaporean,Asia Pacific,Indonesia,Jakarta,Delivery,Project Analyst,G2,Onsite,2023-10-24,,Active,Full-Time,Yes,Not Applicable,Not Applicable,IDR,15600.0,20798385,23918143,1333,1533,3,6.9,Yes,61.5,6.0,2024-06-28,90.0,Linkedin,33.0,Yes,3.0,26,1.2,15996,18396,0
EMP0552,Meera Jones,Male,1984-06-29,Japanese,Asia Pacific,Indonesia,Jakarta,Sales,Sales Executive,G1,Onsite,2021-09-11,2024-02-21,Resigned,Intern,Yes,Voluntary,Better Opportunity,IDR,15600.0,12595405,14484716,807,929,3,1.9,Yes,14.8,1.0,2022-11-24,23.0,Internal Transfer,64.0,Yes,5.0,40,2.4,9684,11148,1
EMP0553,James Kim,Male,1982-07-16,Singaporean,Asia Pacific,Indonesia,Jakarta,Sales,Sales Executive,G1,Hybrid,2020-01-07,,Active,Full-Time,Yes,Not Applicable,Not Applicable,IDR,15600.0,12844054,14770662,823,947,3,2.1,No,27.0,7.0,2024-08-08,59.0,Referral,60.0,Yes,5.0,42,5.0,9876,11364,0
EMP0554,Wong Tanaka,Not Declared,1980-09-26,Taiwanese,Asia Pacific,Indonesia,Jakarta,Finance,Finance Analyst,G2,Hybrid,2024-06-18,,Active,Full-Time,Yes,Not Applicable,Not Applicable,IDR,15600.0,20909713,24046170,1340,1541,1,10.6,Yes,36.7,7.0,2022-10-27,27.0,Agency,50.0,No,4.0,44,0.5,16080,18492,0
EMP0555,Lee Yang,Not Declared,1973-05-21,Thai,Asia Pacific,Indonesia,Jakarta,Legal,Legal Executive,G2,Onsite,2021-09-30,,Active,Full-Time,Yes,Not Applicable,Not Applicable,IDR,15600.0,21602467,24842837,1385,1592,3,11.4,Yes,50.7,2.0,2022-06-14,70.0,Job Board,68.0,Yes,3.0,51,3.3,16620,19104,0
EMP0556,Yuki Brown,Female,1971-01-29,Filipino,Asia Pacific,Indonesia,Jakarta,Delivery,Senior Project Manager,G4,Hybrid,2019-10-05,,Active,Full-Time,Yes,Not Applicable,Not Applicable,IDR,15600.0,54642111,62838428,3503,4028,4,8.8,Yes,14.5,11.0,2024-11-24,75.0,Internal Transfer,43.0,No,3.0,53,5.2,42036,48336,0
EMP0557,Chen Suzuki,Not Declared,1987-01-19,Filipino,Asia Pacific,Indonesia,Jakarta,Marketing,Marketing Executive,G2,Onsite,2021-11-22,,Active,Full-Time,Yes,Not Applicable,Not Applicable,IDR,15600.0,22563647,25948194,1446,1663,4,6.2,Yes,71.1,6.0,2023-03-07,93.0,Referral,,Yes,5.0,37,3.1,17352,19956,0
EMP0558,Ji Jones,Female,2000-03-04,Filipino,Asia Pacific,Indonesia,Jakarta,Legal,Legal Manager,G5,Onsite,2019-08-10,,Active,Full-Time,Yes,Not Applicable,Not Applicable,IDR,15600.0,64661180,74360357,4145,4767,3,2.5,No,47.9,12.0,2024-01-23,85.0,Linkedin,95.0,Yes,,24,5.4,49740,57204,0
EMP0559,Koh Suwannarat,Not Declared,1989-10-10,Hong Konger,Asia Pacific,Indonesia,Jakarta,Sales,Account Executive,G2,Remote,2019-10-26,,Active,Full-Time,Yes,Not Applicable,Not Applicable,IDR,15600.0,25275233,29066518,1620,1863,4,5.6,Yes,15.2,4.0,2023-08-23,90.0,Job Board,15.0,Yes,4.0,35,5.2,19440,22356,0
EMP0560,Lim Patel,Female,1984-03-16,Australian,Asia Pacific,Indonesia,Jakarta,Delivery,Delivery Manager,G5,Hybrid,2019-12-29,,Active,Full-Time,No,Not Applicable,Not Applicable,IDR,15600.0,68539215,78820097,4394,5053,4,12.7,No,65.4,7.0,2023-02-15,10.0,Linkedin,34.0,Yes,2.0,40,5.0,52728,60636,0
EMP0561,Lim Park,Female,1998-08-17,Australian,Asia Pacific,Indonesia,Jakarta,Delivery,Project Analyst,G2,Remote,2021-11-03,,Active,Full-Time,Yes,Not Applicable,Not Applicable,IDR,15600.0,25249655,29037103,1619,1861,5,2.0,Yes,32.2,7.0,2023-07-28,61.0,Linkedin,39.0,Yes,4.0,26,3.2,19428,22332,0
EMP0562,Amanda Müller,Male,1982-10-28,Thai,Asia Pacific,Indonesia,Jakarta,Delivery,Delivery Coordinator,G1,Hybrid,2021-09-18,,Active,Full-Time,Yes,Not Applicable,Not Applicable,IDR,15600.0,19734558,22694742,1265,1455,3,10.3,No,18.5,11.0,2022-07-31,35.0,Referral,73.0,Yes,3.0,42,3.3,15180,17460,0
EMP0563,Wong Li,Not Declared,1993-08-24,Korean,Asia Pacific,Indonesia,Jakarta,Marketing,Marketing Specialist,G3,Hybrid,2018-02-26,,Active,Full-Time,Yes,Not Applicable,Not Applicable,IDR,15600.0,40583823,46671396,2602,2992,3,14.7,Yes,36.1,2.0,2024-08-20,84.0,Job Board,89.0,Yes,4.0,31,6.8,31224,35904,0
EMP0564,Ji Koh,Not Declared,1992-11-03,Indian,Asia Pacific,Indonesia,Jakarta,Legal,Legal Executive,G2,Onsite,2020-01-22,,Active,Full-Time,Yes,Not Applicable,Not Applicable,IDR,15600.0,25792385,29661243,1653,1901,4,1.0,No,65.9,7.0,2024-05-26,59.0,Internal Transfer,15.0,Yes,1.0,32,4.9,19836,22812,0
EMP0565,Dewi Smith,Male,1970-03-14,Japanese,Asia Pacific,Indonesia,Jakarta,Marketing,Marketing Specialist,G3,Remote,2017-02-01,,Active,Full-Time,Yes,Not Applicable,Not Applicable,IDR,15600.0,40076304,46087750,2569,2954,5,12.6,Yes,62.2,4.0,2022-12-08,96.0,Job Board,29.0,No,3.0,54,7.9,30828,35448,0
EMP0566,Ong Le,Male,1985-08-24,Korean,Asia Pacific,Indonesia,Jakarta,Delivery,Project Manager,G3,Remote,2018-01-20,,Resigned,Contractor,Yes,Voluntary,Personal Reason,IDR,15600.0,38842088,44668401,2490,2863,4,5.2,No,24.4,,2023-02-13,19.0,Agency,17.0,Yes,3.0,39,6.9,29880,34356,1
EMP0567,Sophie Singh,Female,1991-06-15,Taiwanese,Asia Pacific,Indonesia,Jakarta,Finance,Senior Finance Analyst,G3,Hybrid,2018-04-14,,Terminated,Full-Time,Yes,Involuntary,Contract Ended,IDR,15600.0,45117791,51885460,2892,3326,3,0.5,Yes,33.6,4.0,2022-11-20,69.0,Referral,51.0,Yes,3.0,33,6.7,34704,39912,1
EMP0568,Sarah Singh,Male,1992-03-13,Korean,Asia Pacific,Indonesia,Jakarta,Finance,Finance Manager,G4,Hybrid,2018-08-23,,Active,Contractor,Yes,Not Applicable,Not Applicable,IDR,15600.0,53565579,61600416,3434,3949,3,12.9,Yes,16.6,12.0,2024-10-17,70.0,Agency,,Yes,4.0,32,6.4,41208,47388,0
EMP0569,Ng Patel,Male,1980-07-08,Indonesian,Asia Pacific,Indonesia,Jakarta,IT,Tech Lead,G4,Hybrid,2019-04-03,,Active,Contractor,Yes,Not Applicable,Not Applicable,IDR,15600.0,49710607,57167198,3187,3665,4,8.8,Yes,49.2,4.0,2022-05-16,60.0,Internal Transfer,15.0,Yes,5.0,44,5.7,38244,43980,0
EMP0570,Tan Johnson,Male,1980-11-16,Japanese,Asia Pacific,Indonesia,Jakarta,IT,Software Engineer,G2,Onsite,2019-12-04,,Active,Full-Time,Yes,Not Applicable,Not Applicable,IDR,15600.0,27557382,31690989,1766,2031,4,5.2,No,61.8,5.0,2024-07-28,90.0,Agency,15.0,Yes,3.0,44,5.1,21192,24372,0
EMP0571,Koh Pham,Female,1997-03-15,Malaysian,Asia Pacific,Indonesia,Jakarta,IT,Senior Engineering Manager,G6,Onsite,2016-03-01,,Active,Full-Time,Yes,Not Applicable,Not Applicable,IDR,15600.0,76157345,87580947,4882,5614,5,7.6,Yes,70.1,3.0,2024-12-23,59.0,Referral,45.0,Yes,4.0,27,8.8,58584,67368,0
EMP0572,Lim Ng,Female,1973-11-03,Filipino,Asia Pacific,Indonesia,Jakarta,Sales,Account Executive,G2,Onsite,2019-01-03,,Active,Full-Time,Yes,Not Applicable,Not Applicable,IDR,15600.0,23025968,26479863,1476,1697,3,8.0,Yes,29.9,8.0,2024-09-10,52.0,Job Board,92.0,Yes,1.0,51,6.0,17712,20364,0
EMP0573,Raj Yamamoto,Male,1996-06-23,British,Asia Pacific,Indonesia,Jakarta,Legal,Legal Manager,G5,Remote,2020-12-28,,Active,Full-Time,Yes,Not Applicable,Not Applicable,IDR,15600.0,62595017,71984270,4013,4614,5,7.9,Yes,70.4,6.0,2022-03-31,10.0,Internal Transfer,49.0,Yes,4.0,28,4.0,48156,55368,0
EMP0574,Priya Jones,Not Declared,1971-01-12,Filipino,Asia Pacific,Indonesia,Jakarta,Delivery,Project Manager,G3,Hybrid,2019-01-13,2024-02-07,Resigned,Full-Time,Yes,Voluntary,Health Reasons,IDR,15600.0,44851737,51579498,2875,3306,1,14.3,Yes,,,2021-12-20,52.0,Job Board,88.0,Yes,5.0,54,5.1,34500,39672,1
EMP0575,Somchai Patel,Not Declared,1992-02-11,Japanese,Asia Pacific,Indonesia,Jakarta,Finance,Finance Analyst,G2,Hybrid,2023-03-07,,Active,Full-Time,Yes,Not Applicable,Not Applicable,IDR,15600.0,20995522,24144850,1346,1548,3,6.4,Yes,44.8,7.0,2023-12-26,93.0,Internal Transfer,49.0,Yes,4.0,32,1.8,16152,18576,0
EMP0576,Amanda Brown,Not Declared,1997-04-26,Thai,Asia Pacific,Indonesia,Jakarta,Finance,Finance Analyst,G2,Onsite,2021-06-13,,Active,Full-Time,Yes,Not Applicable,Not Applicable,IDR,15600.0,23704825,27260549,1520,1747,5,10.9,No,56.5,9.0,2022-03-06,42.0,Agency,22.0,No,4.0,27,3.6,18240,20964,0
EMP0577,Nattaporn Yang,Female,1999-12-02,Taiwanese,Asia Pacific,Indonesia,Jakarta,Delivery,Delivery Coordinator,G1,Hybrid,2020-07-18,2022-04-09,Terminated,Full-Time,Yes,Involuntary,Redundancy,IDR,15600.0,16767017,19282070,1075,1236,3,5.2,No,5.7,3.0,2021-10-13,48.0,Referral,77.0,Yes,3.0,25,1.7,12900,14832,1
EMP0578,Chen Chen,Not Declared,1986-04-22,Vietnamese,Asia Pacific,Indonesia,Jakarta,Finance,Senior Finance Analyst,G3,Hybrid,2020-11-02,,Active,Intern,Yes,Not Applicable,Not Applicable,IDR,15600.0,43356020,49859423,2779,3196,5,12.0,No,51.6,10.0,2023-04-21,39.0,Linkedin,53.0,Yes,4.0,38,4.2,33348,38352,0
EMP0579,Fang Smith,Male,1989-01-30,Thai,Asia Pacific,Indonesia,Jakarta,HR,HR Executive,G2,Hybrid,2021-11-20,,Active,Full-Time,Yes,Not Applicable,Not Applicable,IDR,15600.0,29266336,33656286,1876,2157,3,2.4,Yes,74.9,7.0,2023-04-25,18.0,Job Board,45.0,No,5.0,35,3.1,22512,25884,0
EMP0580,Emma Chan,Male,1993-10-27,American,Asia Pacific,Indonesia,Jakarta,Marketing,Marketing Specialist,G3,Hybrid,2020-11-10,,Active,Contractor,No,Not Applicable,Not Applicable,IDR,15600.0,38000987,43701135,2436,2801,3,2.2,Yes,22.4,5.0,2024-01-21,14.0,Referral,45.0,Yes,4.0,31,4.1,29232,33612,0
EMP0581,Lakshmi Wijaya,Male,1971-09-17,Taiwanese,Asia Pacific,Indonesia,Jakarta,Delivery,Delivery Manager,G5,Hybrid,2016-03-15,,Active,Full-Time,Yes,Not Applicable,Not Applicable,IDR,15600.0,69151846,79524623,4433,5098,2,10.1,Yes,13.6,6.0,2022-05-12,92.0,Referral,80.0,Yes,4.0,53,8.8,53196,61176,0
EMP0582,Arun Müller,Female,1970-01-17,Vietnamese,Asia Pacific,Indonesia,Jakarta,Delivery,Project Analyst,G2,Hybrid,2021-03-15,,Active,Full-Time,Yes,Not Applicable,Not Applicable,IDR,15600.0,20828884,23953217,1335,1535,4,2.7,Yes,53.1,12.0,2024-12-02,32.0,Job Board,19.0,No,3.0,54,3.8,16020,18420,0
EMP0583,Ong Santoso,Male,1994-01-24,Korean,Asia Pacific,Indonesia,Jakarta,Delivery,Delivery Coordinator,G1,Onsite,2020-01-30,2024-12-31,Resigned,Full-Time,No,Voluntary,Better Opportunity,IDR,15600.0,18083946,20796538,1159,1333,2,3.7,Yes,,2.0,,53.0,Referral,45.0,Yes,4.0,30,4.9,13908,15996,1
EMP0584,Haruto Suzuki,Not Declared,1996-07-30,Korean,Asia Pacific,Indonesia,Jakarta,Legal,Legal Counsel,G3,Hybrid,2017-07-09,,Active,Full-Time,Yes,Not Applicable,Not Applicable,IDR,15600.0,35570730,40906340,2280,2622,4,1.5,Yes,40.0,1.0,2024-07-24,20.0,Referral,61.0,Yes,,28,7.5,27360,31464,0
EMP0585,Fang Reyes,Male,1997-09-02,Filipino,Asia Pacific,Indonesia,Jakarta,Legal,Legal Executive,G2,Onsite,2024-02-01,,Active,Full-Time,Yes,Not Applicable,Not Applicable,IDR,15600.0,25299478,29094400,1622,1865,4,12.2,No,55.4,9.0,2024-04-30,78.0,Job Board,60.0,Yes,4.0,27,0.9,19464,22380,0
EMP0586,Ravi Le,Male,1983-07-18,Thai,Asia Pacific,Indonesia,Jakarta,Sales,Account Executive,G2,Hybrid,2023-10-04,,Active,Full-Time,No,Not Applicable,Not Applicable,IDR,15600.0,23659791,27208760,1517,1744,4,1.1,No,63.2,11.0,2023-09-03,26.0,Linkedin,52.0,Yes,3.0,41,1.2,18204,20928,0
EMP0587,Wei Singh,Male,1991-10-27,Taiwanese,Asia Pacific,Indonesia,Jakarta,Marketing,Marketing Manager,G5,Hybrid,2017-07-18,,Active,Full-Time,No,Not Applicable,Not Applicable,IDR,15600.0,65248817,75036140,4183,4810,5,11.2,No,76.6,10.0,2022-08-21,70.0,Referral,22.0,Yes,3.0,33,7.5,50196,57720,0
EMP0588,Thomas Kim,Not Declared,1999-06-08,Thai,Asia Pacific,Indonesia,Jakarta,Sales,Senior Account Executive,G3,Onsite,2022-01-13,,Active,Full-Time,Yes,Not Applicable,Not Applicable,IDR,15600.0,36497369,41971974,2340,2691,5,1.6,Yes,25.2,7.0,2023-11-19,99.0,Agency,27.0,Yes,3.0,25,3.0,28080,32292,0
EMP0589,Fang Santoso,Male,1988-08-03,Australian,Asia Pacific,Indonesia,Jakarta,IT,Senior Software Engineer,G3,Hybrid,2022-09-09,,Active,Full-Time,Yes,Not Applicable,Not Applicable,IDR,15600.0,44911658,51648407,2879,3311,4,10.3,Yes,48.1,10.0,2022-04-20,45.0,Referral,29.0,Yes,1.0,36,2.3,34548,39732,0
EMP0590,Ravi Sharma,Not Declared,1972-07-11,Malaysian,Asia Pacific,Indonesia,Jakarta,IT,Tech Lead,G4,Onsite,2021-03-02,,Active,Full-Time,Yes,Not Applicable,Not Applicable,IDR,15600.0,51630934,59375574,3310,3806,4,13.6,No,21.8,10.0,2022-09-11,24.0,Agency,42.0,Yes,5.0,52,3.8,39720,45672,0
EMP0591,Nguyen Wong,Female,1971-09-04,Australian,Asia Pacific,Indonesia,Jakarta,Delivery,Project Manager,G3,Onsite,2019-12-06,,Active,Full-Time,Yes,Not Applicable,Not Applicable,IDR,15600.0,37035114,42590381,2374,2730,4,3.8,Yes,27.9,4.0,2022-04-18,64.0,Linkedin,75.0,Yes,4.0,53,5.1,28488,32760,0
EMP0592,Sophie Brown,Male,1984-09-28,Taiwanese,Asia Pacific,Indonesia,Jakarta,Sales,Senior Sales Manager,G5,Hybrid,2015-09-21,,Active,Full-Time,Yes,Not Applicable,Not Applicable,IDR,15600.0,72373657,83229706,4639,5335,3,14.0,Yes,40.3,3.0,2022-09-05,53.0,Referral,16.0,No,3.0,40,9.3,55668,64020,0
EMP0593,Budi Tran,Not Declared,1982-02-22,Indian,Asia Pacific,Indonesia,Jakarta,Delivery,Senior Delivery Manager,G6,Hybrid,2018-02-18,,Resigned,Full-Time,Yes,Voluntary,Personal Reason,IDR,15600.0,74683950,85886542,4787,5506,5,1.4,No,39.4,6.0,2021-01-17,46.0,Linkedin,59.0,Yes,4.0,42,6.9,57444,66072,1
EMP0594,Maria Liu,Not Declared,1996-08-18,Indian,Asia Pacific,Indonesia,Jakarta,HR,HR Specialist,G3,Hybrid,2021-04-15,,Active,Full-Time,Yes,Not Applicable,Not Applicable,IDR,15600.0,42288878,48632210,2711,3117,5,9.0,No,47.3,4.0,2023-04-20,58.0,Linkedin,26.0,Yes,4.0,28,3.7,32532,37404,0
EMP0595,Dewi Lin,Not Declared,1980-04-27,Malaysian,Asia Pacific,Indonesia,Jakarta,Legal,Legal Executive,G2,Hybrid,2024-11-27,,Resigned,Full-Time,Yes,Voluntary,Personal Reason,IDR,15600.0,22264385,25604043,1427,1641,3,8.4,Yes,8.0,0.0,2022-02-23,67.0,Internal Transfer,35.0,No,4.0,44,0.1,17124,19692,1
EMP0596,Suresh Li,Female,1988-02-29,Indonesian,Asia Pacific,Indonesia,Jakarta,HR,HR Executive,G2,Remote,2024-11-12,,Active,Full-Time,Yes,Not Applicable,Not Applicable,IDR,15600.0,27058894,31117728,1735,1995,4,4.1,Yes,76.2,4.0,2023-07-17,99.0,Internal Transfer,63.0,Yes,4.0,36,0.1,20820,23940,0
EMP0597,Somchai Johnson,Female,1991-07-21,British,Asia Pacific,Indonesia,Jakarta,Legal,Legal Counsel,G3,Hybrid,2020-10-19,,Active,Full-Time,Yes,Not Applicable,Not Applicable,IDR,15600.0,39505789,45431657,2532,2912,1,1.4,Yes,26.2,10.0,2023-01-06,28.0,Referral,62.0,Yes,4.0,33,4.2,30384,34944,0
EMP0598,Somchai Wong,Female,1973-03-27,Vietnamese,Asia Pacific,Indonesia,Jakarta,Sales,Sales Manager,G4,Remote,2021-12-31,2023-12-13,Terminated,Full-Time,Yes,Involuntary,Redundancy,IDR,15600.0,59077299,67938894,3787,4355,5,6.4,Yes,49.9,1.0,2022-05-26,23.0,Referral,67.0,Yes,4.0,51,1.9,45444,52260,1
EMP0599,Kevin Wijaya,Female,1990-08-15,Indonesian,Asia Pacific,Indonesia,Jakarta,Marketing,Marketing Executive,G2,Hybrid,2021-06-04,,Active,Full-Time,Yes,Not Applicable,Not Applicable,IDR,15600.0,20834495,23959669,1336,1536,3,6.3,Yes,55.7,4.0,2023-06-13,46.0,Internal Transfer,46.0,Yes,4.0,34,3.6,16032,18432,0
EMP0600,Yuki Johnson,Male,1992-11-07,Hong Konger,Asia Pacific,Indonesia,Jakarta,Marketing,Marketing Manager,G5,Remote,2017-12-21,2022-08-30,Terminated,Expat,No,Involuntary,Redundancy,IDR,15600.0,70948860,81591189,4548,5230,4,2.1,Yes,,4.0,2021-02-26,63.0,Job Board,68.0,No,3.0,32,4.7,54576,62760,1
EMP0601,Koh Sharma,Female,1987-11-15,Indonesian,Asia Pacific,Indonesia,Jakarta,Delivery,Project Manager,G3,Onsite,2019-12-15,,Active,Full-Time,Yes,Not Applicable,Not Applicable,IDR,15600.0,45682958,52535402,2928,3368,3,9.9,Yes,30.0,3.0,2023-02-15,88.0,Referral,70.0,No,5.0,37,5.0,35136,40416,0
EMP0602,Suresh Müller,Female,1984-02-07,Australian,Asia Pacific,Indonesia,Jakarta,HR,HR Specialist,G3,Onsite,2022-01-09,,Active,Contractor,No,Not Applicable,Not Applicable,IDR,15600.0,39551958,45484752,2535,2916,3,4.6,Yes,74.2,9.0,2024-04-16,56.0,Linkedin,74.0,Yes,4.0,40,3.0,30420,34992,0
EMP0603,Lim Ong,Male,1995-10-05,Korean,Asia Pacific,Indonesia,Jakarta,Finance,Senior Finance Analyst,G3,Remote,2020-07-16,,Active,Full-Time,Yes,Not Applicable,Not Applicable,IDR,15600.0,37427485,43041608,2399,2759,4,2.6,Yes,23.3,6.0,2022-05-18,29.0,Linkedin,63.0,Yes,4.0,29,4.5,28788,33108,0
EMP0604,Ng Ong,Female,1998-12-09,Malaysian,Asia Pacific,Indonesia,Jakarta,Sales,Account Executive,G2,Onsite,2023-07-23,2024-12-31,Resigned,Full-Time,Yes,Voluntary,Further Studies,IDR,15600.0,22584962,25972706,1448,1665,3,7.6,Yes,,3.0,2023-05-07,43.0,Linkedin,94.0,No,3.0,26,1.4,17376,19980,1
EMP0605,Amanda Chen,Female,1997-11-06,Indian,Asia Pacific,Indonesia,Jakarta,Finance,Senior Finance Analyst,G3,Onsite,2020-06-28,2022-01-04,Terminated,Full-Time,No,Involuntary,Contract Ended,IDR,15600.0,35389153,40697526,2269,2609,3,5.8,Yes,58.9,,2021-07-30,70.0,Internal Transfer,45.0,No,5.0,27,1.5,27228,31308,1
EMP0606,Maria Ong,Male,1983-10-14,Thai,Asia Pacific,Indonesia,Jakarta,HR,HR Specialist,G3,Onsite,2018-02-13,,Active,Contractor,Yes,Not Applicable,Not Applicable,IDR,15600.0,44869753,51600216,2876,3308,3,9.2,No,62.4,6.0,2024-07-24,47.0,Job Board,54.0,Yes,3.0,41,6.9,34512,39696,0
EMP0607,Lee Dela Cruz,Male,1970-10-10,Singaporean,Asia Pacific,Indonesia,Jakarta,Sales,Senior Sales Manager,G5,Hybrid,2017-10-21,,Active,Full-Time,Yes,Not Applicable,Not Applicable,IDR,15600.0,65939815,75830787,4227,4861,2,12.4,No,15.5,2.0,2024-10-19,42.0,Job Board,63.0,Yes,3.0,54,7.2,50724,58332,0
EMP0608,Michelle Yang,Male,1977-01-31,Indian,Asia Pacific,Indonesia,Jakarta,HR,HR Assistant,G1,Remote,2021-12-30,,Active,Intern,Yes,Not Applicable,Not Applicable,IDR,15600.0,17907385,20593493,1148,1320,3,2.9,Yes,13.3,10.0,2023-12-18,18.0,Agency,20.0,Yes,5.0,47,3.0,13776,15840,0
EMP0609,Chen Pham,Female,1990-03-28,Japanese,Asia Pacific,Indonesia,Jakarta,IT,Tech Lead,G4,Hybrid,2017-04-06,,Active,Full-Time,Yes,Not Applicable,Not Applicable,IDR,15600.0,54830833,63055458,3515,4042,4,7.6,Yes,77.2,5.0,2023-02-23,13.0,Job Board,60.0,Yes,4.0,34,7.7,42180,48504,0
EMP0610,Kavya Singh,Male,1978-09-06,Chinese,Asia Pacific,Indonesia,Jakarta,IT,IT Support,G1,Hybrid,2022-02-08,,Active,Intern,Yes,Not Applicable,Not Applicable,IDR,15600.0,19603026,22543480,1257,1445,4,9.2,Yes,5.3,6.0,2022-09-06,78.0,Agency,81.0,No,3.0,46,2.9,15084,17340,0
EMP0611,Michael Chan,Not Declared,1984-11-12,Korean,Asia Pacific,Indonesia,Jakarta,Finance,Finance Assistant,G1,Hybrid,2021-11-13,,Active,Contractor,Yes,Not Applicable,Not Applicable,IDR,15600.0,14094219,16208352,903,1039,4,11.2,Yes,64.8,7.0,2022-11-02,63.0,Referral,83.0,Yes,3.0,40,3.1,10836,12468,0
EMP0612,Jin Jones,Female,1992-07-15,Singaporean,Asia Pacific,Indonesia,Jakarta,Marketing,Marketing Manager,G5,Hybrid,2017-06-15,,Active,Full-Time,Yes,Not Applicable,Not Applicable,IDR,15600.0,64513968,74191063,4136,4756,3,8.6,Yes,10.0,6.0,2023-02-15,17.0,Job Board,59.0,Yes,4.0,32,7.5,49632,57072,0
EMP0613,Lakshmi Liu,Female,1985-01-04,Malaysian,Asia Pacific,Indonesia,Jakarta,Legal,Legal Counsel,G3,Onsite,2017-10-22,,Active,Contractor,Yes,Not Applicable,Not Applicable,IDR,15600.0,39660765,45609880,2542,2924,5,9.2,Yes,49.5,4.0,2022-01-17,92.0,Linkedin,41.0,Yes,3.0,40,7.2,30504,35088,0
EMP0614,David Brown,Not Declared,1972-03-10,Hong Konger,Asia Pacific,Indonesia,Jakarta,Delivery,Project Manager,G3,Hybrid,2017-07-21,2023-09-21,Resigned,Intern,Yes,Voluntary,Personal Reason,IDR,15600.0,38096139,43810560,2442,2808,1,12.6,No,44.9,8.0,2023-09-23,,Agency,49.0,Yes,,52,6.2,29304,33696,1
EMP0615,Dewi Liu,Male,1996-11-18,Korean,Asia Pacific,Indonesia,Jakarta,Finance,Finance Manager,G4,Hybrid,2018-09-21,,Active,Contractor,Yes,Not Applicable,Not Applicable,IDR,15600.0,49530450,56960017,3175,3651,5,13.2,No,77.7,12.0,2023-03-22,60.0,Linkedin,73.0,Yes,3.0,28,6.3,38100,43812,0
EMP0616,Suresh Müller,Female,1986-10-22,Indonesian,Asia Pacific,Philippines,Manila,HR,HR Executive,G2,Hybrid,2022-06-10,,Active,Full-Time,Yes,Not Applicable,Not Applicable,PHP,56.0,50370,57925,899,1034,2,13.8,Yes,17.5,11.0,2023-05-16,57.0,Agency,75.0,No,3.0,38,2.6,10788,12408,0
EMP0617,Arun Wong,Male,1996-02-13,Thai,Asia Pacific,Philippines,Manila,Sales,Senior Account Executive,G3,Hybrid,2019-09-15,,Active,Full-Time,No,Not Applicable,Not Applicable,PHP,56.0,75460,86779,1348,1550,4,7.0,No,54.5,2.0,2022-09-10,95.0,Agency,44.0,Yes,3.0,28,5.3,16176,18600,0
EMP0618,Jose Huang,Male,1997-10-17,Taiwanese,Asia Pacific,Philippines,Manila,Legal,Legal Executive,G2,Onsite,2023-03-08,,Active,Full-Time,Yes,Not Applicable,Not Applicable,PHP,56.0,61755,71018,1103,1268,4,11.8,No,40.9,10.0,2023-09-10,85.0,Agency,27.0,Yes,3.0,27,1.8,13236,15216,0
EMP0619,Thomas Yang,Female,1992-02-07,Taiwanese,Asia Pacific,Philippines,Manila,Marketing,Marketing Specialist,G3,Remote,2018-05-25,,Active,Full-Time,Yes,Not Applicable,Not Applicable,PHP,56.0,82688,95091,1477,1698,5,7.8,Yes,75.4,6.0,2024-04-04,13.0,Job Board,,No,1.0,32,6.6,17724,20376,0
EMP0620,Maria Lin,Male,1974-12-05,Korean,Asia Pacific,Philippines,Manila,Sales,Account Executive,G2,Onsite,2023-10-04,,Active,Full-Time,Yes,Not Applicable,Not Applicable,PHP,56.0,53309,61305,952,1095,3,6.4,No,32.0,11.0,2023-12-31,73.0,Internal Transfer,77.0,Yes,4.0,50,1.2,11424,13140,0
EMP0621,Min Smith,Male,1984-01-26,Vietnamese,Asia Pacific,Philippines,Manila,Delivery,Senior Project Manager,G4,Hybrid,2017-09-14,,Active,Intern,Yes,Not Applicable,Not Applicable,PHP,56.0,115515,132842,2063,2372,3,11.5,No,54.7,11.0,2022-04-16,92.0,Referral,95.0,Yes,5.0,40,7.3,24756,28464,0
EMP0622,Nguyen Zhang,Male,1978-10-19,Japanese,Asia Pacific,Philippines,Manila,Sales,Account Executive,G2,Onsite,2020-11-12,,Active,Full-Time,Yes,Not Applicable,Not Applicable,PHP,56.0,53802,61872,961,1105,5,8.8,No,45.5,3.0,2023-11-14,83.0,Agency,55.0,Yes,4.0,46,4.1,11532,13260,0
EMP0623,Thomas Ng,Male,2000-10-28,Indonesian,Asia Pacific,Philippines,Manila,Finance,Finance Assistant,G1,Onsite,2021-06-05,,Terminated,Full-Time,No,Involuntary,Redundancy,PHP,56.0,46282,53224,826,950,3,10.1,Yes,15.7,3.0,2022-07-01,72.0,Linkedin,36.0,No,1.0,24,3.6,9912,11400,1
EMP0624,Lee Brown,Male,1998-07-21,Filipino,Asia Pacific,Philippines,Manila,Finance,Finance Director,G6,Hybrid,2018-02-28,,Resigned,Full-Time,Yes,Voluntary,Health Reasons,PHP,56.0,141549,162781,2528,2907,4,0.7,No,23.2,5.0,2022-06-10,37.0,Linkedin,25.0,Yes,5.0,26,6.8,30336,34884,1
EMP0625,Chan Suzuki,Male,1975-07-15,Chinese,Asia Pacific,Philippines,Manila,HR,HR Business Partner,G4,Onsite,2018-02-13,,Terminated,Full-Time,No,Involuntary,Misconduct,PHP,56.0,98607,113398,1761,2025,3,3.7,No,23.9,,2021-12-18,0.0,Referral,88.0,Yes,4.0,49,6.9,21132,24300,1
EMP0626,Ahmad Brown,Female,1986-12-06,Hong Konger,Asia Pacific,Philippines,Manila,Finance,Finance Manager,G4,Hybrid,2018-10-30,,Active,Full-Time,No,Not Applicable,Not Applicable,PHP,56.0,114397,131557,2043,2349,4,2.3,Yes,18.4,10.0,2023-11-08,43.0,Internal Transfer,87.0,Yes,3.0,38,6.2,24516,28188,0
EMP0627,Haruto Kumar,Female,1981-05-14,Chinese,Asia Pacific,Philippines,Manila,Sales,Account Executive,G2,Hybrid,2024-01-10,,Active,Full-Time,Yes,Not Applicable,Not Applicable,PHP,56.0,61371,70577,1096,1260,3,12.5,Yes,69.8,7.0,2022-05-05,11.0,Agency,56.0,No,4.0,43,1.0,13152,15120,0
EMP0628,Thomas Charoenwong,Female,1981-11-04,British,Asia Pacific,Philippines,Manila,Legal,Legal Assistant,G1,Hybrid,2022-02-24,2024-12-31,Resigned,Contractor,Yes,Voluntary,Further Studies,PHP,56.0,47317,54415,845,972,3,12.8,No,,,2023-01-08,57.0,Agency,67.0,Yes,2.0,43,2.9,10140,11664,1
EMP0629,Ong Singh,Not Declared,1970-06-20,Hong Konger,Asia Pacific,Philippines,Manila,Marketing,Marketing Executive,G2,Onsite,2022-11-29,,Active,Full-Time,Yes,Not Applicable,Not Applicable,PHP,56.0,54927,63166,981,1128,4,10.9,Yes,69.8,11.0,2024-04-15,16.0,Internal Transfer,67.0,Yes,4.0,54,2.1,11772,13536,0
EMP0630,Thomas Wang,Male,1972-06-22,Vietnamese,Asia Pacific,Philippines,Manila,Sales,Account Executive,G2,Hybrid,2023-09-15,,Active,Full-Time,Yes,Not Applicable,Not Applicable,PHP,56.0,46900,53935,838,963,4,13.5,No,25.8,3.0,2023-04-20,27.0,Referral,33.0,No,3.0,52,1.3,10056,11556,0
EMP0631,Chris Santos,Male,1996-11-10,Thai,Asia Pacific,Philippines,Manila,HR,HR Assistant,G1,Hybrid,2019-07-18,,Active,Full-Time,Yes,Not Applicable,Not Applicable,PHP,56.0,46304,53250,827,951,3,13.3,No,25.8,8.0,2023-11-29,32.0,Linkedin,95.0,Yes,4.0,28,5.5,9924,11412,0
EMP0632,Jin Choi,Female,1994-06-02,Filipino,Asia Pacific,Philippines,Manila,HR,HR Business Partner,G4,Hybrid,2018-06-17,,Active,Full-Time,Yes,Not Applicable,Not Applicable,PHP,56.0,97753,112416,1746,2007,3,13.5,No,77.6,6.0,2024-04-01,97.0,Referral,88.0,Yes,4.0,30,6.5,20952,24084,0
EMP0633,Ji Ng,Not Declared,1994-12-22,Chinese,Asia Pacific,Philippines,Manila,HR,HR Specialist,G3,Hybrid,2017-06-19,,Active,Full-Time,Yes,Not Applicable,Not Applicable,PHP,56.0,78020,89723,1393,1602,2,14.1,No,16.1,12.0,2022-01-08,17.0,Job Board,61.0,No,3.0,30,7.5,16716,19224,0
EMP0634,Min Santos,Not Declared,1985-04-29,Thai,Asia Pacific,Philippines,Manila,Delivery,Project Manager,G3,Hybrid,2021-03-06,,Active,Full-Time,Yes,Not Applicable,Not Applicable,PHP,56.0,89292,102686,1594,1834,4,3.2,Yes,53.0,7.0,2022-04-11,82.0,Agency,91.0,Yes,4.0,39,3.8,19128,22008,0
EMP0635,Chen Wang,Male,1975-05-07,British,Asia Pacific,Philippines,Manila,Marketing,Marketing Executive,G2,Hybrid,2021-07-18,2024-12-31,Terminated,Full-Time,Yes,Involuntary,Contract Ended,PHP,56.0,57960,66654,1035,1190,4,8.9,Yes,56.3,5.0,2021-06-08,17.0,Internal Transfer,25.0,Yes,1.0,49,3.5,12420,14280,1
EMP0636,Ahmad Kim,Male,2001-02-02,Australian,Asia Pacific,Philippines,Manila,Finance,Finance Analyst,G2,Onsite,2021-08-23,,Active,Contractor,Yes,Not Applicable,Not Applicable,PHP,56.0,60416,69478,1079,1241,3,2.6,No,26.6,11.0,2023-09-19,28.0,Agency,94.0,No,3.0,23,3.4,12948,14892,0
EMP0637,Chris Huang,Female,1975-08-16,Thai,Asia Pacific,Philippines,Manila,IT,Senior Software Engineer,G3,Remote,2017-05-06,,Active,Full-Time,Yes,Not Applicable,Not Applicable,PHP,56.0,71440,82156,1276,1467,2,10.5,Yes,40.3,3.0,2023-08-13,89.0,Job Board,32.0,Yes,3.0,49,7.7,15312,17604,0
EMP0638,Yuki Pham,Female,1992-01-16,British,Asia Pacific,Philippines,Manila,Legal,Legal Counsel,G3,Remote,2017-09-27,,Active,Full-Time,Yes,Not Applicable,Not Applicable,PHP,56.0,83458,95977,1490,1714,3,14.7,Yes,78.9,5.0,2024-07-07,82.0,Referral,83.0,Yes,5.0,32,7.3,17880,20568,0
EMP0639,Koh Pham,Male,1988-01-24,Indonesian,Asia Pacific,Philippines,Manila,HR,HR Assistant,G1,Hybrid,2019-03-07,,Active,Intern,No,Not Applicable,Not Applicable,PHP,56.0,40223,46256,718,826,3,12.6,Yes,69.7,11.0,2023-10-01,37.0,Job Board,46.0,Yes,3.0,36,5.8,8616,9912,0
EMP0640,Ong Yamamoto,Male,1982-06-08,Indonesian,Asia Pacific,Philippines,Manila,Sales,Account Executive,G2,Onsite,2022-11-21,,Active,Full-Time,Yes,Not Applicable,Not Applicable,PHP,56.0,60128,69147,1074,1235,3,3.0,No,66.8,2.0,2023-03-30,32.0,Job Board,58.0,Yes,4.0,42,2.1,12888,14820,0
EMP0641,James Koh,Female,1974-04-20,British,Asia Pacific,Philippines,Manila,HR,HR Specialist,G3,Hybrid,2020-12-31,2022-02-05,Resigned,Full-Time,Yes,Voluntary,Health Reasons,PHP,56.0,74296,85440,1327,1526,4,10.3,Yes,18.3,,2023-01-31,68.0,Referral,80.0,Yes,,50,1.1,15924,18312,1
EMP0642,Tran Charoenwong,Female,1986-01-21,Vietnamese,Asia Pacific,Philippines,Manila,HR,Senior HR Business Partner,G5,Hybrid,2017-08-02,,Active,Full-Time,Yes,Not Applicable,Not Applicable,PHP,56.0,130492,150066,2330,2680,5,6.1,Yes,63.6,2.0,2024-04-20,22.0,Linkedin,83.0,Yes,4.0,38,7.4,27960,32160,0
EMP0643,Dewi Ng,Female,1971-01-28,American,Asia Pacific,Philippines,Manila,Marketing,Marketing Assistant,G1,Hybrid,2019-11-19,,Active,Contractor,Yes,Not Applicable,Not Applicable,PHP,56.0,35852,41230,640,736,2,0.8,Yes,15.3,9.0,2024-12-10,55.0,Linkedin,41.0,Yes,5.0,53,5.1,7680,8832,0
EMP0644,Wong Tanaka,Female,1994-12-23,Chinese,Asia Pacific,Philippines,Manila,Sales,Account Executive,G2,Hybrid,2019-05-21,2024-12-31,Terminated,Full-Time,Yes,Involuntary,Performance,PHP,56.0,65123,74891,1163,1337,3,2.3,Yes,25.2,,2021-02-28,18.0,Job Board,81.0,Yes,5.0,30,5.6,13956,16044,1
EMP0645,Michelle Charoenwong,Male,1973-10-08,Filipino,Asia Pacific,Philippines,Manila,Legal,Legal Executive,G2,Hybrid,2023-02-05,,Active,Contractor,Yes,Not Applicable,Not Applicable,PHP,56.0,52323,60171,934,1074,5,1.3,Yes,51.6,8.0,2023-03-06,63.0,Referral,,Yes,5.0,51,1.9,11208,12888,0
EMP0646,Nguyen Wijaya,Female,2000-03-15,Indian,Asia Pacific,Philippines,Manila,HR,Senior HR Business Partner,G5,Hybrid,2015-08-24,,Active,Full-Time,No,Not Applicable,Not Applicable,PHP,56.0,133861,153940,2390,2749,3,0.4,Yes,30.0,10.0,2022-03-06,56.0,Linkedin,90.0,No,4.0,24,9.4,28680,32988,0
EMP0647,Budi Ong,Not Declared,1983-10-13,Hong Konger,Asia Pacific,Philippines,Manila,Finance,Finance Director,G6,Onsite,2018-02-12,,Terminated,Full-Time,Yes,Involuntary,Misconduct,PHP,56.0,136802,157322,2443,2809,4,10.4,Yes,47.9,,2023-07-16,51.0,Linkedin,,Yes,,41,6.9,29316,33708,1
EMP0648,David Müller,Male,1985-02-09,Australian,Asia Pacific,Philippines,Manila,IT,Senior Software Engineer,G3,Onsite,2018-04-16,,Active,Contractor,Yes,Not Applicable,Not Applicable,PHP,56.0,73792,84861,1318,1515,4,4.4,Yes,52.3,1.0,2024-02-21,82.0,Job Board,32.0,No,5.0,39,6.7,15816,18180,0
EMP0649,Priya Ong,Male,1993-11-28,Singaporean,Asia Pacific,Philippines,Manila,Delivery,Project Analyst,G2,Onsite,2020-05-13,,Active,Contractor,Yes,Not Applicable,Not Applicable,PHP,56.0,58336,67086,1042,1198,3,8.6,Yes,10.5,5.0,2024-07-19,94.0,Linkedin,87.0,Yes,3.0,31,4.6,12504,14376,0
EMP0650,Ahmad Tran,Male,1993-02-17,Australian,Asia Pacific,Philippines,Manila,HR,Senior HR Business Partner,G5,Hybrid,2018-11-01,,Active,Contractor,Yes,Not Applicable,Not Applicable,PHP,56.0,122129,140448,2181,2508,3,1.7,No,54.8,5.0,2023-10-01,51.0,Internal Transfer,15.0,Yes,2.0,31,6.2,26172,30096,0
EMP0651,Sarah Williams,Female,1996-11-24,Thai,Asia Pacific,Philippines,Manila,Sales,Sales Executive,G1,Hybrid,2021-05-29,,Terminated,Contractor,Yes,Involuntary,Redundancy,PHP,56.0,46351,53304,828,952,3,1.6,Yes,59.9,2.0,2023-04-09,6.0,Job Board,,No,4.0,28,3.6,9936,11424,1
EMP0652,Min Santos,Female,1970-12-16,Singaporean,Asia Pacific,Philippines,Manila,Legal,Legal Counsel,G3,Hybrid,2020-05-15,,Active,Contractor,Yes,Not Applicable,Not Applicable,PHP,56.0,83962,96556,1499,1724,4,7.8,Yes,23.2,2.0,2024-08-15,11.0,Referral,28.0,Yes,5.0,54,4.6,17988,20688,0
EMP0653,Thomas Li,Female,1972-05-03,Singaporean,Asia Pacific,Philippines,Manila,Legal,Legal Counsel,G3,Remote,2020-01-03,,Active,Full-Time,Yes,Not Applicable,Not Applicable,PHP,56.0,90685,104288,1619,1862,3,12.7,Yes,25.2,4.0,2023-04-23,70.0,Internal Transfer,87.0,Yes,5.0,52,5.0,19428,22344,0
EMP0654,Haruto Yang,Female,1979-08-15,Korean,Asia Pacific,Philippines,Manila,IT,Tech Lead,G4,Onsite,2022-02-13,2024-12-31,Terminated,Full-Time,Yes,Involuntary,Redundancy,PHP,56.0,106156,122079,1896,2180,4,13.9,Yes,33.6,8.0,2022-11-06,19.0,Internal Transfer,76.0,Yes,4.0,45,2.9,22752,26160,1
EMP0655,Sophie Suzuki,Male,1987-06-07,Indian,Asia Pacific,Philippines,Manila,Legal,Legal Assistant,G1,Remote,2023-02-28,,Active,Intern,Yes,Not Applicable,Not Applicable,PHP,56.0,35513,40840,634,729,4,8.0,Yes,5.2,5.0,2023-11-03,42.0,Linkedin,44.0,Yes,4.0,37,1.8,7608,8748,0
EMP0656,Arjun Kumar,Male,1974-12-26,Taiwanese,Asia Pacific,Philippines,Manila,Sales,Sales Manager,G4,Remote,2021-10-04,,Active,Full-Time,Yes,Not Applicable,Not Applicable,PHP,56.0,107958,124152,1928,2217,3,3.9,Yes,62.6,10.0,2024-11-19,17.0,Linkedin,15.0,No,4.0,50,3.2,23136,26604,0
EMP0657,Wong Nguyen,Female,2000-05-02,American,Asia Pacific,Philippines,Manila,IT,Engineering Manager,G5,Onsite,2019-08-18,2023-09-04,Terminated,Expat,Yes,Involuntary,Misconduct,PHP,56.0,118936,136776,2124,2442,5,8.2,No,,1.0,2023-03-26,10.0,Job Board,95.0,Yes,5.0,24,4.0,25488,29304,1
EMP0658,Chan Yamamoto,Male,1985-05-26,Indian,Asia Pacific,Philippines,Manila,Sales,Senior Sales Manager,G5,Remote,2019-07-06,,Resigned,Expat,Yes,Voluntary,Further Studies,PHP,56.0,129600,149040,2314,2661,4,4.8,No,18.8,6.0,2022-06-13,42.0,Referral,95.0,No,4.0,39,5.5,27768,31932,1
EMP0659,Lim Lee,Not Declared,1991-06-26,American,Asia Pacific,Philippines,Manila,Marketing,Marketing Assistant,G1,Onsite,2020-09-14,,Active,Full-Time,Yes,Not Applicable,Not Applicable,PHP,56.0,46591,53580,832,957,5,7.0,Yes,17.6,12.0,2024-03-23,46.0,Linkedin,39.0,Yes,4.0,33,4.3,9984,11484,0
EMP0660,Chen Wang,Male,1981-06-07,Korean,Asia Pacific,Philippines,Manila,IT,Software Engineer,G2,Hybrid,2024-05-17,,Terminated,Full-Time,Yes,Involuntary,Contract Ended,PHP,56.0,53353,61356,953,1096,5,6.9,No,,8.0,2021-11-25,2.0,Linkedin,61.0,Yes,4.0,43,0.6,11436,13152,1
EMP0661,Ahmad Lee,Male,1989-02-22,Indonesian,Asia Pacific,Philippines,Manila,Sales,Senior Sales Manager,G5,Hybrid,2015-01-11,,Active,Full-Time,No,Not Applicable,Not Applicable,PHP,56.0,129844,149321,2319,2666,4,8.3,Yes,39.7,11.0,2022-05-23,49.0,Referral,70.0,Yes,3.0,35,10.0,27828,31992,0
EMP0662,Arjun Kumar,Male,1990-04-08,Indian,Asia Pacific,Philippines,Manila,Finance,Finance Analyst,G2,Hybrid,2024-12-06,,Active,Full-Time,Yes,Not Applicable,Not Applicable,PHP,56.0,50058,57567,894,1028,3,2.1,No,24.9,8.0,2023-11-09,83.0,Internal Transfer,70.0,Yes,5.0,34,0.1,10728,12336,0
EMP0663,Jin Santos,Female,1970-03-12,Singaporean,Asia Pacific,Philippines,Manila,Delivery,Project Manager,G3,Onsite,2020-09-18,,Active,Full-Time,Yes,Not Applicable,Not Applicable,PHP,56.0,85827,98701,1533,1763,2,6.1,Yes,75.8,12.0,2022-12-15,56.0,Internal Transfer,27.0,Yes,,54,4.3,18396,21156,0
EMP0664,Maria Müller,Male,1990-06-16,Taiwanese,Asia Pacific,Philippines,Manila,IT,Senior Software Engineer,G3,Hybrid,2020-01-16,,Terminated,Full-Time,No,Involuntary,Misconduct,PHP,56.0,84777,97494,1514,1741,4,0.7,Yes,,2.0,2022-10-17,35.0,Referral,84.0,Yes,2.0,34,5.0,18168,20892,1
EMP0665,James Wong,Male,1986-07-04,Korean,Asia Pacific,Philippines,Manila,Legal,Legal Director,G6,Onsite,2019-02-01,,Active,Full-Time,Yes,Not Applicable,Not Applicable,PHP,56.0,140270,161310,2505,2881,4,8.5,Yes,37.8,10.0,2022-06-30,20.0,Referral,90.0,Yes,4.0,38,5.9,30060,34572,0
EMP0666,Priya Li,Male,1978-02-22,Australian,Asia Pacific,Philippines,Manila,Sales,Account Executive,G2,Onsite,2023-03-20,2024-12-31,Resigned,Full-Time,Yes,Voluntary,Relocation,PHP,56.0,56402,64862,1007,1158,4,7.7,Yes,41.2,4.0,2021-08-05,60.0,Internal Transfer,76.0,No,4.0,46,1.8,12084,13896,1
EMP0667,Ng Huang,Not Declared,1997-07-30,Chinese,Asia Pacific,Philippines,Manila,IT,Senior Software Engineer,G3,Onsite,2019-11-24,2024-12-31,Terminated,Contractor,Yes,Involuntary,Misconduct,PHP,56.0,89181,102558,1593,1831,1,0.1,Yes,36.9,4.0,2022-10-03,72.0,Agency,54.0,Yes,2.0,27,5.1,19116,21972,1
EMP0668,Ji Charoenwong,Not Declared,1979-05-23,American,Asia Pacific,Philippines,Manila,Marketing,Marketing Specialist,G3,Hybrid,2021-10-24,,Resigned,Full-Time,Yes,Voluntary,Health Reasons,PHP,56.0,84570,97255,1510,1737,4,1.1,Yes,49.4,0.0,2022-03-08,,Job Board,27.0,Yes,4.0,45,3.2,18120,20844,1
EMP0669,Kavya Suzuki,Not Declared,1984-12-09,Taiwanese,Asia Pacific,Philippines,Manila,Sales,Sales Executive,G1,Hybrid,2020-07-20,,Active,Contractor,Yes,Not Applicable,Not Applicable,PHP,56.0,35352,40655,631,726,3,6.9,Yes,55.0,6.0,2022-09-01,36.0,Job Board,91.0,No,5.0,40,4.5,7572,8712,0
EMP0670,Siti Ng,Female,1981-11-28,American,Asia Pacific,Philippines,Manila,Sales,Account Executive,G2,Onsite,2023-05-24,,Active,Full-Time,No,Not Applicable,Not Applicable,PHP,56.0,57270,65860,1023,1176,3,9.9,Yes,52.2,8.0,2022-01-30,86.0,Agency,,No,3.0,43,1.6,12276,14112,0
EMP0671,Ananya Charoenwong,Female,1992-05-11,Vietnamese,Asia Pacific,Philippines,Manila,Sales,Senior Account Executive,G3,Remote,2019-06-06,,Active,Full-Time,Yes,Not Applicable,Not Applicable,PHP,56.0,79449,91366,1419,1632,5,8.6,Yes,24.0,7.0,2022-03-14,13.0,Referral,46.0,Yes,4.0,32,5.6,17028,19584,0
EMP0672,Suresh Sharma,Female,1971-01-25,American,Asia Pacific,Philippines,Manila,Delivery,Delivery Coordinator,G1,Onsite,2020-12-08,,Active,Full-Time,No,Not Applicable,Not Applicable,PHP,56.0,44467,51137,794,913,3,9.2,Yes,49.5,3.0,2022-08-23,44.0,Linkedin,39.0,Yes,5.0,53,4.1,9528,10956,0
EMP0673,Michelle Tan,Not Declared,1980-06-17,Taiwanese,Asia Pacific,Philippines,Manila,IT,Senior Software Engineer,G3,Hybrid,2017-08-10,,Active,Full-Time,Yes,Not Applicable,Not Applicable,PHP,56.0,77733,89393,1388,1596,4,8.0,No,16.7,9.0,2022-10-25,16.0,Referral,81.0,Yes,1.0,44,7.4,16656,19152,0
EMP0674,Somchai Johnson,Female,1985-05-15,Indian,Asia Pacific,Philippines,Manila,Legal,Legal Counsel,G3,Onsite,2019-10-24,,Active,Full-Time,Yes,Not Applicable,Not Applicable,PHP,56.0,81977,94274,1464,1683,1,0.1,No,50.1,7.0,2023-10-14,53.0,Job Board,21.0,No,5.0,39,5.2,17568,20196,0
EMP0675,Wei Charoenwong,Female,1973-05-06,Taiwanese,Asia Pacific,Philippines,Manila,Marketing,Marketing Manager,G5,Hybrid,2019-06-18,,Active,Full-Time,Yes,Not Applicable,Not Applicable,PHP,56.0,121525,139754,2170,2496,4,14.5,Yes,27.2,8.0,2024-01-24,67.0,Referral,82.0,No,3.0,51,5.5,26040,29952,0
EMP0676,Wei Wu,Male,2001-01-18,Chinese,Asia Pacific,Vietnam,Hanoi,Sales,Sales Manager,G4,Hybrid,2018-02-25,,Active,Full-Time,Yes,Not Applicable,Not Applicable,VND,24500.0,56910329,65446878,2323,2671,2,14.2,Yes,25.7,5.0,2023-04-09,30.0,Internal Transfer,71.0,No,3.0,23,6.9,27876,32052,0
EMP0677,Arun Brown,Male,2001-07-20,Taiwanese,Asia Pacific,Vietnam,Ho Chi Minh City,Marketing,Marketing Executive,G2,Hybrid,2020-12-06,,Resigned,Full-Time,Yes,Voluntary,Health Reasons,VND,24500.0,33064165,38023790,1350,1552,4,12.9,No,35.9,7.0,2022-06-06,13.0,Referral,93.0,Yes,4.0,23,4.1,16200,18624,1
EMP0678,Jin Santos,Not Declared,1990-01-24,Filipino,Asia Pacific,Vietnam,Hanoi,Marketing,Marketing Assistant,G1,Onsite,2019-01-20,,Active,Intern,Yes,Not Applicable,Not Applicable,VND,24500.0,21462607,24681998,876,1007,2,11.9,Yes,54.0,6.0,2024-12-02,37.0,Job Board,25.0,Yes,2.0,34,5.9,10512,12084,0
EMP0679,Sarah Johnson,Male,1974-05-12,American,Asia Pacific,Vietnam,Ho Chi Minh City,HR,HR Assistant,G1,Remote,2024-10-23,,Active,Full-Time,Yes,Not Applicable,Not Applicable,VND,24500.0,17036531,19592011,695,800,4,6.2,Yes,42.9,9.0,2023-10-21,64.0,Referral,60.0,Yes,4.0,50,0.2,8340,9600,0
EMP0680,Wong Tan,Female,1983-04-20,Chinese,Asia Pacific,Vietnam,Hanoi,Sales,Account Executive,G2,Remote,2020-02-22,,Active,Full-Time,Yes,Not Applicable,Not Applicable,VND,24500.0,26718072,30725783,1091,1254,4,4.2,No,23.4,12.0,2023-07-28,50.0,Job Board,,Yes,4.0,41,4.9,13092,15048,0
EMP0681,Lee Liu,Not Declared,1993-07-16,Vietnamese,Asia Pacific,Vietnam,Hanoi,IT,Software Engineer,G2,Hybrid,2021-11-22,,Active,Contractor,Yes,Not Applicable,Not Applicable,VND,24500.0,36101352,41516555,1474,1695,3,0.1,No,74.4,3.0,2023-03-13,47.0,Linkedin,92.0,Yes,3.0,31,3.1,17688,20340,0
EMP0682,Chen Reyes,Male,1986-02-26,Filipino,Asia Pacific,Vietnam,Ho Chi Minh City,Marketing,Senior Marketing Specialist,G4,Onsite,2019-09-11,,Active,Contractor,No,Not Applicable,Not Applicable,VND,24500.0,61845691,71122545,2524,2903,3,9.9,Yes,23.2,1.0,2023-10-10,97.0,Linkedin,31.0,Yes,5.0,38,5.3,30288,34836,0
EMP0683,Nguyen Tan,Male,1994-05-21,Korean,Asia Pacific,Vietnam,Ho Chi Minh City,HR,HR Specialist,G3,Onsite,2022-06-23,,Active,Full-Time,Yes,Not Applicable,Not Applicable,VND,24500.0,48474175,55745301,1979,2275,3,4.8,No,30.4,9.0,2023-11-10,56.0,Job Board,70.0,Yes,2.0,30,2.5,23748,27300,0
EMP0684,Haruto Tanaka,Not Declared,1993-08-05,Japanese,Asia Pacific,Vietnam,Ho Chi Minh City,Legal,Legal Executive,G2,Remote,2024-12-21,,Active,Intern,Yes,Not Applicable,Not Applicable,VND,24500.0,26424435,30388100,1079,1240,3,3.6,No,67.8,3.0,2024-07-31,18.0,Referral,35.0,No,4.0,31,0.0,12948,14880,0
EMP0685,Koh Dela Cruz,Male,1976-09-16,Singaporean,Asia Pacific,Vietnam,Hanoi,Marketing,Senior Marketing Manager,G6,Hybrid,2017-07-16,,Active,Expat,No,Not Applicable,Not Applicable,VND,24500.0,72381933,83239223,2954,3398,4,6.1,No,21.3,4.0,2023-06-29,67.0,Agency,62.0,Yes,4.0,48,7.5,35448,40776,0
EMP0686,David Choi,Female,1971-01-07,Thai,Asia Pacific,Vietnam,Hanoi,Delivery,Project Analyst,G2,Hybrid,2020-09-16,,Active,Full-Time,Yes,Not Applicable,Not Applicable,VND,24500.0,35495715,40820072,1449,1666,4,10.9,No,20.9,10.0,2024-07-10,90.0,Job Board,52.0,Yes,5.0,54,4.3,17388,19992,0
EMP0687,Somchai Guo,Male,1979-04-19,Indian,Asia Pacific,Vietnam,Ho Chi Minh City,Delivery,Project Analyst,G2,Remote,2020-10-29,,Active,Full-Time,Yes,Not Applicable,Not Applicable,VND,24500.0,29713392,34170401,1213,1395,3,10.3,Yes,54.1,7.0,2022-11-28,32.0,Internal Transfer,55.0,Yes,5.0,45,4.2,14556,16740,0
EMP0688,Ji Müller,Female,1976-06-13,Chinese,Asia Pacific,Vietnam,Hanoi,Finance,Finance Analyst,G2,Onsite,2019-08-07,2020-12-09,Resigned,Full-Time,No,Voluntary,Personal Reason,VND,24500.0,29856143,34334564,1219,1401,3,6.9,No,,0.0,,39.0,Internal Transfer,24.0,No,3.0,48,1.3,14628,16812,1
EMP0689,Lim Yang,Not Declared,2001-11-07,Taiwanese,Asia Pacific,Vietnam,Hanoi,HR,HR Specialist,G3,Onsite,2020-03-18,,Active,Contractor,No,Not Applicable,Not Applicable,VND,24500.0,45542363,52373717,1859,2138,5,10.3,Yes,68.8,6.0,2022-10-21,83.0,Linkedin,82.0,Yes,4.0,23,4.8,22308,25656,0
EMP0690,Somchai Williams,Not Declared,1994-07-14,Indian,Asia Pacific,Vietnam,Ho Chi Minh City,Legal,Legal Director,G6,Remote,2019-01-24,,Active,Full-Time,Yes,Not Applicable,Not Applicable,VND,24500.0,79074353,90935506,3228,3712,2,2.5,No,70.7,5.0,2022-01-20,76.0,Referral,70.0,Yes,4.0,30,5.9,38736,44544,0
EMP0691,Somchai Zhang,Male,1976-11-25,Indonesian,Asia Pacific,Vietnam,Ho Chi Minh City,Legal,Legal Counsel,G3,Onsite,2017-12-23,,Active,Intern,Yes,Not Applicable,Not Applicable,VND,24500.0,41171042,47346698,1680,1933,3,14.4,No,23.9,9.0,2024-01-22,53.0,Referral,94.0,Yes,4.0,48,7.0,20160,23196,0
EMP0692,Michelle Sharma,Not Declared,1997-01-07,Singaporean,Asia Pacific,Vietnam,Ho Chi Minh City,Marketing,Marketing Specialist,G3,Onsite,2021-08-16,,Active,Full-Time,No,Not Applicable,Not Applicable,VND,24500.0,41007861,47159040,1674,1925,4,1.6,Yes,48.8,9.0,2022-11-12,16.0,Referral,65.0,No,4.0,28,3.4,20088,23100,0
EMP0693,Lakshmi Chen,Female,1983-01-13,Singaporean,Asia Pacific,Vietnam,Ho Chi Minh City,Legal,Senior Legal Counsel,G4,Hybrid,2019-04-24,,Active,Contractor,Yes,Not Applicable,Not Applicable,VND,24500.0,61278484,70470257,2501,2876,3,14.3,Yes,32.0,1.0,2024-10-06,17.0,Internal Transfer,65.0,Yes,4.0,41,5.7,30012,34512,0
EMP0694,Maria Wu,Male,1978-06-07,Japanese,Asia Pacific,Vietnam,Hanoi,Sales,Senior Account Executive,G3,Remote,2019-04-23,,Active,Full-Time,Yes,Not Applicable,Not Applicable,VND,24500.0,43851229,50428913,1790,2058,1,8.9,Yes,73.5,7.0,2024-03-24,72.0,Referral,32.0,No,4.0,46,5.7,21480,24696,0
EMP0695,Ravi Santos,Not Declared,1992-01-09,Thai,Asia Pacific,Vietnam,Ho Chi Minh City,Legal,Legal Manager,G5,Onsite,2016-12-01,,Active,Full-Time,Yes,Not Applicable,Not Applicable,VND,24500.0,70714968,81322213,2886,3319,4,7.4,Yes,68.7,6.0,2022-10-17,72.0,Internal Transfer,50.0,Yes,3.0,33,8.1,34632,39828,0
EMP0696,Sarah Koh,Male,1981-07-30,Korean,Asia Pacific,Vietnam,Hanoi,Finance,Senior Finance Analyst,G3,Hybrid,2020-06-28,,Resigned,Full-Time,No,Voluntary,Health Reasons,VND,24500.0,41813789,48085857,1707,1963,3,7.4,No,,7.0,2021-12-12,38.0,Linkedin,60.0,Yes,,43,4.5,20484,23556,1
EMP0697,Haruto Wang,Not Declared,1977-06-19,Filipino,Asia Pacific,Vietnam,Hanoi,Delivery,Senior Project Manager,G4,Hybrid,2020-01-10,,Active,Full-Time,Yes,Not Applicable,Not Applicable,VND,24500.0,54735325,62945624,2234,2569,4,7.5,No,42.5,5.0,2023-04-20,55.0,Linkedin,18.0,Yes,4.0,47,5.0,26808,30828,0
EMP0698,Min Kim,Not Declared,1991-02-26,American,Asia Pacific,Vietnam,Ho Chi Minh City,Legal,Senior Legal Counsel,G4,Onsite,2021-12-28,,Resigned,Full-Time,Yes,Voluntary,Health Reasons,VND,24500.0,61147442,70319558,2496,2870,5,4.9,No,58.8,4.0,,46.0,Job Board,61.0,Yes,3.0,33,3.0,29952,34440,1
EMP0699,Jose Guo,Male,1983-09-05,Japanese,Asia Pacific,Vietnam,Hanoi,Finance,Senior Finance Analyst,G3,Hybrid,2021-05-05,,Active,Full-Time,Yes,Not Applicable,Not Applicable,VND,24500.0,40487157,46560231,1653,1900,2,11.1,No,68.0,12.0,2023-12-26,86.0,Referral,36.0,No,3.0,41,3.7,19836,22800,0
EMP0700,Chan Chan,Male,1988-12-15,Thai,Asia Pacific,Vietnam,Hanoi,Delivery,Project Manager,G3,Onsite,2017-07-09,,Active,Full-Time,Yes,Not Applicable,Not Applicable,VND,24500.0,43887282,50470374,1791,2060,5,1.6,No,51.3,11.0,2023-11-23,50.0,Linkedin,45.0,No,5.0,36,7.5,21492,24720,0
EMP0701,Chan Santoso,Female,1995-09-27,Chinese,Asia Pacific,Vietnam,Ho Chi Minh City,HR,HR Business Partner,G4,Remote,2021-08-26,,Active,Contractor,Yes,Not Applicable,Not Applicable,VND,24500.0,58677022,67478575,2395,2754,5,7.1,No,30.0,9.0,2022-09-24,90.0,Linkedin,74.0,No,4.0,29,3.4,28740,33048,0
EMP0702,Kevin Koh,Not Declared,1990-07-10,Indonesian,Asia Pacific,Vietnam,Hanoi,Sales,Account Executive,G2,Remote,2024-06-27,,Active,Full-Time,Yes,Not Applicable,Not Applicable,VND,24500.0,34054025,39162129,1390,1598,4,8.2,No,29.6,12.0,2023-01-14,32.0,Job Board,86.0,Yes,4.0,34,0.5,16680,19176,0
EMP0703,Kavya Patel,Female,1988-06-24,Korean,Asia Pacific,Vietnam,Hanoi,HR,HR Assistant,G1,Hybrid,2021-04-12,,Active,Intern,Yes,Not Applicable,Not Applicable,VND,24500.0,22239345,25575247,908,1044,5,6.9,Yes,34.6,11.0,2024-12-20,22.0,Linkedin,15.0,Yes,5.0,36,3.7,10896,12528,0
EMP0704,Min Lee,Male,1995-08-07,American,Asia Pacific,Vietnam,Hanoi,Marketing,Marketing Executive,G2,Onsite,2023-11-18,,Active,Full-Time,Yes,Not Applicable,Not Applicable,VND,24500.0,30628684,35222987,1250,1438,3,10.3,Yes,30.4,8.0,2023-08-10,71.0,Agency,65.0,No,4.0,29,1.1,15000,17256,0
EMP0705,Emma Santos,Male,1972-08-13,Malaysian,Asia Pacific,Vietnam,Hanoi,Finance,Finance Manager,G4,Onsite,2019-11-14,2024-07-10,Terminated,Full-Time,Yes,Involuntary,Misconduct,VND,24500.0,59493771,68417837,2428,2793,1,14.9,No,46.5,,2022-11-18,,Internal Transfer,34.0,Yes,4.0,52,4.7,29136,33516,1
EMP0706,James Jones,Male,1981-07-26,Indian,Asia Pacific,Vietnam,Hanoi,Finance,Senior Finance Analyst,G3,Onsite,2018-10-15,,Active,Contractor,Yes,Not Applicable,Not Applicable,VND,24500.0,41451129,47668798,1692,1946,2,11.8,No,20.7,11.0,2022-12-28,27.0,Internal Transfer,19.0,Yes,4.0,43,6.2,20304,23352,0
EMP0707,Chris Müller,Female,1986-06-21,Filipino,Asia Pacific,Vietnam,Ho Chi Minh City,Delivery,Senior Project Manager,G4,Hybrid,2022-06-18,,Active,Contractor,Yes,Not Applicable,Not Applicable,VND,24500.0,52181470,60008690,2130,2449,3,6.6,Yes,64.9,11.0,2024-02-01,78.0,Linkedin,68.0,Yes,1.0,38,2.5,25560,29388,0
EMP0708,Jin Le,Male,2001-12-30,Indian,Asia Pacific,Vietnam,Ho Chi Minh City,Delivery,Senior Project Manager,G4,Onsite,2021-10-22,,Active,Full-Time,Yes,Not Applicable,Not Applicable,VND,24500.0,54173453,62299471,2211,2543,4,2.0,No,20.2,10.0,2022-03-19,30.0,Job Board,92.0,Yes,4.0,23,3.2,26532,30516,0
EMP0709,Ng Singh,Male,1987-10-09,Filipino,Asia Pacific,Vietnam,Hanoi,IT,Engineering Manager,G5,Onsite,2015-05-31,,Active,Full-Time,No,Not Applicable,Not Applicable,VND,24500.0,73400857,84410986,2996,3445,3,7.1,No,67.0,10.0,2024-12-25,49.0,Referral,60.0,Yes,4.0,37,9.6,35952,41340,0
EMP0710,Jose Suzuki,Male,1994-12-15,Hong Konger,Asia Pacific,Vietnam,Hanoi,Legal,Legal Executive,G2,Hybrid,2023-11-19,,Active,Contractor,Yes,Not Applicable,Not Applicable,VND,24500.0,28113218,32330201,1147,1320,3,7.7,Yes,8.1,12.0,2022-07-06,11.0,Referral,74.0,No,3.0,30,1.1,13764,15840,0
EMP0711,Wei Li,Male,1997-01-21,Singaporean,Asia Pacific,Vietnam,Hanoi,Legal,Legal Counsel,G3,Hybrid,2017-04-04,,Active,Full-Time,Yes,Not Applicable,Not Applicable,VND,24500.0,47982120,55179438,1958,2252,3,4.6,No,38.0,9.0,2023-02-09,70.0,Internal Transfer,61.0,Yes,4.0,27,7.7,23496,27024,0
EMP0712,Jessica Koh,Female,1989-07-12,Hong Konger,Asia Pacific,Vietnam,Hanoi,Sales,Account Executive,G2,Onsite,2021-08-15,,Active,Full-Time,Yes,Not Applicable,Not Applicable,VND,24500.0,35224704,40508410,1438,1653,4,11.8,No,28.7,9.0,2022-03-03,69.0,Job Board,26.0,Yes,4.0,35,3.4,17256,19836,0
EMP0713,Yuki Lee,Male,1976-09-20,Malaysian,Asia Pacific,Vietnam,Hanoi,HR,HR Specialist,G3,Hybrid,2018-11-09,,Active,Full-Time,No,Not Applicable,Not Applicable,VND,24500.0,47105096,54170860,1923,2211,3,3.8,Yes,29.1,2.0,2023-01-18,84.0,Agency,45.0,Yes,4.0,48,6.1,23076,26532,0
EMP0714,Jin Zhang,Male,1985-03-01,Singaporean,Asia Pacific,Vietnam,Hanoi,Sales,Account Executive,G2,Onsite,2022-12-09,,Active,Full-Time,Yes,Not Applicable,Not Applicable,VND,24500.0,31278168,35969893,1277,1468,5,1.1,Yes,52.6,1.0,2023-09-12,21.0,Internal Transfer,42.0,Yes,4.0,39,2.1,15324,17616,0
EMP0715,Siti Wong,Female,1990-11-21,Australian,Asia Pacific,Vietnam,Hanoi,Marketing,Marketing Assistant,G1,Onsite,2023-04-26,,Active,Intern,Yes,Not Applicable,Not Applicable,VND,24500.0,17242411,19828773,704,809,3,8.5,Yes,18.4,7.0,2024-02-05,13.0,Agency,88.0,Yes,5.0,34,1.7,8448,9708,0
EMP0716,Fang Singh,Male,1996-12-03,Filipino,Asia Pacific,Vietnam,Ho Chi Minh City,HR,HR Executive,G2,Hybrid,2020-07-29,,Active,Full-Time,Yes,Not Applicable,Not Applicable,VND,24500.0,32045470,36852290,1308,1504,3,2.0,Yes,75.6,5.0,2022-03-26,70.0,Referral,24.0,No,3.0,28,4.4,15696,18048,0
EMP0717,Arjun Dela Cruz,Female,1973-04-18,Filipino,Asia Pacific,Vietnam,Ho Chi Minh City,Legal,Legal Counsel,G3,Hybrid,2018-04-28,,Active,Full-Time,No,Not Applicable,Not Applicable,VND,24500.0,45739489,52600412,1867,2147,4,13.5,No,14.0,11.0,2023-04-17,89.0,Internal Transfer,43.0,Yes,3.0,51,6.7,22404,25764,0
EMP0718,Nguyen Singh,Female,1998-05-29,Australian,Asia Pacific,Vietnam,Ho Chi Minh City,Marketing,Senior Marketing Specialist,G4,Remote,2021-01-11,,Active,Full-Time,Yes,Not Applicable,Not Applicable,VND,24500.0,52727063,60636122,2152,2475,4,12.6,No,4.4,2.0,2024-04-09,81.0,Linkedin,86.0,No,4.0,26,4.0,25824,29700,0
EMP0719,Kevin Sharma,Male,2001-01-20,Vietnamese,Asia Pacific,Vietnam,Hanoi,Legal,Legal Executive,G2,Onsite,2021-06-21,,Active,Full-Time,Yes,Not Applicable,Not Applicable,VND,24500.0,35561347,40895549,1451,1669,3,9.8,No,14.8,5.0,2022-06-10,37.0,Internal Transfer,52.0,No,5.0,23,3.5,17412,20028,0
EMP0720,Ong Dela Cruz,Female,1996-02-16,American,Asia Pacific,Vietnam,Hanoi,HR,HR Assistant,G1,Hybrid,2024-01-01,,Active,Contractor,Yes,Not Applicable,Not Applicable,VND,24500.0,24188972,27817318,987,1135,3,11.5,Yes,37.1,4.0,2023-09-24,64.0,Referral,66.0,Yes,4.0,28,1.0,11844,13620,0
EMP0721,Chan Lim,Female,1978-01-16,Malaysian,Asia Pacific,Vietnam,Hanoi,Legal,Legal Executive,G2,Remote,2019-01-03,,Active,Full-Time,Yes,Not Applicable,Not Applicable,VND,24500.0,31483797,36206367,1285,1478,4,9.0,No,38.4,2.0,2024-01-12,96.0,Linkedin,34.0,Yes,4.0,46,6.0,15420,17736,0
EMP0722,Wei Suzuki,Male,1995-12-16,Thai,Asia Pacific,Vietnam,Ho Chi Minh City,Legal,Legal Manager,G5,Onsite,2018-02-09,,Active,Contractor,Yes,Not Applicable,Not Applicable,VND,24500.0,63881090,73463254,2607,2999,5,12.1,Yes,64.0,9.0,2023-04-01,34.0,Referral,74.0,Yes,4.0,29,6.9,31284,35988,0
EMP0723,Priya Lin,Male,1983-12-10,Indian,Asia Pacific,Vietnam,Hanoi,IT,Software Engineer,G2,Onsite,2023-11-18,,Active,Contractor,No,Not Applicable,Not Applicable,VND,24500.0,29810868,34282498,1217,1399,3,14.6,No,70.2,3.0,2024-05-04,29.0,Agency,83.0,Yes,5.0,41,1.1,14604,16788,0
EMP0724,Fang Ong,Not Declared,1978-05-17,Chinese,Asia Pacific,Vietnam,Hanoi,IT,Software Engineer,G2,Hybrid,2024-04-20,,Resigned,Full-Time,No,Voluntary,Health Reasons,VND,24500.0,33400400,38410460,1363,1568,4,6.7,No,,5.0,2022-03-17,31.0,Agency,28.0,Yes,3.0,46,0.7,16356,18816,1
EMP0725,Dewi Santoso,Female,1982-03-02,American,Asia Pacific,Vietnam,Hanoi,Finance,Finance Analyst,G2,Hybrid,2020-05-16,,Active,Full-Time,Yes,Not Applicable,Not Applicable,VND,24500.0,28411649,32673396,1160,1334,3,4.1,Yes,38.3,10.0,2024-06-04,86.0,Job Board,,Yes,,42,4.6,13920,16008,0
EMP0726,Michael Müller,Male,1975-03-10,Indonesian,Asia Pacific,Vietnam,Hanoi,Marketing,Marketing Specialist,G3,Onsite,2019-06-10,2022-05-24,Terminated,Full-Time,No,Involuntary,Performance,VND,24500.0,41240823,47426946,1683,1936,2,2.5,Yes,15.8,,2021-01-29,17.0,Linkedin,82.0,Yes,4.0,49,3.0,20196,23232,1
EMP0727,Ong Huang,Male,1996-01-24,British,Asia Pacific,Vietnam,Hanoi,Finance,Senior Finance Manager,G5,Remote,2016-11-06,,Active,Full-Time,Yes,Not Applicable,Not Applicable,VND,24500.0,71030599,81685189,2899,3334,2,3.9,No,49.5,4.0,2022-01-23,92.0,Agency,70.0,Yes,2.0,28,8.2,34788,40008,0
EMP0728,Michelle Zhang,Not Declared,1999-07-05,Thai,Asia Pacific,Vietnam,Hanoi,Sales,Sales Manager,G4,Hybrid,2019-12-07,,Active,Full-Time,Yes,Not Applicable,Not Applicable,VND,24500.0,56093506,64507532,2290,2633,3,8.4,Yes,61.5,1.0,2023-09-21,60.0,Referral,47.0,Yes,2.0,25,5.1,27480,31596,0
EMP0729,Seo Ng,Female,1985-02-03,Hong Konger,Asia Pacific,Vietnam,Hanoi,IT,Software Engineer,G2,Hybrid,2024-10-29,,Active,Full-Time,Yes,Not Applicable,Not Applicable,VND,24500.0,31956743,36750254,1304,1500,3,8.4,Yes,67.3,5.0,2022-07-02,54.0,Internal Transfer,59.0,Yes,4.0,39,0.2,15648,18000,0
EMP0730,Nguyen Charoenwong,Male,1983-10-23,Thai,Asia Pacific,Vietnam,Hanoi,Finance,Finance Manager,G4,Remote,2022-08-08,,Active,Full-Time,Yes,Not Applicable,Not Applicable,VND,24500.0,54770105,62985621,2236,2571,4,0.2,Yes,59.2,7.0,2022-07-19,82.0,Job Board,47.0,Yes,1.0,41,2.4,26832,30852,0
EMP0731,Priya Tanaka,Male,1972-01-09,Japanese,Asia Pacific,China,Beijing,Finance,Finance Manager,G4,Hybrid,2020-06-05,,Active,Full-Time,Yes,Not Applicable,Not Applicable,CNY,7.25,40667,46767,5609,6451,4,8.5,Yes,16.0,5.0,2024-01-14,66.0,Job Board,61.0,Yes,4.0,53,4.6,67308,77412,0
EMP0732,Seo Müller,Not Declared,1998-09-30,Taiwanese,Asia Pacific,China,Shanghai,Marketing,Marketing Specialist,G3,Hybrid,2022-11-16,,Active,Full-Time,Yes,Not Applicable,Not Applicable,CNY,7.25,28908,33244,3987,4585,3,5.7,No,69.5,10.0,2023-08-24,85.0,Referral,67.0,Yes,2.0,26,2.1,47844,55020,0
EMP0733,Kavya Yang,Female,1973-07-06,Indonesian,Asia Pacific,China,Shanghai,Legal,Senior Legal Counsel,G4,Hybrid,2021-12-21,,Resigned,Contractor,Yes,Voluntary,Better Opportunity,CNY,7.25,41760,48024,5760,6624,4,0.1,No,44.9,5.0,2022-06-14,2.0,Job Board,59.0,Yes,2.0,51,3.0,69120,79488,1
EMP0734,Nattaporn Singh,Female,1979-05-18,Singaporean,Asia Pacific,China,Shanghai,Sales,Senior Sales Manager,G5,Hybrid,2019-05-02,2022-09-17,Resigned,Full-Time,Yes,Voluntary,Personal Reason,CNY,7.25,53797,61867,7420,8533,3,7.7,No,34.9,4.0,2023-08-15,34.0,Job Board,19.0,No,5.0,45,3.4,89040,102396,1
EMP0735,Jin Sharma,Not Declared,1974-12-11,Taiwanese,Asia Pacific,China,Shanghai,Sales,Senior Account Executive,G3,Hybrid,2022-10-22,2024-12-31,Resigned,Full-Time,No,Voluntary,Health Reasons,CNY,7.25,35525,40854,4900,5635,5,0.3,Yes,53.4,5.0,2023-08-27,17.0,Agency,,Yes,4.0,50,2.2,58800,67620,1
EMP0736,Suresh Wong,Female,1974-04-04,British,Asia Pacific,China,Shanghai,Finance,Senior Finance Analyst,G3,Hybrid,2022-03-07,,Active,Full-Time,Yes,Not Applicable,Not Applicable,CNY,7.25,32134,36954,4432,5097,5,14.4,No,60.0,4.0,2023-05-24,55.0,Internal Transfer,57.0,No,5.0,50,2.8,53184,61164,0
EMP0737,Lee Pham,Female,1992-12-24,Malaysian,Asia Pacific,China,Beijing,Sales,Sales Executive,G1,Onsite,2022-12-09,,Active,Full-Time,Yes,Not Applicable,Not Applicable,CNY,7.25,16246,18683,2241,2577,4,10.4,Yes,26.1,5.0,2022-09-22,53.0,Internal Transfer,16.0,Yes,4.0,32,2.1,26892,30924,0
EMP0738,Michelle Choi,Female,1996-05-11,Malaysian,Asia Pacific,China,Shanghai,HR,HR Executive,G2,Remote,2019-05-18,2024-10-02,Resigned,Full-Time,Yes,Voluntary,Personal Reason,CNY,7.25,22040,25346,3040,3496,2,11.1,Yes,38.9,6.0,2022-03-25,,Internal Transfer,36.0,No,5.0,28,5.4,36480,41952,1
EMP0739,Tan Suzuki,Male,1995-01-19,American,Asia Pacific,China,Beijing,Legal,Legal Assistant,G1,Hybrid,2019-11-18,,Active,Intern,Yes,Not Applicable,Not Applicable,CNY,7.25,14862,17091,2050,2357,4,10.4,Yes,43.3,1.0,2023-09-09,58.0,Linkedin,19.0,Yes,2.0,29,5.1,24600,28284,0
EMP0740,Tan Lin,Not Declared,1974-09-16,Indonesian,Asia Pacific,China,Shanghai,Sales,Sales Executive,G1,Hybrid,2021-02-08,,Resigned,Intern,No,Voluntary,Relocation,CNY,7.25,9859,11338,1360,1564,3,13.1,Yes,25.1,8.0,2021-06-12,27.0,Linkedin,80.0,Yes,4.0,50,3.9,16320,18768,1
EMP0741,Maria Singh,Male,1999-05-10,Thai,Asia Pacific,China,Beijing,Legal,Legal Counsel,G3,Hybrid,2020-09-23,2024-12-31,Terminated,Full-Time,Yes,Involuntary,Redundancy,CNY,7.25,30008,34509,4139,4760,4,12.9,Yes,39.8,5.0,2023-07-15,75.0,Agency,38.0,Yes,3.0,25,4.3,49668,57120,1
EMP0742,Dewi Yamamoto,Female,1990-09-19,American,Asia Pacific,China,Shanghai,Legal,Legal Manager,G5,Hybrid,2016-06-27,,Active,Full-Time,Yes,Not Applicable,Not Applicable,CNY,7.25,53037,60993,7315,8413,4,7.3,Yes,31.7,4.0,2023-12-05,91.0,Referral,70.0,Yes,4.0,34,8.5,87780,100956,0
EMP0743,Arjun Charoenwong,Female,1985-02-02,Chinese,Asia Pacific,China,Beijing,Finance,Finance Manager,G4,Hybrid,2020-10-09,,Active,Contractor,No,Not Applicable,Not Applicable,CNY,7.25,41260,47449,5691,6545,3,1.8,No,76.7,11.0,2023-03-16,28.0,Job Board,68.0,No,5.0,39,4.2,68292,78540,0
EMP0744,Kavya Ong,Not Declared,1987-03-19,American,Asia Pacific,China,Shanghai,HR,HR Business Partner,G4,Remote,2021-09-18,,Active,Full-Time,Yes,Not Applicable,Not Applicable,CNY,7.25,45656,52504,6297,7242,4,7.6,Yes,55.6,2.0,2022-03-10,43.0,Internal Transfer,25.0,Yes,3.0,37,3.3,75564,86904,0
EMP0745,Amanda Lee,Male,1995-02-07,Chinese,Asia Pacific,China,Beijing,Marketing,Marketing Executive,G2,Hybrid,2024-01-17,,Active,Full-Time,Yes,Not Applicable,Not Applicable,CNY,7.25,20270,23310,2796,3215,3,6.1,No,24.7,3.0,2022-01-17,59.0,Agency,26.0,Yes,4.0,29,1.0,33552,38580,0
EMP0746,Lee Suwannarat,Not Declared,1991-04-13,Vietnamese,Asia Pacific,China,Beijing,Sales,Senior Sales Manager,G5,Onsite,2016-11-22,,Active,Full-Time,Yes,Not Applicable,Not Applicable,CNY,7.25,52002,59802,7173,8249,3,14.2,Yes,50.3,10.0,2023-11-17,32.0,Agency,70.0,Yes,3.0,33,8.1,86076,98988,0
EMP0747,Chris Wong,Not Declared,1976-07-18,Malaysian,Asia Pacific,China,Shanghai,Delivery,Senior Project Manager,G4,Hybrid,2022-07-03,,Resigned,Full-Time,Yes,Voluntary,Further Studies,CNY,7.25,44076,50687,6079,6991,2,5.8,No,24.8,8.0,2023-10-13,4.0,Agency,56.0,No,5.0,48,2.5,72948,83892,1
EMP0748,Tan Brown,Female,1998-09-02,Thai,Asia Pacific,China,Beijing,Marketing,Marketing Executive,G2,Remote,2020-11-09,,Active,Full-Time,No,Not Applicable,Not Applicable,CNY,7.25,17733,20393,2446,2813,5,5.3,No,64.8,3.0,2022-03-28,16.0,Referral,80.0,Yes,4.0,26,4.1,29352,33756,0
EMP0749,Tan Nguyen,Male,1978-05-03,Korean,Asia Pacific,China,Beijing,Marketing,Marketing Specialist,G3,Remote,2021-08-10,,Active,Full-Time,Yes,Not Applicable,Not Applicable,CNY,7.25,34347,39499,4738,5448,4,10.4,Yes,25.2,4.0,2023-02-23,59.0,Linkedin,79.0,Yes,5.0,46,3.4,56856,65376,0
EMP0750,Chan Wong,Not Declared,1989-04-03,Australian,Asia Pacific,China,Shanghai,HR,HR Business Partner,G4,Hybrid,2022-08-26,,Active,Contractor,Yes,Not Applicable,Not Applicable,CNY,7.25,45479,52301,6273,7214,1,7.3,No,60.4,6.0,2022-09-10,30.0,Job Board,91.0,Yes,5.0,35,2.4,75276,86568,0
EMP0751,Emma Reyes,Female,1987-11-11,British,Asia Pacific,China,Shanghai,HR,HR Executive,G2,Hybrid,2023-08-23,,Active,Intern,Yes,Not Applicable,Not Applicable,CNY,7.25,17024,19578,2348,2700,4,3.8,Yes,29.7,7.0,2024-07-24,95.0,Linkedin,66.0,Yes,2.0,37,1.4,28176,32400,0
EMP0752,Haruto Williams,Not Declared,1979-02-02,Japanese,Asia Pacific,China,Beijing,Finance,Finance Director,G6,Onsite,2017-02-07,,Active,Full-Time,Yes,Not Applicable,Not Applicable,CNY,7.25,59033,67888,8142,9364,3,9.4,Yes,44.3,12.0,2023-10-17,97.0,Job Board,22.0,No,3.0,45,7.9,97704,112368,0
EMP0753,Meera Huang,Female,2001-11-08,Thai,Asia Pacific,China,Beijing,Marketing,Marketing Specialist,G3,Hybrid,2019-06-26,,Active,Full-Time,Yes,Not Applicable,Not Applicable,CNY,7.25,30277,34819,4176,4803,3,14.7,Yes,22.1,6.0,2024-09-14,74.0,Agency,39.0,Yes,1.0,23,5.5,50112,57636,0
EMP0754,David Choi,Male,1979-07-09,American,Asia Pacific,China,Beijing,Delivery,Senior Project Manager,G4,Hybrid,2021-03-13,,Active,Full-Time,Yes,Not Applicable,Not Applicable,CNY,7.25,40790,46908,5626,6470,3,0.6,Yes,41.5,12.0,2023-04-30,97.0,Internal Transfer,23.0,No,4.0,45,3.8,67512,77640,0
EMP0755,Chan Yang,Female,1976-09-11,Korean,Asia Pacific,China,Beijing,Legal,Legal Counsel,G3,Hybrid,2022-07-31,,Terminated,Contractor,Yes,Involuntary,Contract Ended,CNY,7.25,27343,31444,3771,4337,4,9.7,Yes,43.3,2.0,2021-09-21,66.0,Job Board,23.0,Yes,5.0,48,2.4,45252,52044,1
EMP0756,David Kim,Not Declared,1990-09-19,Vietnamese,Asia Pacific,China,Beijing,Sales,Senior Account Executive,G3,Onsite,2017-12-13,,Active,Full-Time,Yes,Not Applicable,Not Applicable,CNY,7.25,28356,32609,3911,4498,3,1.9,No,12.0,6.0,2024-05-24,68.0,Internal Transfer,54.0,Yes,4.0,34,7.1,46932,53976,0
EMP0757,Ng Yamamoto,Female,1982-08-31,Korean,Asia Pacific,China,Shanghai,Marketing,Senior Marketing Specialist,G4,Hybrid,2017-07-19,,Active,Full-Time,Yes,Not Applicable,Not Applicable,CNY,7.25,41525,47754,5728,6587,3,12.2,Yes,52.6,4.0,2024-01-14,59.0,Internal Transfer,29.0,Yes,4.0,42,7.5,68736,79044,0
EMP0758,Ravi Chen,Male,1971-08-15,British,Asia Pacific,China,Shanghai,HR,HR Specialist,G3,Onsite,2019-11-08,,Active,Full-Time,Yes,Not Applicable,Not Applicable,CNY,7.25,28477,32749,3928,4517,4,1.7,Yes,35.9,10.0,2023-01-23,29.0,Referral,42.0,Yes,4.0,53,5.1,47136,54204,0
EMP0759,Michelle Jones,Not Declared,1975-07-23,Australian,Asia Pacific,China,Beijing,Finance,Senior Finance Analyst,G3,Onsite,2019-03-18,,Active,Full-Time,Yes,Not Applicable,Not Applicable,CNY,7.25,31001,35651,4276,4917,4,2.5,Yes,48.0,2.0,2024-06-21,68.0,Internal Transfer,16.0,Yes,3.0,49,5.8,51312,59004,0
EMP0760,Ananya Pham,Male,1985-09-09,Malaysian,Asia Pacific,China,Shanghai,Marketing,Marketing Manager,G5,Hybrid,2018-09-15,,Active,Full-Time,Yes,Not Applicable,Not Applicable,CNY,7.25,51369,59074,7085,8148,5,6.9,Yes,24.6,1.0,2023-01-21,44.0,Agency,60.0,No,4.0,39,6.3,85020,97776,0
EMP0761,Li Pham,Female,1996-08-07,Vietnamese,Asia Pacific,China,Beijing,Legal,Legal Counsel,G3,Hybrid,2018-09-08,,Terminated,Full-Time,Yes,Involuntary,Contract Ended,CNY,7.25,35045,40302,4834,5559,4,3.2,Yes,37.7,7.0,2022-10-20,25.0,Internal Transfer,24.0,Yes,4.0,28,6.3,58008,66708,1
EMP0762,Wei Wong,Male,1985-04-30,Korean,Asia Pacific,China,Shanghai,Legal,Senior Legal Counsel,G4,Hybrid,2019-10-21,,Active,Full-Time,Yes,Not Applicable,Not Applicable,CNY,7.25,44600,51290,6152,7074,2,6.7,No,21.4,7.0,2024-02-24,92.0,Internal Transfer,48.0,Yes,,39,5.2,73824,84888,0
EMP0763,Wei Lee,Male,1991-11-15,Indonesian,Asia Pacific,China,Shanghai,IT,IT Support,G1,Remote,2022-10-14,,Active,Full-Time,Yes,Not Applicable,Not Applicable,CNY,7.25,9755,11218,1346,1547,4,13.6,Yes,18.6,11.0,2023-02-08,49.0,Agency,16.0,Yes,5.0,33,2.2,16152,18564,0
EMP0764,Dewi Tanaka,Male,1996-03-27,British,Asia Pacific,China,Shanghai,HR,HR Specialist,G3,Onsite,2018-10-18,2022-04-27,Resigned,Full-Time,Yes,Voluntary,Health Reasons,CNY,7.25,33489,38512,4619,5312,3,7.7,Yes,54.1,1.0,2021-12-11,12.0,Linkedin,18.0,Yes,2.0,28,3.5,55428,63744,1
EMP0765,Wong Suwannarat,Male,1988-09-04,Thai,Asia Pacific,China,Shanghai,Legal,Senior Legal Counsel,G4,Remote,2020-07-07,,Active,Full-Time,Yes,Not Applicable,Not Applicable,CNY,7.25,38586,44374,5322,6121,4,13.4,Yes,8.7,6.0,2022-10-09,30.0,Agency,83.0,Yes,3.0,36,4.5,63864,73452,0
EMP0766,Ravi Nguyen,Not Declared,1989-01-06,Vietnamese,Asia Pacific,China,Beijing,Sales,Sales Executive,G1,Hybrid,2019-05-02,,Active,Full-Time,Yes,Not Applicable,Not Applicable,CNY,7.25,16684,19187,2301,2646,3,14.9,No,54.2,9.0,2024-10-07,68.0,Job Board,75.0,No,4.0,36,5.7,27612,31752,0
EMP0767,Sarah Le,Male,1985-06-17,Thai,Asia Pacific,China,Beijing,Finance,Senior Finance Analyst,G3,Remote,2021-11-25,,Active,Full-Time,Yes,Not Applicable,Not Applicable,CNY,7.25,31665,36415,4368,5023,4,8.9,Yes,68.1,12.0,2023-04-25,62.0,Agency,43.0,Yes,4.0,39,3.1,52416,60276,0
EMP0768,Min Santoso,Female,1999-03-06,Malaysian,Asia Pacific,China,Beijing,HR,HR Specialist,G3,Onsite,2017-10-17,,Active,Contractor,Yes,Not Applicable,Not Applicable,CNY,7.25,32912,37849,4540,5221,4,10.1,No,28.2,5.0,2024-08-15,75.0,Agency,,Yes,4.0,25,7.2,54480,62652,0
EMP0769,Wei Suwannarat,Female,1973-04-10,Hong Konger,Asia Pacific,China,Beijing,Sales,Sales Manager,G4,Onsite,2020-02-13,,Active,Full-Time,Yes,Not Applicable,Not Applicable,CNY,7.25,40725,46834,5617,6460,3,1.5,No,66.7,12.0,2022-03-12,77.0,Internal Transfer,52.0,Yes,4.0,51,4.9,67404,77520,0
EMP0770,Somchai Wang,Female,1976-05-21,Indian,Asia Pacific,China,Beijing,Finance,Finance Analyst,G2,Remote,2024-06-17,,Active,Contractor,Yes,Not Applicable,Not Applicable,CNY,7.25,20718,23826,2858,3286,5,0.6,No,71.1,11.0,2022-12-20,29.0,Internal Transfer,81.0,Yes,4.0,48,0.5,34296,39432,0
EMP0771,Maria Tanaka,Female,1979-10-03,Australian,Asia Pacific,China,Shanghai,HR,HR Executive,G2,Hybrid,2020-03-06,2024-12-31,Terminated,Contractor,Yes,Involuntary,Misconduct,CNY,7.25,22930,26369,3163,3637,3,14.6,No,1.6,8.0,,19.0,Job Board,62.0,Yes,5.0,45,4.8,37956,43644,1
EMP0772,Emma Wang,Not Declared,1995-09-30,Vietnamese,Asia Pacific,China,Shanghai,Sales,Senior Sales Manager,G5,Hybrid,2016-06-09,,Active,Contractor,Yes,Not Applicable,Not Applicable,CNY,7.25,51840,59616,7150,8223,4,3.8,No,27.3,3.0,2022-08-02,14.0,Agency,20.0,Yes,3.0,29,8.6,85800,98676,0
EMP0773,Suresh Santoso,Female,1975-11-08,Taiwanese,Asia Pacific,China,Shanghai,HR,HR Specialist,G3,Onsite,2022-07-28,,Resigned,Full-Time,No,Voluntary,Further Studies,CNY,7.25,34435,39600,4750,5462,3,7.2,No,,8.0,,18.0,Job Board,35.0,Yes,3.0,49,2.4,57000,65544,1
EMP0774,Ong Singh,Not Declared,1999-06-27,Filipino,Asia Pacific,China,Shanghai,Sales,Account Executive,G2,Hybrid,2020-03-14,,Active,Full-Time,Yes,Not Applicable,Not Applicable,CNY,7.25,19494,22418,2689,3092,3,2.9,No,62.3,9.0,2023-10-29,31.0,Job Board,19.0,No,3.0,25,4.8,32268,37104,0
EMP0775,Emma Patel,Female,1986-02-08,Taiwanese,Asia Pacific,China,Beijing,Delivery,Project Analyst,G2,Onsite,2022-08-02,,Terminated,Full-Time,Yes,Involuntary,Misconduct,CNY,7.25,22652,26050,3124,3593,4,7.9,No,52.6,2.0,2021-08-05,3.0,Linkedin,32.0,No,,38,2.4,37488,43116,1
EMP0776,Michelle Smith,Male,1993-05-29,Filipino,Asia Pacific,China,Shanghai,Legal,Legal Director,G6,Remote,2016-05-31,,Active,Expat,Yes,Not Applicable,Not Applicable,CNY,7.25,60000,69000,8276,9517,3,10.4,Yes,35.5,2.0,2022-08-24,82.0,Linkedin,74.0,Yes,3.0,31,8.6,99312,114204,0
EMP0777,Somchai Suzuki,Male,1979-08-04,Taiwanese,Asia Pacific,China,Shanghai,Sales,Sales Executive,G1,Onsite,2020-02-19,,Active,Intern,Yes,Not Applicable,Not Applicable,CNY,7.25,13989,16087,1930,2219,4,14.0,Yes,23.8,10.0,2022-11-26,36.0,Linkedin,82.0,Yes,4.0,45,4.9,23160,26628,0
EMP0778,Li Koh,Female,1982-02-23,Malaysian,Asia Pacific,China,Beijing,Delivery,Senior Project Manager,G4,Remote,2022-04-06,,Terminated,Full-Time,Yes,Involuntary,Performance,CNY,7.25,43043,49499,5937,6827,3,1.9,No,38.2,,2021-02-25,2.0,Linkedin,46.0,Yes,3.0,42,2.7,71244,81924,1
EMP0779,Maria Smith,Female,1974-11-16,Taiwanese,Asia Pacific,China,Beijing,Legal,Senior Legal Counsel,G4,Hybrid,2018-08-04,,Active,Full-Time,No,Not Applicable,Not Applicable,CNY,7.25,42082,48394,5804,6675,5,4.9,Yes,62.0,6.0,2022-11-12,46.0,Referral,94.0,Yes,3.0,50,6.4,69648,80100,0
EMP0780,Kevin Kim,Male,1992-03-29,Indonesian,Asia Pacific,China,Shanghai,HR,Senior HR Business Partner,G5,Onsite,2020-01-22,,Active,Expat,Yes,Not Applicable,Not Applicable,CNY,7.25,53039,60995,7316,8413,4,13.7,Yes,25.3,12.0,2024-08-27,54.0,Job Board,50.0,Yes,4.0,32,4.9,87792,100956,0
EMP0781,Ananya Jones,Male,1995-03-26,Indonesian,Asia Pacific,China,Beijing,Delivery,Delivery Manager,G5,Hybrid,2016-02-17,,Active,Full-Time,Yes,Not Applicable,Not Applicable,CNY,7.25,53522,61550,7382,8490,1,2.4,Yes,65.5,6.0,2023-02-10,64.0,Linkedin,70.0,Yes,4.0,29,8.9,88584,101880,0
EMP0782,Fang Patel,Male,2000-07-09,Korean,Asia Pacific,China,Shanghai,Sales,Senior Account Executive,G3,Onsite,2022-09-14,,Active,Contractor,Yes,Not Applicable,Not Applicable,CNY,7.25,29465,33885,4064,4674,3,8.4,No,56.1,4.0,2024-05-25,18.0,Job Board,48.0,Yes,3.0,24,2.3,48768,56088,0
EMP0783,Sarah Johnson,Not Declared,1980-04-03,Indian,Asia Pacific,China,Beijing,Sales,Sales Executive,G1,Remote,2020-10-23,2024-12-31,Terminated,Full-Time,Yes,Involuntary,Performance,CNY,7.25,16679,19181,2301,2646,3,0.5,No,16.7,5.0,2021-07-23,,Internal Transfer,79.0,Yes,1.0,44,4.2,27612,31752,1
EMP0784,Jessica Brown,Male,1979-04-03,Hong Konger,Asia Pacific,China,Beijing,Finance,Finance Analyst,G2,Hybrid,2021-07-27,,Terminated,Contractor,Yes,Involuntary,Performance,CNY,7.25,18637,21433,2571,2956,3,11.2,Yes,20.7,,,,Job Board,23.0,Yes,4.0,45,3.4,30852,35472,1
EMP0785,Wei Choi,Male,1972-12-09,Chinese,Asia Pacific,China,Beijing,IT,Software Engineer,G2,Hybrid,2021-05-08,,Active,Contractor,Yes,Not Applicable,Not Applicable,CNY,7.25,23912,27499,3298,3793,5,1.6,Yes,40.2,4.0,2023-07-18,95.0,Agency,21.0,No,4.0,52,3.7,39576,45516,0
EMP0786,Tran Kim,Female,1985-07-29,Indian,Asia Pacific,China,Beijing,Finance,Senior Finance Analyst,G3,Onsite,2017-06-04,,Active,Full-Time,Yes,Not Applicable,Not Applicable,CNY,7.25,34003,39103,4690,5394,4,13.6,No,43.2,8.0,2023-12-20,20.0,Agency,94.0,Yes,1.0,39,7.6,56280,64728,0
EMP0787,Jin Jones,Not Declared,2001-06-06,Japanese,Asia Pacific,China,Beijing,IT,Software Engineer,G2,Remote,2019-01-21,,Active,Full-Time,Yes,Not Applicable,Not Applicable,CNY,7.25,17647,20294,2434,2799,3,4.5,No,37.3,4.0,2024-03-11,47.0,Agency,31.0,No,5.0,23,5.9,29208,33588,0
EMP0788,Suresh Ng,Female,1974-10-13,Filipino,Asia Pacific,China,Beijing,Sales,Senior Sales Manager,G5,Hybrid,2015-05-18,,Resigned,Full-Time,Yes,Voluntary,Further Studies,CNY,7.25,50195,57724,6923,7962,4,14.4,No,48.7,2.0,2022-08-17,40.0,Internal Transfer,89.0,Yes,3.0,50,9.6,83076,95544,1
EMP0789,Wei Tran,Female,1971-10-06,Vietnamese,Asia Pacific,China,Beijing,Delivery,Project Manager,G3,Hybrid,2022-09-16,,Active,Contractor,No,Not Applicable,Not Applicable,CNY,7.25,33783,38850,4660,5359,3,6.5,No,48.8,1.0,2023-03-28,70.0,Referral,41.0,No,3.0,53,2.3,55920,64308,0
EMP0790,Li Kumar,Male,1984-12-19,American,Asia Pacific,China,Shanghai,IT,Tech Lead,G4,Hybrid,2017-07-09,,Active,Full-Time,Yes,Not Applicable,Not Applicable,CNY,7.25,39322,45220,5424,6237,5,1.1,No,22.7,11.0,2024-04-10,40.0,Referral,80.0,Yes,4.0,40,7.5,65088,74844,0
EMP0791,Ji Johnson,Male,1982-06-18,Korean,Asia Pacific,China,Beijing,Marketing,Marketing Assistant,G1,Remote,2022-03-08,,Active,Full-Time,Yes,Not Applicable,Not Applicable,CNY,7.25,9726,11185,1342,1543,4,12.4,No,22.1,12.0,2024-07-27,49.0,Linkedin,76.0,Yes,5.0,42,2.8,16104,18516,0
EMP0792,Suresh Müller,Male,1988-10-05,Malaysian,Asia Pacific,China,Shanghai,Delivery,Project Analyst,G2,Hybrid,2020-10-21,,Active,Full-Time,Yes,Not Applicable,Not Applicable,CNY,7.25,21634,24879,2984,3432,4,12.0,No,66.1,3.0,2022-09-09,38.0,Linkedin,,Yes,5.0,36,4.2,35808,41184,0
EMP0793,Wei Le,Not Declared,1996-06-04,British,Asia Pacific,China,Shanghai,Finance,Senior Finance Analyst,G3,Hybrid,2020-06-24,,Active,Full-Time,No,Not Applicable,Not Applicable,CNY,7.25,31330,36030,4321,4970,4,10.0,Yes,65.9,6.0,2024-08-28,75.0,Job Board,47.0,No,4.0,28,4.5,51852,59640,0
EMP0794,Sarah Williams,Female,1976-05-11,Indian,Asia Pacific,China,Beijing,HR,HR Specialist,G3,Onsite,2021-08-24,,Active,Contractor,Yes,Not Applicable,Not Applicable,CNY,7.25,34120,39238,4706,5412,3,10.2,No,36.8,11.0,2023-07-19,13.0,Job Board,32.0,Yes,4.0,48,3.4,56472,64944,0
EMP0795,Chris Suwannarat,Female,1984-05-06,Indonesian,Asia Pacific,China,Beijing,Finance,Finance Manager,G4,Hybrid,2021-05-28,,Active,Full-Time,Yes,Not Applicable,Not Applicable,CNY,7.25,39245,45132,5413,6225,4,14.0,Yes,57.8,9.0,2023-03-09,39.0,Job Board,84.0,Yes,4.0,40,3.6,64956,74700,0
EMP0796,Wong Nguyen,Not Declared,1976-04-26,Indonesian,Asia Pacific,China,Shanghai,Delivery,Project Analyst,G2,Onsite,2020-03-30,,Resigned,Contractor,Yes,Voluntary,Better Opportunity,CNY,7.25,20342,23393,2806,3227,5,8.9,Yes,56.2,6.0,2023-01-12,39.0,Internal Transfer,70.0,Yes,4.0,48,4.8,33672,38724,1
EMP0797,Tran Wijaya,Not Declared,1971-11-11,Taiwanese,Asia Pacific,China,Beijing,Legal,Legal Manager,G5,Hybrid,2018-06-02,,Active,Expat,Yes,Not Applicable,Not Applicable,CNY,7.25,49950,57442,6890,7923,3,0.5,Yes,36.3,4.0,2023-04-28,64.0,Agency,,Yes,3.0,53,6.6,82680,95076,0
EMP0798,Raj Santoso,Female,1986-07-22,Singaporean,Asia Pacific,China,Shanghai,Sales,Regional Sales Manager,G6,Onsite,2017-10-07,,Active,Contractor,Yes,Not Applicable,Not Applicable,CNY,7.25,60000,69000,8276,9517,4,13.2,Yes,39.4,3.0,2023-06-27,34.0,Agency,40.0,Yes,1.0,38,7.2,99312,114204,0
EMP0799,Thomas Tan,Female,1980-02-08,Indonesian,Asia Pacific,China,Shanghai,Legal,Legal Executive,G2,Hybrid,2020-02-03,,Active,Full-Time,Yes,Not Applicable,Not Applicable,CNY,7.25,20401,23461,2814,3236,3,10.3,Yes,64.7,10.0,2022-09-19,65.0,Referral,21.0,Yes,3.0,44,4.9,33768,38832,0
EMP0800,Thomas Brown,Not Declared,1973-02-18,British,Asia Pacific,China,Shanghai,Finance,Senior Finance Analyst,G3,Hybrid,2018-04-04,,Active,Full-Time,Yes,Not Applicable,Not Applicable,CNY,7.25,35447,40764,4889,5623,3,3.6,No,31.6,8.0,2022-06-29,95.0,Referral,26.0,Yes,5.0,51,6.7,58668,67476,0
EMP0801,David Yamamoto,Female,1996-05-21,Australian,Asia Pacific,Hong Kong,Hong Kong,Legal,Legal Assistant,G1,Onsite,2024-03-13,,Active,Intern,Yes,Not Applicable,Not Applicable,HKD,7.82,34552,39735,4418,5081,3,10.8,Yes,15.9,9.0,2022-04-07,86.0,Internal Transfer,72.0,No,4.0,28,0.8,53016,60972,0
EMP0802,Budi Santos,Female,1975-05-30,Vietnamese,Asia Pacific,Hong Kong,Hong Kong,Finance,Senior Finance Analyst,G3,Remote,2017-04-24,,Active,Full-Time,Yes,Not Applicable,Not Applicable,HKD,7.82,62613,72005,8007,9208,3,2.8,Yes,32.8,11.0,2024-04-26,87.0,Internal Transfer,23.0,Yes,4.0,49,7.7,96084,110496,0
EMP0803,Arun Wijaya,Female,1984-09-04,Japanese,Asia Pacific,Hong Kong,Hong Kong,IT,IT Support,G1,Onsite,2024-01-08,,Active,Intern,Yes,Not Applicable,Not Applicable,HKD,7.82,29332,33732,3751,4314,3,4.1,Yes,14.6,1.0,2022-11-24,27.0,Referral,48.0,Yes,4.0,40,1.0,45012,51768,0
EMP0804,Tran Singh,Male,1986-03-24,Taiwanese,Asia Pacific,Hong Kong,Hong Kong,Sales,Sales Executive,G1,Onsite,2020-11-11,,Active,Intern,Yes,Not Applicable,Not Applicable,HKD,7.82,21459,24678,2744,3156,5,10.0,No,47.2,3.0,2023-06-18,12.0,Job Board,90.0,Yes,2.0,38,4.1,32928,37872,0
EMP0805,Suresh Pham,Male,1989-05-09,American,Asia Pacific,Hong Kong,Hong Kong,Delivery,Senior Project Manager,G4,Hybrid,2021-08-01,,Resigned,Full-Time,No,Voluntary,Personal Reason,HKD,7.82,81594,93833,10434,11999,4,2.5,Yes,,2.0,2021-10-20,59.0,Referral,95.0,No,5.0,35,3.4,125208,143988,1
EMP0806,Dewi Suzuki,Female,1973-11-25,Chinese,Asia Pacific,Hong Kong,Hong Kong,HR,HR Manager,G6,Hybrid,2019-05-01,,Active,Expat,Yes,Not Applicable,Not Applicable,HKD,7.82,118089,135802,15101,17366,5,14.1,Yes,16.9,5.0,2023-06-06,90.0,Referral,94.0,Yes,4.0,51,5.7,181212,208392,0
EMP0807,Nattaporn Brown,Male,1976-01-25,Taiwanese,Asia Pacific,Hong Kong,Hong Kong,Sales,Sales Manager,G4,Hybrid,2022-07-16,,Active,Full-Time,Yes,Not Applicable,Not Applicable,HKD,7.82,86448,99415,11055,12713,4,12.1,Yes,55.2,3.0,2022-11-24,94.0,Linkedin,42.0,Yes,3.0,48,2.5,132660,152556,0
EMP0808,Michelle Suzuki,Female,1978-05-27,Singaporean,Asia Pacific,Hong Kong,Hong Kong,Sales,Sales Executive,G1,Onsite,2021-09-30,,Active,Full-Time,Yes,Not Applicable,Not Applicable,HKD,7.82,27971,32167,3577,4113,3,13.6,No,5.0,12.0,2022-01-12,72.0,Internal Transfer,25.0,No,3.0,46,3.3,42924,49356,0
EMP0809,Dewi Smith,Male,1990-11-13,Taiwanese,Asia Pacific,Hong Kong,Hong Kong,HR,Senior HR Business Partner,G5,Hybrid,2020-05-30,2021-04-10,Terminated,Full-Time,Yes,Involuntary,Redundancy,HKD,7.82,105439,121255,13483,15506,4,12.9,Yes,17.0,1.0,,9.0,Linkedin,,Yes,3.0,34,0.9,161796,186072,1
EMP0810,Ng Le,Male,1977-07-06,American,Asia Pacific,Hong Kong,Hong Kong,IT,Senior Software Engineer,G3,Hybrid,2017-12-08,,Active,Full-Time,Yes,Not Applicable,Not Applicable,HKD,7.82,57583,66220,7364,8468,3,13.8,No,60.4,7.0,2022-10-05,96.0,Linkedin,27.0,No,5.0,47,7.1,88368,101616,0
EMP0811,Meera Wang,Female,1971-03-27,Vietnamese,Asia Pacific,Hong Kong,Hong Kong,Legal,Senior Legal Counsel,G4,Onsite,2022-08-18,,Active,Full-Time,Yes,Not Applicable,Not Applicable,HKD,7.82,82878,95310,10598,12188,3,0.9,No,42.3,7.0,2024-07-14,65.0,Linkedin,86.0,Yes,1.0,53,2.4,127176,146256,0
EMP0812,Arun Singh,Not Declared,1980-08-06,Indian,Asia Pacific,Hong Kong,Hong Kong,HR,HR Executive,G2,Onsite,2019-09-16,,Active,Contractor,Yes,Not Applicable,Not Applicable,HKD,7.82,42312,48659,5411,6222,3,5.8,Yes,71.3,10.0,2022-03-22,43.0,Referral,66.0,Yes,4.0,44,5.3,64932,74664,0
EMP0813,Tan Guo,Female,1972-07-06,Vietnamese,Asia Pacific,Hong Kong,Hong Kong,Delivery,Senior Project Manager,G4,Hybrid,2020-05-04,,Active,Full-Time,Yes,Not Applicable,Not Applicable,HKD,7.82,80162,92186,10251,11788,5,7.8,Yes,73.5,2.0,2023-07-16,84.0,Agency,78.0,Yes,4.0,52,4.7,123012,141456,0
EMP0814,Sophie Sharma,Male,1999-11-08,Malaysian,Asia Pacific,Hong Kong,Hong Kong,Marketing,Marketing Assistant,G1,Remote,2022-06-04,,Resigned,Full-Time,No,Voluntary,Further Studies,HKD,7.82,31930,36720,4083,4696,2,13.8,No,11.0,8.0,2022-04-28,40.0,Referral,36.0,Yes,3.0,25,2.6,48996,56352,1
EMP0815,James Lin,Not Declared,1994-12-30,Malaysian,Asia Pacific,Hong Kong,Hong Kong,Legal,Senior Legal Counsel,G4,Onsite,2020-11-21,,Active,Full-Time,No,Not Applicable,Not Applicable,HKD,7.82,77404,89015,9898,11383,4,6.2,Yes,16.6,3.0,2024-08-27,32.0,Referral,54.0,No,4.0,30,4.1,118776,136596,0
EMP0816,Emma Chan,Female,1971-06-11,Thai,Asia Pacific,Hong Kong,Hong Kong,Legal,Legal Executive,G2,Onsite,2020-04-25,2024-03-30,Resigned,Full-Time,Yes,Voluntary,Better Opportunity,HKD,7.82,37058,42617,4739,5450,3,13.3,Yes,19.9,2.0,2021-06-15,43.0,Agency,95.0,No,4.0,53,3.9,56868,65400,1
EMP0817,Ng Chan,Not Declared,1997-09-26,Chinese,Asia Pacific,Hong Kong,Hong Kong,IT,Software Engineer,G2,Hybrid,2019-01-09,,Active,Full-Time,Yes,Not Applicable,Not Applicable,HKD,7.82,37286,42879,4768,5483,3,14.2,Yes,44.2,5.0,2024-09-10,90.0,Referral,45.0,Yes,5.0,27,6.0,57216,65796,0
EMP0818,David Pham,Male,1998-07-08,Australian,Asia Pacific,Hong Kong,Hong Kong,Legal,Legal Counsel,G3,Hybrid,2021-05-14,,Active,Full-Time,Yes,Not Applicable,Not Applicable,HKD,7.82,68943,79284,8816,10139,4,6.2,No,73.4,10.0,2022-07-29,89.0,Referral,23.0,No,5.0,26,3.6,105792,121668,0
EMP0819,Ravi Patel,Female,1977-05-28,Chinese,Asia Pacific,Hong Kong,Hong Kong,Sales,Senior Account Executive,G3,Onsite,2022-09-26,,Active,Intern,Yes,Not Applicable,Not Applicable,HKD,7.82,57581,66218,7363,8468,3,8.3,No,24.1,12.0,2023-08-28,23.0,Linkedin,94.0,Yes,4.0,47,2.3,88356,101616,0
EMP0820,Jin Wang,Female,1995-12-19,Indonesian,Asia Pacific,Hong Kong,Hong Kong,Finance,Senior Finance Analyst,G3,Onsite,2020-01-25,,Active,Full-Time,Yes,Not Applicable,Not Applicable,HKD,7.82,63419,72932,8110,9326,3,13.4,No,57.4,10.0,2024-10-28,25.0,Referral,,Yes,4.0,29,4.9,97320,111912,0
EMP0821,Meera Tran,Male,1995-07-24,Singaporean,Asia Pacific,Hong Kong,Hong Kong,Finance,Finance Analyst,G2,Onsite,2020-06-30,,Active,Full-Time,Yes,Not Applicable,Not Applicable,HKD,7.82,45665,52515,5840,6715,4,14.5,Yes,5.1,10.0,2024-05-08,29.0,Agency,65.0,No,5.0,29,4.5,70080,80580,0
EMP0822,Suresh Yang,Female,1986-10-03,Malaysian,Asia Pacific,Hong Kong,Hong Kong,Legal,Legal Executive,G2,Onsite,2024-04-11,,Active,Contractor,No,Not Applicable,Not Applicable,HKD,7.82,50766,58381,6492,7466,3,12.3,No,35.7,11.0,2024-01-13,80.0,Agency,43.0,Yes,4.0,38,0.7,77904,89592,0
EMP0823,Michael Tanaka,Male,1997-11-12,Thai,Asia Pacific,Hong Kong,Hong Kong,Marketing,Senior Marketing Specialist,G4,Hybrid,2018-10-26,,Active,Full-Time,Yes,Not Applicable,Not Applicable,HKD,7.82,84240,96876,10772,12388,4,8.8,No,50.9,3.0,2022-05-04,84.0,Internal Transfer,19.0,Yes,3.0,27,6.2,129264,148656,0
EMP0824,David Liu,Male,1984-01-04,Indian,Asia Pacific,Hong Kong,Hong Kong,Delivery,Project Manager,G3,Hybrid,2017-09-01,,Active,Full-Time,Yes,Not Applicable,Not Applicable,HKD,7.82,62233,71568,7958,9152,3,4.0,Yes,9.2,10.0,2024-10-17,57.0,Referral,81.0,Yes,3.0,41,7.3,95496,109824,0
EMP0825,Kevin Wijaya,Male,1993-09-26,Taiwanese,Asia Pacific,Hong Kong,Hong Kong,Legal,Legal Executive,G2,Hybrid,2021-01-10,,Active,Full-Time,Yes,Not Applicable,Not Applicable,HKD,7.82,50322,57870,6435,7400,2,7.1,Yes,7.7,3.0,2022-05-17,13.0,Referral,77.0,Yes,4.0,31,4.0,77220,88800,0
EMP0826,Lim Nguyen,Male,1974-11-03,American,Asia Pacific,Hong Kong,Hong Kong,HR,HR Assistant,G1,Onsite,2023-03-02,2024-12-31,Resigned,Full-Time,Yes,Voluntary,Health Reasons,HKD,7.82,23118,26586,2956,3400,5,1.2,Yes,4.2,8.0,2021-02-28,11.0,Agency,,Yes,1.0,50,1.8,35472,40800,1
EMP0827,Somchai Guo,Not Declared,1990-05-07,Malaysian,Asia Pacific,Hong Kong,Hong Kong,HR,HR Executive,G2,Hybrid,2022-09-02,2024-12-31,Resigned,Contractor,No,Voluntary,Better Opportunity,HKD,7.82,48357,55611,6184,7111,5,7.6,Yes,6.7,2.0,2023-12-23,45.0,Linkedin,90.0,No,4.0,34,2.3,74208,85332,1
EMP0828,Siti Wijaya,Male,1993-08-11,Filipino,Asia Pacific,Hong Kong,Hong Kong,IT,Senior Software Engineer,G3,Hybrid,2017-02-08,,Active,Contractor,No,Not Applicable,Not Applicable,HKD,7.82,63409,72920,8109,9325,3,10.3,No,13.5,11.0,2023-09-09,44.0,Linkedin,93.0,Yes,4.0,31,7.9,97308,111900,0
EMP0829,Min Guo,Female,1996-05-08,Hong Konger,Asia Pacific,Hong Kong,Hong Kong,Finance,Finance Manager,G4,Hybrid,2020-01-04,,Active,Full-Time,No,Not Applicable,Not Applicable,HKD,7.82,79037,90893,10107,11623,3,9.7,No,58.1,11.0,2023-02-17,88.0,Internal Transfer,77.0,Yes,5.0,28,5.0,121284,139476,0
EMP0830,Priya Yamamoto,Male,1987-05-29,Thai,Asia Pacific,Hong Kong,Hong Kong,IT,Senior Software Engineer,G3,Onsite,2021-02-26,,Active,Full-Time,Yes,Not Applicable,Not Applicable,HKD,7.82,57642,66288,7371,8477,5,3.3,Yes,35.6,4.0,2023-01-19,22.0,Agency,80.0,Yes,4.0,37,3.8,88452,101724,0
EMP0831,Kevin Yang,Female,1978-11-22,Australian,Asia Pacific,Hong Kong,Hong Kong,Marketing,Marketing Specialist,G3,Hybrid,2018-10-26,,Active,Full-Time,Yes,Not Applicable,Not Applicable,HKD,7.82,67305,77401,8607,9898,3,13.1,No,17.7,6.0,2022-06-10,48.0,Referral,30.0,Yes,4.0,46,6.2,103284,118776,0
EMP0832,Haruto Kumar,Male,1977-10-18,Malaysian,Asia Pacific,Hong Kong,Hong Kong,HR,HR Specialist,G3,Hybrid,2019-04-25,,Active,Full-Time,Yes,Not Applicable,Not Applicable,HKD,7.82,63162,72636,8077,9288,3,11.0,Yes,50.2,5.0,2022-05-13,10.0,Agency,19.0,Yes,4.0,47,5.7,96924,111456,0
EMP0833,Ravi Lim,Male,1994-03-24,Singaporean,Asia Pacific,Hong Kong,Hong Kong,Delivery,Senior Project Manager,G4,Onsite,2021-08-19,,Active,Intern,Yes,Not Applicable,Not Applicable,HKD,7.82,85315,98112,10910,12546,3,9.7,No,8.9,2.0,2022-07-12,69.0,Referral,25.0,Yes,2.0,30,3.4,130920,150552,0
EMP0834,Wei Ng,Female,1997-05-31,Singaporean,Asia Pacific,Hong Kong,Hong Kong,Delivery,Project Analyst,G2,Remote,2019-05-07,,Active,Contractor,Yes,Not Applicable,Not Applicable,HKD,7.82,38909,44745,4976,5722,4,3.0,No,54.2,3.0,2023-05-29,77.0,Referral,72.0,No,4.0,27,5.7,59712,68664,0
EMP0835,Chris Suzuki,Female,1977-03-06,Japanese,Asia Pacific,Hong Kong,Hong Kong,Delivery,Project Manager,G3,Onsite,2018-11-25,,Resigned,Contractor,Yes,Voluntary,Relocation,HKD,7.82,62491,71865,7991,9190,4,3.7,No,21.1,5.0,,13.0,Referral,64.0,Yes,3.0,47,6.1,95892,110280,1
EMP0836,Michael Reyes,Male,1980-08-30,American,Asia Pacific,Hong Kong,Hong Kong,Marketing,Marketing Specialist,G3,Hybrid,2020-10-24,,Active,Full-Time,Yes,Not Applicable,Not Applicable,HKD,7.82,70128,80647,8968,10313,1,13.4,No,57.0,10.0,2023-12-11,75.0,Job Board,33.0,No,4.0,44,4.2,107616,123756,0
EMP0837,Wong Ong,Not Declared,1992-02-07,Chinese,Asia Pacific,Hong Kong,Hong Kong,HR,HR Manager,G6,Hybrid,2016-07-26,2019-07-26,Resigned,Full-Time,No,Voluntary,Better Opportunity,HKD,7.82,109318,125716,13979,16076,4,8.7,Yes,25.7,2.0,2022-02-13,18.0,Agency,63.0,Yes,4.0,32,3.0,167748,192912,1
EMP0838,Yuki Nguyen,Male,1996-06-25,Korean,Asia Pacific,Hong Kong,Hong Kong,Legal,Legal Executive,G2,Remote,2024-12-21,,Terminated,Full-Time,Yes,Involuntary,Redundancy,HKD,7.82,36289,41732,4641,5337,3,3.2,Yes,48.0,6.0,,40.0,Internal Transfer,19.0,Yes,3.0,28,0.0,55692,64044,1
EMP0839,Maria Nguyen,Male,1998-04-19,Thai,Asia Pacific,Hong Kong,Hong Kong,Delivery,Project Manager,G3,Remote,2019-08-09,,Active,Contractor,Yes,Not Applicable,Not Applicable,HKD,7.82,56269,64709,7196,8275,4,1.6,No,44.4,10.0,2024-02-14,55.0,Internal Transfer,28.0,Yes,,26,5.4,86352,99300,0
EMP0840,Arun Le,Not Declared,1982-09-06,Australian,Asia Pacific,Hong Kong,Hong Kong,Sales,Account Executive,G2,Onsite,2019-05-29,,Active,Full-Time,Yes,Not Applicable,Not Applicable,HKD,7.82,47933,55123,6130,7049,3,8.1,Yes,35.8,8.0,2024-03-08,87.0,Linkedin,64.0,Yes,4.0,42,5.6,73560,84588,0
EMP0841,Tan Liu,Female,2001-08-27,Singaporean,Asia Pacific,Hong Kong,Hong Kong,Finance,Finance Analyst,G2,Hybrid,2020-11-14,,Active,Contractor,Yes,Not Applicable,Not Applicable,HKD,7.82,41023,47176,5246,6033,3,1.2,Yes,20.9,2.0,2022-06-09,83.0,Internal Transfer,58.0,Yes,5.0,23,4.1,62952,72396,0
EMP0842,Chen Müller,Male,1980-09-08,Taiwanese,Asia Pacific,Hong Kong,Hong Kong,Sales,Sales Executive,G1,Hybrid,2023-11-29,,Active,Full-Time,Yes,Not Applicable,Not Applicable,HKD,7.82,29744,34206,3804,4374,4,4.0,Yes,54.3,3.0,2024-02-14,39.0,Job Board,66.0,No,4.0,44,1.1,45648,52488,0
EMP0843,Lee Suzuki,Male,2001-09-21,Australian,Asia Pacific,Hong Kong,Hong Kong,Sales,Senior Account Executive,G3,Onsite,2018-02-26,,Active,Contractor,Yes,Not Applicable,Not Applicable,HKD,7.82,62803,72223,8031,9236,5,11.8,Yes,30.2,6.0,2024-07-30,49.0,Job Board,19.0,No,4.0,23,6.8,96372,110832,0
EMP0844,Koh Santoso,Male,1979-04-08,Japanese,Asia Pacific,Hong Kong,Hong Kong,Marketing,Marketing Specialist,G3,Hybrid,2021-01-12,,Active,Full-Time,Yes,Not Applicable,Not Applicable,HKD,7.82,63118,72586,8071,9282,3,4.8,No,29.6,8.0,2024-12-22,94.0,Referral,83.0,Yes,3.0,45,4.0,96852,111384,0
EMP0845,Somchai Brown,Male,1979-09-03,Taiwanese,Asia Pacific,Hong Kong,Hong Kong,IT,IT Support,G1,Onsite,2022-02-17,,Active,Full-Time,No,Not Applicable,Not Applicable,HKD,7.82,32314,37161,4132,4752,4,6.2,Yes,79.3,4.0,2022-09-09,82.0,Referral,88.0,No,4.0,45,2.9,49584,57024,0
EMP0846,Lakshmi Lee,Not Declared,1980-09-21,Australian,Asia Pacific,Hong Kong,Hong Kong,Legal,Senior Legal Counsel,G4,Remote,2020-11-22,,Active,Full-Time,Yes,Not Applicable,Not Applicable,HKD,7.82,90903,104538,11624,13368,3,2.3,Yes,28.8,5.0,2022-01-19,38.0,Job Board,84.0,No,3.0,44,4.1,139488,160416,0
EMP0847,Tan Chan,Female,1972-04-08,Taiwanese,Asia Pacific,Hong Kong,Hong Kong,Delivery,Project Manager,G3,Hybrid,2018-11-28,,Active,Contractor,Yes,Not Applicable,Not Applicable,HKD,7.82,58630,67424,7497,8622,4,9.8,Yes,39.5,11.0,2023-03-14,45.0,Linkedin,46.0,Yes,3.0,52,6.1,89964,103464,0
EMP0848,Jin Koh,Male,2000-06-30,Singaporean,Asia Pacific,Hong Kong,Hong Kong,Finance,Senior Finance Manager,G5,Onsite,2016-02-06,,Active,Full-Time,Yes,Not Applicable,Not Applicable,HKD,7.82,99606,114547,12737,14648,3,11.3,Yes,24.8,6.0,2023-09-19,17.0,Linkedin,57.0,Yes,5.0,24,8.9,152844,175776,0
EMP0849,Emma Dela Cruz,Female,1988-10-15,Hong Konger,Asia Pacific,Hong Kong,Hong Kong,HR,HR Specialist,G3,Hybrid,2020-10-06,,Resigned,Full-Time,No,Voluntary,Further Studies,HKD,7.82,56130,64549,7178,8254,3,7.4,Yes,28.2,2.0,2023-06-01,70.0,Agency,42.0,Yes,3.0,36,4.2,86136,99048,1
EMP0850,Nguyen Nguyen,Male,1979-12-23,Taiwanese,Asia Pacific,Hong Kong,Hong Kong,Finance,Finance Manager,G4,Onsite,2019-11-10,,Active,Full-Time,No,Not Applicable,Not Applicable,HKD,7.82,81963,94257,10481,12053,4,1.0,Yes,64.8,9.0,2022-12-06,36.0,Internal Transfer,15.0,Yes,5.0,45,5.1,125772,144636,0
EMP0851,Ravi Patel,Male,2001-12-16,Indian,Asia Pacific,Taiwan,Taipei,Legal,Senior Legal Counsel,G4,Hybrid,2020-04-24,,Active,Full-Time,Yes,Not Applicable,Not Applicable,TWD,31.5,192098,220913,6098,7013,4,5.5,No,16.8,5.0,2024-03-24,83.0,Referral,79.0,No,4.0,23,4.7,73176,84156,0
EMP0852,Tan Nguyen,Female,1994-12-20,Filipino,Asia Pacific,Taiwan,Taipei,Delivery,Project Analyst,G2,Onsite,2019-07-11,,Resigned,Full-Time,Yes,Voluntary,Personal Reason,TWD,31.5,86942,99983,2760,3174,1,4.7,Yes,28.0,,,,Agency,75.0,Yes,3.0,30,5.5,33120,38088,1
EMP0853,Michael Le,Not Declared,1986-12-22,Filipino,Asia Pacific,Taiwan,Taipei,IT,Engineering Manager,G5,Hybrid,2019-06-01,,Active,Full-Time,Yes,Not Applicable,Not Applicable,TWD,31.5,205217,236000,6515,7492,5,7.0,Yes,4.5,2.0,2022-01-04,27.0,Internal Transfer,79.0,Yes,5.0,38,5.6,78180,89904,0
EMP0854,James Wu,Female,1995-02-24,Thai,Asia Pacific,Taiwan,Taipei,Marketing,Marketing Manager,G5,Onsite,2016-02-09,,Active,Full-Time,Yes,Not Applicable,Not Applicable,TWD,31.5,212981,244928,6761,7775,3,2.2,No,46.1,4.0,2023-11-24,32.0,Job Board,35.0,Yes,4.0,29,8.9,81132,93300,0
EMP0855,Ahmad Zhang,Not Declared,1991-12-06,British,Asia Pacific,Taiwan,Taipei,Delivery,Project Analyst,G2,Hybrid,2024-06-27,2024-12-31,Resigned,Full-Time,Yes,Voluntary,Further Studies,TWD,31.5,89712,103169,2848,3275,4,9.0,Yes,58.6,7.0,2022-04-23,8.0,Linkedin,47.0,Yes,5.0,33,0.5,34176,39300,1
EMP0856,Ong Müller,Not Declared,1990-06-21,Taiwanese,Asia Pacific,Taiwan,Taipei,IT,Tech Lead,G4,Remote,2018-02-18,,Active,Full-Time,Yes,Not Applicable,Not Applicable,TWD,31.5,165783,190650,5263,6052,3,4.6,Yes,6.4,9.0,2023-11-11,50.0,Internal Transfer,68.0,Yes,5.0,34,6.9,63156,72624,0
EMP0857,Lee Lee,Not Declared,1972-11-14,Hong Konger,Asia Pacific,Taiwan,Taipei,IT,IT Support,G1,Hybrid,2022-11-25,,Active,Intern,Yes,Not Applicable,Not Applicable,TWD,31.5,55447,63764,1760,2024,3,7.0,Yes,57.7,5.0,2023-03-16,51.0,Job Board,82.0,Yes,5.0,52,2.1,21120,24288,0
EMP0858,Arjun Smith,Male,1989-12-10,Japanese,Asia Pacific,Taiwan,Taipei,Marketing,Marketing Specialist,G3,Onsite,2018-10-23,,Active,Full-Time,Yes,Not Applicable,Not Applicable,TWD,31.5,139934,160924,4442,5109,3,11.9,Yes,74.2,12.0,2023-07-02,33.0,Internal Transfer,88.0,Yes,5.0,35,6.2,53304,61308,0
EMP0859,Wong Koh,Female,1973-01-01,American,Asia Pacific,Taiwan,Taipei,HR,HR Business Partner,G4,Hybrid,2018-08-09,,Active,Full-Time,Yes,Not Applicable,Not Applicable,TWD,31.5,161553,185786,5129,5898,3,12.1,Yes,46.4,4.0,2024-04-01,10.0,Linkedin,43.0,Yes,5.0,52,6.4,61548,70776,0
EMP0860,Lim Williams,Female,1979-07-22,Korean,Asia Pacific,Taiwan,Taipei,Legal,Legal Assistant,G1,Hybrid,2024-02-22,,Active,Full-Time,Yes,Not Applicable,Not Applicable,TWD,31.5,75004,86255,2381,2738,4,3.2,Yes,11.7,12.0,2024-04-13,52.0,Referral,36.0,Yes,3.0,45,0.9,28572,32856,0
EMP0861,Kevin Lee,Male,2000-08-05,Malaysian,Asia Pacific,Taiwan,Taipei,IT,Senior Software Engineer,G3,Onsite,2018-03-17,,Active,Full-Time,Yes,Not Applicable,Not Applicable,TWD,31.5,129491,148915,4111,4727,4,2.8,No,22.1,1.0,2024-08-23,30.0,Referral,22.0,No,3.0,24,6.8,49332,56724,0
EMP0862,Siti Williams,Male,1986-05-28,Chinese,Asia Pacific,Taiwan,Taipei,HR,HR Executive,G2,Remote,2024-01-30,,Active,Full-Time,Yes,Not Applicable,Not Applicable,TWD,31.5,88406,101667,2807,3228,4,12.9,No,73.4,9.0,2024-02-28,37.0,Agency,32.0,Yes,2.0,38,0.9,33684,38736,0
EMP0863,Lim Park,Male,1984-04-06,Chinese,Asia Pacific,Taiwan,Taipei,IT,Senior Software Engineer,G3,Hybrid,2021-10-31,,Active,Full-Time,No,Not Applicable,Not Applicable,TWD,31.5,123986,142584,3936,4526,4,0.9,Yes,64.8,10.0,2024-07-03,73.0,Agency,89.0,Yes,3.0,40,3.2,47232,54312,0
EMP0864,Ahmad Santos,Female,1973-06-14,Indonesian,Asia Pacific,Taiwan,Taipei,Finance,Senior Finance Manager,G5,Onsite,2017-10-13,,Active,Full-Time,Yes,Not Applicable,Not Applicable,TWD,31.5,223854,257432,7106,8172,4,13.5,No,7.0,11.0,2024-11-10,19.0,Linkedin,82.0,Yes,4.0,51,7.2,85272,98064,0
EMP0865,Yuki Müller,Not Declared,1981-03-15,Singaporean,Asia Pacific,Taiwan,Taipei,Delivery,Delivery Coordinator,G1,Hybrid,2019-02-18,,Active,Full-Time,Yes,Not Applicable,Not Applicable,TWD,31.5,77439,89055,2458,2827,1,1.8,Yes,20.5,12.0,2022-02-21,41.0,Linkedin,29.0,Yes,3.0,43,5.9,29496,33924,0
EMP0866,Dewi Reyes,Male,1998-07-19,Australian,Asia Pacific,Taiwan,Taipei,Finance,Senior Finance Manager,G5,Remote,2020-01-10,,Active,Expat,Yes,Not Applicable,Not Applicable,TWD,31.5,200245,230282,6357,7311,2,10.6,No,30.4,9.0,2023-01-25,46.0,Referral,49.0,Yes,4.0,26,5.0,76284,87732,0
EMP0867,Tran Reyes,Female,1992-12-24,Taiwanese,Asia Pacific,Taiwan,Taipei,HR,HR Executive,G2,Remote,2022-11-15,,Active,Contractor,Yes,Not Applicable,Not Applicable,TWD,31.5,106851,122879,3392,3901,4,11.3,Yes,11.6,5.0,2023-12-22,14.0,Job Board,87.0,Yes,5.0,32,2.1,40704,46812,0
EMP0868,Meera Wijaya,Female,1994-05-29,Filipino,Asia Pacific,Taiwan,Taipei,HR,HR Specialist,G3,Onsite,2022-08-27,,Active,Full-Time,No,Not Applicable,Not Applicable,TWD,31.5,147420,169533,4680,5382,1,3.3,Yes,66.0,5.0,2022-10-16,71.0,Job Board,60.0,Yes,3.0,30,2.3,56160,64584,0
EMP0869,Tran Park,Not Declared,2001-07-26,Japanese,Asia Pacific,Taiwan,Taipei,Legal,Legal Director,G6,Remote,2015-05-15,,Terminated,Full-Time,Yes,Involuntary,Contract Ended,TWD,31.5,250000,287500,7937,9127,3,8.5,Yes,8.0,4.0,2022-04-03,53.0,Agency,51.0,Yes,2.0,23,9.6,95244,109524,1
EMP0870,Tan Tan,Male,1973-07-26,Taiwanese,Asia Pacific,Taiwan,Taipei,Sales,Sales Executive,G1,Onsite,2024-09-17,,Active,Full-Time,No,Not Applicable,Not Applicable,TWD,31.5,72632,83527,2306,2652,3,0.3,Yes,45.5,8.0,2024-09-01,81.0,Agency,39.0,Yes,3.0,51,0.3,27672,31824,0
EMP0871,Chen Wong,Female,1993-08-11,Thai,Asia Pacific,Taiwan,Taipei,IT,Senior Engineering Manager,G6,Onsite,2017-02-15,,Active,Full-Time,Yes,Not Applicable,Not Applicable,TWD,31.5,236014,271416,7493,8616,4,7.3,No,70.4,3.0,2022-02-02,78.0,Agency,95.0,No,4.0,31,7.9,89916,103392,0
EMP0872,Dewi Reyes,Female,2001-12-20,Taiwanese,Asia Pacific,Taiwan,Taipei,Delivery,Project Manager,G3,Hybrid,2021-12-29,,Active,Full-Time,Yes,Not Applicable,Not Applicable,TWD,31.5,144348,166000,4582,5270,4,11.4,Yes,37.0,12.0,2024-04-28,77.0,Linkedin,88.0,Yes,4.0,23,3.0,54984,63240,0
EMP0873,Yuki Lin,Not Declared,1987-01-02,American,Asia Pacific,Taiwan,Taipei,Sales,Account Executive,G2,Onsite,2019-12-18,,Active,Full-Time,Yes,Not Applicable,Not Applicable,TWD,31.5,96924,111463,3077,3539,4,11.9,Yes,45.8,11.0,2022-09-10,12.0,Linkedin,47.0,Yes,4.0,38,5.0,36924,42468,0
EMP0874,Wei Guo,Male,2001-12-28,Thai,Asia Pacific,Taiwan,Taipei,Delivery,Delivery Manager,G5,Remote,2018-01-22,,Active,Full-Time,Yes,Not Applicable,Not Applicable,TWD,31.5,224222,257855,7118,8186,5,4.4,No,56.6,7.0,2024-05-17,41.0,Referral,81.0,Yes,,23,6.9,85416,98232,0
EMP0875,Ong Johnson,Female,1989-12-06,Malaysian,Asia Pacific,Taiwan,Taipei,Legal,Legal Manager,G5,Hybrid,2018-10-03,,Active,Full-Time,Yes,Not Applicable,Not Applicable,TWD,31.5,197016,226568,6254,7193,4,0.1,No,48.9,10.0,2022-07-08,33.0,Job Board,24.0,Yes,3.0,35,6.2,75048,86316,0
EMP0876,Ravi Lee,Male,1986-07-09,Filipino,Asia Pacific,Taiwan,Taipei,IT,Senior Software Engineer,G3,Onsite,2017-07-26,,Active,Full-Time,Yes,Not Applicable,Not Applicable,TWD,31.5,124327,142976,3947,4539,5,12.7,Yes,58.3,6.0,2023-10-30,58.0,Job Board,55.0,Yes,4.0,38,7.4,47364,54468,0
EMP0877,Wong Santos,Male,1974-10-25,Japanese,Asia Pacific,Taiwan,Taipei,Marketing,Marketing Executive,G2,Hybrid,2022-05-06,,Active,Full-Time,Yes,Not Applicable,Not Applicable,TWD,31.5,101305,116501,3216,3698,4,1.0,Yes,29.6,7.0,2023-03-22,100.0,Linkedin,40.0,Yes,3.0,50,2.7,38592,44376,0
EMP0878,Fang Ng,Female,1998-05-05,Taiwanese,Asia Pacific,Taiwan,Taipei,Delivery,Project Analyst,G2,Hybrid,2020-10-17,,Active,Full-Time,Yes,Not Applicable,Not Applicable,TWD,31.5,81183,93360,2577,2964,4,4.8,No,33.8,8.0,2024-08-18,73.0,Agency,81.0,Yes,2.0,26,4.2,30924,35568,0
EMP0879,Nguyen Chan,Female,1992-11-05,Hong Konger,Asia Pacific,Taiwan,Taipei,Finance,Senior Finance Analyst,G3,Hybrid,2018-10-04,,Active,Full-Time,Yes,Not Applicable,Not Applicable,TWD,31.5,136013,156415,4318,4966,4,1.1,Yes,10.4,3.0,2022-05-19,57.0,Referral,62.0,Yes,4.0,32,6.2,51816,59592,0
EMP0880,Michelle Wong,Male,1980-07-26,Indonesian,Asia Pacific,Taiwan,Taipei,Finance,Senior Finance Analyst,G3,Onsite,2022-08-02,,Active,Full-Time,No,Not Applicable,Not Applicable,TWD,31.5,124215,142847,3943,4535,4,9.0,Yes,40.8,3.0,2024-04-20,57.0,Agency,78.0,Yes,3.0,44,2.4,47316,54420,0
EMP0881,Jose Park,Male,1984-05-10,Chinese,Asia Pacific,Taiwan,Taipei,HR,HR Assistant,G1,Hybrid,2024-07-07,,Active,Intern,Yes,Not Applicable,Not Applicable,TWD,31.5,60985,70133,1936,2226,2,3.2,Yes,62.7,9.0,2024-05-24,44.0,Job Board,52.0,Yes,5.0,40,0.5,23232,26712,0
EMP0882,Siti Santoso,Male,1991-10-02,Thai,Asia Pacific,Taiwan,Taipei,Finance,Senior Finance Analyst,G3,Hybrid,2020-07-06,2022-04-19,Terminated,Full-Time,Yes,Involuntary,Redundancy,TWD,31.5,122087,140400,3876,4457,3,9.4,No,25.6,4.0,2023-09-24,78.0,Job Board,88.0,Yes,3.0,33,1.8,46512,53484,1
EMP0883,Lee Wijaya,Male,1975-01-30,Japanese,Asia Pacific,Taiwan,Taipei,Delivery,Project Manager,G3,Remote,2019-12-18,,Active,Intern,Yes,Not Applicable,Not Applicable,TWD,31.5,149039,171395,4731,5441,2,6.5,No,28.3,6.0,2024-09-07,33.0,Job Board,45.0,Yes,3.0,49,5.0,56772,65292,0
EMP0884,Wong Park,Male,1975-09-10,Korean,Asia Pacific,Taiwan,Taipei,Finance,Finance Manager,G4,Onsite,2017-04-27,,Active,Contractor,Yes,Not Applicable,Not Applicable,TWD,31.5,160113,184130,5083,5845,3,11.1,Yes,32.9,9.0,2024-01-17,36.0,Agency,23.0,Yes,5.0,49,7.7,60996,70140,0
EMP0885,Chan Wijaya,Female,1984-01-28,American,Asia Pacific,Taiwan,Taipei,Sales,Senior Account Executive,G3,Onsite,2018-10-03,,Active,Full-Time,Yes,Not Applicable,Not Applicable,TWD,31.5,121733,139993,3865,4444,3,0.0,Yes,41.1,11.0,2023-10-29,67.0,Internal Transfer,85.0,Yes,4.0,40,6.2,46380,53328,0
EMP0886,Jose Kumar,Male,2000-10-11,Taiwanese,Asia Pacific,Taiwan,Taipei,Legal,Legal Executive,G2,Onsite,2023-12-23,,Active,Full-Time,Yes,Not Applicable,Not Applicable,TWD,31.5,80978,93125,2571,2956,4,14.6,No,62.8,1.0,2022-06-17,12.0,Job Board,38.0,Yes,3.0,24,1.0,30852,35472,0
EMP0887,Thomas Lee,Female,1994-11-01,Australian,Asia Pacific,Taiwan,Taipei,Delivery,Delivery Manager,G5,Onsite,2020-09-03,,Active,Full-Time,Yes,Not Applicable,Not Applicable,TWD,31.5,212027,243831,6731,7741,4,11.5,No,65.3,6.0,2023-02-05,77.0,Agency,76.0,Yes,5.0,30,4.3,80772,92892,0
EMP0888,Thomas Singh,Male,1991-09-09,British,Asia Pacific,Taiwan,Taipei,Marketing,Marketing Manager,G5,Hybrid,2016-09-29,,Terminated,Full-Time,Yes,Involuntary,Redundancy,TWD,31.5,203509,234035,6461,7430,5,6.4,Yes,,5.0,2021-03-10,21.0,Internal Transfer,69.0,Yes,5.0,33,8.3,77532,89160,1
EMP0889,Maria Yang,Female,1991-08-06,American,Asia Pacific,Taiwan,Taipei,Delivery,Delivery Coordinator,G1,Hybrid,2021-01-02,2024-12-31,Resigned,Full-Time,No,Voluntary,Health Reasons,TWD,31.5,62363,71717,1980,2277,3,4.9,Yes,29.1,5.0,2021-11-02,,Linkedin,29.0,Yes,3.0,33,4.0,23760,27324,1
EMP0890,Ahmad Ong,Male,2001-08-10,Thai,Asia Pacific,Taiwan,Taipei,IT,Tech Lead,G4,Hybrid,2017-06-19,,Active,Contractor,Yes,Not Applicable,Not Applicable,TWD,31.5,178247,204984,5659,6507,1,9.6,Yes,13.9,8.0,2022-02-17,47.0,Internal Transfer,19.0,No,4.0,23,7.5,67908,78084,0
EMP0891,David Pham,Not Declared,1974-05-13,Vietnamese,Asia Pacific,Taiwan,Taipei,HR,HR Specialist,G3,Hybrid,2017-09-22,,Active,Contractor,Yes,Not Applicable,Not Applicable,TWD,31.5,146972,169018,4666,5366,4,3.9,Yes,70.3,10.0,2024-04-13,46.0,Referral,19.0,Yes,3.0,50,7.3,55992,64392,0
EMP0892,Koh Johnson,Not Declared,1992-07-08,Vietnamese,Asia Pacific,Taiwan,Taipei,Finance,Finance Assistant,G1,Remote,2024-08-14,2024-12-31,Resigned,Contractor,No,Voluntary,Health Reasons,TWD,31.5,51922,59710,1648,1896,4,4.4,Yes,33.0,1.0,2022-10-29,33.0,Referral,44.0,Yes,3.0,32,0.4,19776,22752,1
EMP0893,Michelle Patel,Not Declared,1997-09-03,Japanese,Asia Pacific,Taiwan,Taipei,IT,IT Support,G1,Onsite,2020-01-02,,Active,Intern,Yes,Not Applicable,Not Applicable,TWD,31.5,47360,54464,1503,1729,3,13.4,Yes,75.3,2.0,2023-06-27,85.0,Agency,68.0,Yes,3.0,27,5.0,18036,20748,0
EMP0894,Tran Ong,Female,1995-01-07,Singaporean,Asia Pacific,Taiwan,Taipei,Legal,Legal Counsel,G3,Remote,2018-07-08,,Active,Full-Time,Yes,Not Applicable,Not Applicable,TWD,31.5,136099,156514,4321,4969,3,3.7,Yes,28.7,3.0,2023-10-02,91.0,Job Board,15.0,Yes,4.0,30,6.5,51852,59628,0
EMP0895,Sarah Zhang,Female,1975-07-07,British,Asia Pacific,Taiwan,Taipei,Delivery,Project Analyst,G2,Remote,2022-12-11,,Active,Full-Time,Yes,Not Applicable,Not Applicable,TWD,31.5,108216,124448,3435,3951,3,2.1,Yes,4.5,7.0,2024-10-27,67.0,Internal Transfer,82.0,No,4.0,49,2.1,41220,47412,0
EMP0896,Seo Tan,Female,1989-09-10,Thai,Asia Pacific,Taiwan,Taipei,IT,Engineering Manager,G5,Remote,2020-09-14,,Active,Expat,Yes,Not Applicable,Not Applicable,TWD,31.5,223776,257342,7104,8170,4,8.1,Yes,57.7,5.0,2022-11-06,98.0,Agency,93.0,Yes,4.0,35,4.3,85248,98040,0
EMP0897,Siti Santos,Male,1974-10-25,Vietnamese,Asia Pacific,Taiwan,Taipei,IT,Senior Software Engineer,G3,Hybrid,2017-06-18,,Active,Contractor,Yes,Not Applicable,Not Applicable,TWD,31.5,135643,155989,4306,4952,3,1.5,No,77.9,12.0,2022-07-16,56.0,Linkedin,50.0,Yes,,50,7.5,51672,59424,0
EMP0898,Chris Li,Male,1981-09-01,Japanese,Asia Pacific,Taiwan,Taipei,HR,Senior HR Business Partner,G5,Hybrid,2019-03-27,,Active,Expat,No,Not Applicable,Not Applicable,TWD,31.5,209520,240948,6651,7649,3,10.7,No,26.0,1.0,2022-10-17,47.0,Referral,54.0,Yes,4.0,43,5.8,79812,91788,0
EMP0899,Kavya Jones,Male,1987-09-15,Indian,Asia Pacific,Taiwan,Taipei,Delivery,Project Manager,G3,Hybrid,2022-05-11,,Active,Full-Time,Yes,Not Applicable,Not Applicable,TWD,31.5,149822,172295,4756,5470,4,6.3,Yes,78.5,4.0,2024-05-07,60.0,Job Board,35.0,Yes,,37,2.6,57072,65640,0
EMP0900,Koh Guo,Female,1971-10-11,Vietnamese,Asia Pacific,Taiwan,Taipei,HR,HR Specialist,G3,Hybrid,2022-10-05,2024-12-31,Resigned,Contractor,Yes,Voluntary,Health Reasons,TWD,31.5,123353,141856,3916,4503,3,1.8,Yes,,3.0,,54.0,Referral,56.0,Yes,4.0,53,2.2,46992,54036,1
EMP0901,Arun Wong,Female,1989-03-22,Malaysian,Asia Pacific,Korea,Seoul,IT,Senior Software Engineer,G3,Hybrid,2020-12-06,,Active,Full-Time,Yes,Not Applicable,Not Applicable,KRW,1330.0,8141769,9363034,6122,7040,1,12.5,Yes,22.5,8.0,2024-01-10,13.0,Job Board,19.0,Yes,3.0,35,4.1,73464,84480,0
EMP0902,Dewi Santos,Not Declared,2000-05-17,Malaysian,Asia Pacific,Korea,Seoul,Finance,Finance Analyst,G2,Remote,2023-11-16,,Active,Full-Time,Yes,Not Applicable,Not Applicable,KRW,1330.0,6905769,7941634,5192,5971,2,8.5,Yes,33.5,5.0,2022-09-25,78.0,Job Board,44.0,Yes,3.0,24,1.1,62304,71652,0
EMP0903,Li Choi,Male,1970-04-04,British,Asia Pacific,Korea,Seoul,Sales,Sales Manager,G4,Hybrid,2021-12-12,,Active,Contractor,No,Not Applicable,Not Applicable,KRW,1330.0,10527573,12106709,7915,9103,4,15.0,No,32.1,8.0,2024-06-04,31.0,Referral,45.0,No,,54,3.1,94980,109236,0
EMP0904,Kavya Sharma,Male,1992-05-10,Indonesian,Asia Pacific,Korea,Seoul,Finance,Finance Analyst,G2,Remote,2024-07-13,,Active,Full-Time,No,Not Applicable,Not Applicable,KRW,1330.0,5707921,6564109,4292,4935,3,1.8,Yes,75.7,9.0,2024-12-09,64.0,Linkedin,85.0,Yes,5.0,32,0.5,51504,59220,0
EMP0905,Chan Nguyen,Male,2000-08-11,Filipino,Asia Pacific,Korea,Seoul,IT,Senior Software Engineer,G3,Remote,2020-07-24,,Active,Full-Time,Yes,Not Applicable,Not Applicable,KRW,1330.0,8353125,9606094,6281,7223,4,2.9,Yes,13.3,2.0,2024-10-06,46.0,Linkedin,64.0,Yes,2.0,24,4.4,75372,86676,0
EMP0906,Jin Nguyen,Male,1995-07-23,Australian,Asia Pacific,Korea,Seoul,Delivery,Senior Project Manager,G4,Hybrid,2018-06-16,,Active,Contractor,Yes,Not Applicable,Not Applicable,KRW,1330.0,11202447,12882814,8423,9686,5,8.3,No,68.7,2.0,2022-09-09,48.0,Agency,37.0,Yes,5.0,29,6.5,101076,116232,0
EMP0907,Budi Tan,Male,1988-12-17,American,Asia Pacific,Korea,Seoul,Marketing,Marketing Executive,G2,Hybrid,2022-11-25,,Active,Full-Time,Yes,Not Applicable,Not Applicable,KRW,1330.0,6217693,7150347,4675,5376,3,13.8,Yes,28.2,2.0,2024-10-11,36.0,Agency,44.0,Yes,5.0,36,2.1,56100,64512,0
EMP0908,Koh Koh,Male,1992-04-07,Chinese,Asia Pacific,Korea,Seoul,Marketing,Senior Marketing Specialist,G4,Onsite,2021-10-21,,Active,Full-Time,Yes,Not Applicable,Not Applicable,KRW,1330.0,10456761,12025275,7862,9042,4,0.8,Yes,62.2,4.0,2022-01-29,35.0,Agency,50.0,Yes,5.0,32,3.2,94344,108504,0
EMP0909,Siti Guo,Female,1984-05-06,Singaporean,Asia Pacific,Korea,Seoul,Legal,Legal Director,G6,Hybrid,2015-12-05,,Active,Contractor,Yes,Not Applicable,Not Applicable,KRW,1330.0,14068750,16179062,10578,12165,3,8.6,Yes,53.0,12.0,2024-01-05,25.0,Linkedin,60.0,Yes,5.0,40,9.1,126936,145980,0
EMP0910,Priya Wu,Female,1977-12-18,Korean,Asia Pacific,Korea,Seoul,IT,Senior Software Engineer,G3,Onsite,2022-12-23,,Active,Intern,Yes,Not Applicable,Not Applicable,KRW,1330.0,7543537,8675068,5672,6523,4,3.0,No,15.4,11.0,2022-08-30,51.0,Internal Transfer,32.0,No,5.0,47,2.0,68064,78276,0
EMP0911,Ahmad Ng,Male,1992-04-14,Taiwanese,Asia Pacific,Korea,Seoul,Delivery,Project Manager,G3,Hybrid,2022-07-08,,Active,Full-Time,Yes,Not Applicable,Not Applicable,KRW,1330.0,7928410,9117672,5961,6855,5,1.5,No,58.9,1.0,2023-06-02,27.0,Job Board,76.0,Yes,4.0,32,2.5,71532,82260,0
EMP0912,Michelle Jones,Not Declared,1980-01-14,Filipino,Asia Pacific,Korea,Seoul,Legal,Senior Legal Counsel,G4,Hybrid,2022-03-01,,Active,Full-Time,No,Not Applicable,Not Applicable,KRW,1330.0,10267252,11807340,7720,8878,4,1.5,No,63.7,2.0,2022-09-19,62.0,Linkedin,28.0,Yes,2.0,44,2.8,92640,106536,0
EMP0913,James Wong,Male,1971-07-01,Chinese,Asia Pacific,Korea,Seoul,IT,Tech Lead,G4,Remote,2022-04-28,,Active,Full-Time,Yes,Not Applicable,Not Applicable,KRW,1330.0,11307129,13003198,8502,9777,4,3.1,No,12.0,8.0,2022-01-25,99.0,Agency,71.0,No,4.0,53,2.7,102024,117324,0
EMP0914,Chan Suzuki,Male,1994-03-28,Singaporean,Asia Pacific,Korea,Seoul,Finance,Senior Finance Analyst,G3,Remote,2021-11-28,2024-12-31,Resigned,Contractor,Yes,Voluntary,Personal Reason,KRW,1330.0,8728595,10037884,6563,7547,4,5.9,Yes,18.5,7.0,2021-02-01,,Referral,56.0,No,3.0,30,3.1,78756,90564,1
EMP0915,Jessica Brown,Not Declared,1977-06-12,Indonesian,Asia Pacific,Korea,Seoul,Marketing,Marketing Specialist,G3,Hybrid,2017-10-15,,Active,Intern,Yes,Not Applicable,Not Applicable,KRW,1330.0,8005991,9206890,6020,6922,3,12.7,No,20.4,1.0,2024-07-02,79.0,Job Board,78.0,Yes,4.0,47,7.2,72240,83064,0
EMP0916,Arjun Ong,Not Declared,1973-06-18,Vietnamese,Asia Pacific,Korea,Seoul,HR,HR Business Partner,G4,Hybrid,2019-05-16,,Active,Full-Time,Yes,Not Applicable,Not Applicable,KRW,1330.0,10873828,12504902,8176,9402,2,0.8,Yes,78.9,6.0,2024-11-25,22.0,Job Board,27.0,Yes,4.0,51,5.6,98112,112824,0
EMP0917,Jose Ong,Female,1998-01-02,Taiwanese,Asia Pacific,Korea,Seoul,HR,HR Assistant,G1,Remote,2019-05-21,,Active,Intern,Yes,Not Applicable,Not Applicable,KRW,1330.0,4800392,5520451,3609,4151,5,0.3,Yes,56.8,12.0,2023-10-20,11.0,Internal Transfer,92.0,Yes,5.0,27,5.6,43308,49812,0
EMP0918,Tan Wijaya,Female,2000-12-22,Taiwanese,Asia Pacific,Korea,Seoul,Legal,Legal Counsel,G3,Hybrid,2018-12-15,,Active,Full-Time,Yes,Not Applicable,Not Applicable,KRW,1330.0,8680298,9982343,6527,7506,4,9.0,No,22.4,1.0,2022-05-27,30.0,Agency,25.0,Yes,,24,6.0,78324,90072,0
EMP0919,Chen Nguyen,Female,1993-09-14,Japanese,Asia Pacific,Korea,Seoul,Finance,Finance Analyst,G2,Hybrid,2023-01-19,,Active,Full-Time,Yes,Not Applicable,Not Applicable,KRW,1330.0,6758746,7772558,5082,5844,4,2.1,Yes,36.3,6.0,2024-06-27,48.0,Linkedin,82.0,Yes,3.0,31,2.0,60984,70128,0
EMP0920,Thomas Wang,Female,1973-03-11,Taiwanese,Asia Pacific,Korea,Seoul,IT,Tech Lead,G4,Remote,2022-06-07,2024-12-31,Terminated,Contractor,Yes,Involuntary,Performance,KRW,1330.0,11554010,13287111,8687,9990,4,2.3,Yes,24.1,,2023-02-09,,Internal Transfer,52.0,Yes,3.0,51,2.6,104244,119880,1
EMP0921,Nattaporn Lin,Female,2001-12-15,Hong Konger,Asia Pacific,Korea,Seoul,Sales,Sales Manager,G4,Onsite,2020-08-22,,Active,Intern,Yes,Not Applicable,Not Applicable,KRW,1330.0,11489656,13213104,8639,9935,5,4.5,Yes,74.0,5.0,2022-02-10,90.0,Internal Transfer,64.0,Yes,4.0,23,4.4,103668,119220,0
EMP0922,Seo Nguyen,Female,1979-03-26,Vietnamese,Asia Pacific,Korea,Seoul,Marketing,Marketing Assistant,G1,Hybrid,2020-08-29,,Active,Full-Time,Yes,Not Applicable,Not Applicable,KRW,1330.0,4881605,5613846,3670,4221,3,6.4,No,47.4,5.0,2024-06-23,49.0,Job Board,66.0,Yes,2.0,45,4.3,44040,50652,0
EMP0923,Maria Yamamoto,Female,1999-04-11,Filipino,Asia Pacific,Korea,Seoul,Delivery,Senior Project Manager,G4,Hybrid,2020-05-26,,Active,Contractor,Yes,Not Applicable,Not Applicable,KRW,1330.0,10756739,12370250,8088,9301,3,12.4,Yes,6.6,8.0,2024-08-16,95.0,Linkedin,61.0,No,4.0,25,4.6,97056,111612,0
EMP0924,Jose Guo,Female,2000-03-12,Filipino,Asia Pacific,Korea,Seoul,Finance,Finance Analyst,G2,Onsite,2021-01-22,2024-12-31,Resigned,Full-Time,Yes,Voluntary,Personal Reason,KRW,1330.0,6356786,7310304,4780,5496,3,13.9,Yes,42.4,7.0,2022-11-01,70.0,Job Board,86.0,Yes,5.0,24,3.9,57360,65952,1
EMP0925,Budi Ng,Male,1972-07-16,Vietnamese,Asia Pacific,Korea,Seoul,Marketing,Senior Marketing Specialist,G4,Hybrid,2019-07-07,,Resigned,Full-Time,Yes,Voluntary,Health Reasons,KRW,1330.0,10646544,12243526,8005,9206,3,14.9,Yes,56.7,5.0,,38.0,Referral,37.0,Yes,4.0,52,5.5,96060,110472,1
EMP0926,Kavya Singh,Female,1983-06-11,Malaysian,Asia Pacific,Korea,Seoul,Finance,Finance Manager,G4,Onsite,2018-12-21,,Active,Contractor,Yes,Not Applicable,Not Applicable,KRW,1330.0,10380301,11937346,7805,8975,4,1.4,Yes,47.9,6.0,2022-08-30,21.0,Referral,53.0,Yes,3.0,41,6.0,93660,107700,0
EMP0927,Arjun Wijaya,Female,1989-05-22,Taiwanese,Asia Pacific,Korea,Seoul,IT,Senior Software Engineer,G3,Hybrid,2020-04-03,,Active,Contractor,Yes,Not Applicable,Not Applicable,KRW,1330.0,7838992,9014841,5894,6778,3,13.2,No,71.3,5.0,2022-11-22,58.0,Agency,75.0,Yes,4.0,35,4.7,70728,81336,0
EMP0928,Jose Santoso,Female,1989-11-23,Hong Konger,Asia Pacific,Korea,Seoul,Marketing,Marketing Assistant,G1,Onsite,2024-09-24,,Active,Full-Time,Yes,Not Applicable,Not Applicable,KRW,1330.0,3997584,4597222,3006,3457,4,6.9,No,48.8,4.0,2024-11-10,89.0,Internal Transfer,49.0,Yes,3.0,35,0.3,36072,41484,0
EMP0929,Haruto Suwannarat,Female,1974-07-02,Korean,Asia Pacific,Korea,Seoul,Legal,Legal Counsel,G3,Onsite,2017-07-25,,Active,Full-Time,Yes,Not Applicable,Not Applicable,KRW,1330.0,7946635,9138630,5975,6871,4,0.1,No,47.1,3.0,2023-07-28,32.0,Referral,38.0,Yes,5.0,50,7.4,71700,82452,0
EMP0930,Ahmad Ong,Male,2001-04-13,Korean,Asia Pacific,Korea,Seoul,HR,HR Manager,G6,Hybrid,2017-02-19,2021-08-29,Terminated,Full-Time,No,Involuntary,Misconduct,KRW,1330.0,15000000,17250000,11278,12970,4,10.5,No,12.8,7.0,2021-04-01,,Linkedin,52.0,Yes,2.0,23,4.5,135336,155640,1
EMP0931,Arjun Lee,Female,1973-10-24,Thai,Asia Pacific,Korea,Seoul,Finance,Finance Analyst,G2,Remote,2024-04-13,2024-12-31,Resigned,Full-Time,Yes,Voluntary,Personal Reason,KRW,1330.0,5646395,6493354,4245,4882,3,1.1,Yes,36.7,6.0,,39.0,Internal Transfer,50.0,Yes,4.0,51,0.7,50940,58584,1
EMP0932,Haruto Tanaka,Not Declared,1988-08-13,Japanese,Asia Pacific,Korea,Seoul,HR,HR Business Partner,G4,Hybrid,2019-11-23,,Active,Contractor,Yes,Not Applicable,Not Applicable,KRW,1330.0,10145972,11667868,7629,8773,4,1.6,Yes,46.7,2.0,2024-02-23,15.0,Internal Transfer,,Yes,4.0,36,5.1,91548,105276,0
EMP0933,Somchai Lim,Female,1998-03-23,Singaporean,Asia Pacific,Korea,Seoul,Marketing,Marketing Specialist,G3,Remote,2017-09-23,,Active,Full-Time,Yes,Not Applicable,Not Applicable,KRW,1330.0,8281449,9523666,6227,7161,4,6.2,No,17.4,9.0,2023-06-01,89.0,Job Board,,Yes,4.0,26,7.3,74724,85932,0
EMP0934,Wong Ong,Female,1987-07-24,Filipino,Asia Pacific,Korea,Seoul,Delivery,Delivery Coordinator,G1,Hybrid,2020-05-12,,Active,Contractor,Yes,Not Applicable,Not Applicable,KRW,1330.0,3859096,4437960,2902,3337,1,7.4,Yes,56.3,8.0,2023-12-14,78.0,Linkedin,83.0,No,,37,4.6,34824,40044,0
EMP0935,David Wong,Male,1983-06-07,Hong Konger,Asia Pacific,Korea,Seoul,Sales,Sales Executive,G1,Hybrid,2020-09-10,,Active,Full-Time,Yes,Not Applicable,Not Applicable,KRW,1330.0,5067945,5828137,3810,4382,4,9.3,Yes,18.9,8.0,2023-07-29,81.0,Linkedin,88.0,Yes,2.0,41,4.3,45720,52584,0
EMP0936,Arjun Park,Male,1970-08-27,British,Asia Pacific,Korea,Seoul,Marketing,Marketing Specialist,G3,Hybrid,2017-06-07,,Resigned,Contractor,No,Voluntary,Personal Reason,KRW,1330.0,8318744,9566556,6255,7193,3,5.6,No,53.0,,,30.0,Linkedin,67.0,Yes,5.0,54,7.6,75060,86316,1
EMP0937,Michelle Singh,Female,1970-10-28,Hong Konger,Asia Pacific,Korea,Seoul,IT,Senior Software Engineer,G3,Remote,2022-08-02,2024-12-31,Resigned,Contractor,Yes,Voluntary,Better Opportunity,KRW,1330.0,9325903,10724788,7012,8064,4,6.6,Yes,17.2,3.0,2022-04-19,61.0,Agency,43.0,Yes,4.0,54,2.4,84144,96768,1
EMP0938,Arjun Yang,Female,1994-11-15,British,Asia Pacific,Korea,Seoul,Finance,Finance Assistant,G1,Hybrid,2024-06-24,,Active,Intern,Yes,Not Applicable,Not Applicable,KRW,1330.0,3546827,4078851,2667,3067,3,3.9,No,18.3,11.0,2022-04-08,39.0,Linkedin,30.0,No,5.0,30,0.5,32004,36804,0
EMP0939,Min Wong,Male,1994-01-20,Indonesian,Asia Pacific,Korea,Seoul,HR,HR Executive,G2,Remote,2020-04-24,,Active,Full-Time,Yes,Not Applicable,Not Applicable,KRW,1330.0,5938781,6829598,4465,5135,2,6.6,Yes,55.1,6.0,2022-01-28,75.0,Linkedin,94.0,Yes,4.0,30,4.7,53580,61620,0
EMP0940,Ananya Chan,Male,1991-03-18,Filipino,Asia Pacific,Korea,Seoul,Delivery,Project Manager,G3,Onsite,2019-12-23,,Active,Full-Time,Yes,Not Applicable,Not Applicable,KRW,1330.0,9047741,10404902,6803,7823,3,8.5,Yes,32.1,4.0,2022-04-10,44.0,Linkedin,40.0,Yes,,33,5.0,81636,93876,0
EMP0941,Jin Pham,Female,1985-09-12,Taiwanese,Asia Pacific,Korea,Seoul,Delivery,Project Analyst,G2,Remote,2022-07-14,,Active,Full-Time,Yes,Not Applicable,Not Applicable,KRW,1330.0,6561019,7545172,4933,5673,3,6.3,No,32.0,9.0,2023-10-17,99.0,Agency,44.0,Yes,3.0,39,2.5,59196,68076,0
EMP0942,Ji Li,Female,1970-03-08,Japanese,Asia Pacific,Korea,Seoul,Finance,Finance Analyst,G2,Hybrid,2021-11-24,,Active,Full-Time,Yes,Not Applicable,Not Applicable,KRW,1330.0,5510705,6337311,4143,4765,4,13.8,No,36.6,5.0,2024-08-15,14.0,Job Board,64.0,Yes,3.0,54,3.1,49716,57180,0
EMP0943,Priya Yamamoto,Male,1997-04-22,Japanese,Asia Pacific,Korea,Seoul,Marketing,Marketing Specialist,G3,Hybrid,2017-07-26,,Active,Full-Time,Yes,Not Applicable,Not Applicable,KRW,1330.0,7630609,8775200,5737,6598,4,5.9,Yes,46.8,11.0,2024-04-27,86.0,Job Board,37.0,Yes,5.0,27,7.4,68844,79176,0
EMP0944,Chris Lin,Female,1992-08-03,American,Asia Pacific,Korea,Seoul,HR,HR Specialist,G3,Onsite,2018-07-04,,Active,Full-Time,Yes,Not Applicable,Not Applicable,KRW,1330.0,8718387,10026145,6555,7538,4,6.8,No,4.6,2.0,2022-03-26,60.0,Internal Transfer,86.0,Yes,5.0,32,6.5,78660,90456,0
EMP0945,Sophie Yang,Male,1978-03-14,Australian,Asia Pacific,Korea,Seoul,Finance,Finance Assistant,G1,Hybrid,2023-09-27,,Active,Intern,No,Not Applicable,Not Applicable,KRW,1330.0,3347736,3849896,2517,2895,5,9.1,Yes,52.3,5.0,2023-04-01,68.0,Internal Transfer,86.0,Yes,4.0,46,1.3,30204,34740,0
EMP0946,Siti Le,Male,1991-06-11,Taiwanese,Asia Pacific,Korea,Seoul,Legal,Legal Executive,G2,Hybrid,2022-02-02,,Active,Intern,Yes,Not Applicable,Not Applicable,KRW,1330.0,5417075,6229636,4073,4684,2,14.6,Yes,21.2,1.0,2023-12-22,68.0,Internal Transfer,70.0,Yes,5.0,33,2.9,48876,56208,0
EMP0947,Maria Smith,Male,1984-03-06,American,Asia Pacific,Korea,Seoul,Legal,Senior Legal Counsel,G4,Hybrid,2020-09-30,,Active,Full-Time,Yes,Not Applicable,Not Applicable,KRW,1330.0,10712481,12319353,8054,9263,4,8.6,Yes,39.2,3.0,2024-05-10,52.0,Agency,,Yes,5.0,40,4.3,96648,111156,0
EMP0948,James Lim,Female,1988-12-25,Taiwanese,Asia Pacific,Korea,Seoul,Marketing,Senior Marketing Specialist,G4,Onsite,2021-10-31,,Active,Intern,No,Not Applicable,Not Applicable,KRW,1330.0,10531972,12111768,7919,9107,3,4.0,Yes,46.5,5.0,2023-02-16,54.0,Linkedin,89.0,Yes,3.0,36,3.2,95028,109284,0
EMP0949,Wei Patel,Female,1987-08-06,Indonesian,Asia Pacific,Korea,Seoul,Sales,Sales Manager,G4,Hybrid,2020-06-27,,Active,Contractor,No,Not Applicable,Not Applicable,KRW,1330.0,9944983,11436730,7477,8599,3,7.8,Yes,34.4,11.0,2024-10-02,75.0,Referral,15.0,No,5.0,37,4.5,89724,103188,0
EMP0950,Ravi Wang,Female,1974-03-08,Malaysian,Asia Pacific,Korea,Seoul,Delivery,Delivery Manager,G5,Onsite,2019-01-04,,Active,Full-Time,Yes,Not Applicable,Not Applicable,KRW,1330.0,12397890,14257573,9322,10720,2,6.9,Yes,64.0,4.0,2023-09-28,85.0,Agency,67.0,No,4.0,50,6.0,111864,128640,0
EMP0951,Jose Santoso,Not Declared,1992-02-21,American,Asia Pacific,Korea,Seoul,Legal,Legal Counsel,G3,Hybrid,2017-10-13,2020-02-10,Resigned,Full-Time,Yes,Voluntary,Health Reasons,KRW,1330.0,9095484,10459807,6839,7865,3,14.1,No,,2.0,2023-10-11,22.0,Agency,33.0,Yes,4.0,32,2.3,82068,94380,1
EMP0952,Koh Müller,Female,1974-08-11,Hong Konger,Asia Pacific,Korea,Seoul,Sales,Sales Executive,G1,Onsite,2019-11-02,,Active,Full-Time,Yes,Not Applicable,Not Applicable,KRW,1330.0,4089202,4702582,3075,3536,3,14.8,Yes,16.5,10.0,2023-05-23,16.0,Agency,31.0,Yes,4.0,50,5.2,36900,42432,0
EMP0953,Min Nguyen,Female,1986-12-30,Indonesian,Asia Pacific,Korea,Seoul,HR,HR Business Partner,G4,Hybrid,2019-12-23,,Active,Full-Time,Yes,Not Applicable,Not Applicable,KRW,1330.0,10737404,12348015,8073,9284,1,11.6,No,53.6,2.0,2023-05-06,63.0,Internal Transfer,45.0,Yes,4.0,38,5.0,96876,111408,0
EMP0954,Somchai Jones,Not Declared,1996-03-07,Malaysian,Asia Pacific,Korea,Seoul,Sales,Senior Account Executive,G3,Hybrid,2017-08-27,,Active,Full-Time,Yes,Not Applicable,Not Applicable,KRW,1330.0,7488265,8611505,5630,6475,3,9.7,Yes,34.6,3.0,2024-02-28,70.0,Referral,37.0,No,5.0,28,7.3,67560,77700,0
EMP0955,Amanda Jones,Female,1977-04-25,Korean,Asia Pacific,Korea,Seoul,Delivery,Project Analyst,G2,Remote,2021-03-10,,Resigned,Full-Time,Yes,Voluntary,Relocation,KRW,1330.0,6343417,7294930,4769,5485,4,10.1,No,27.1,2.0,2023-03-30,59.0,Linkedin,60.0,Yes,4.0,47,3.8,57228,65820,1
EMP0956,Wong Chan,Female,1984-10-12,American,Asia Pacific,Japan,Tokyo,IT,Engineering Manager,G5,Onsite,2020-03-18,,Active,Full-Time,Yes,Not Applicable,Not Applicable,JPY,149.0,974660,1120859,6541,7523,4,12.0,No,17.0,9.0,2024-05-18,38.0,Internal Transfer,60.0,No,4.0,40,4.8,78492,90276,0
EMP0957,Haruto Suzuki,Not Declared,1990-12-24,Taiwanese,Asia Pacific,Japan,Tokyo,Marketing,Marketing Manager,G5,Onsite,2020-08-01,,Resigned,Full-Time,Yes,Voluntary,Better Opportunity,JPY,149.0,966505,1111481,6487,7460,4,5.2,No,12.4,0.0,2023-07-03,59.0,Agency,53.0,Yes,5.0,34,4.4,77844,89520,1
EMP0958,Chan Lim,Female,1999-10-28,Australian,Asia Pacific,Japan,Tokyo,Sales,Account Executive,G2,Onsite,2023-08-23,,Active,Full-Time,Yes,Not Applicable,Not Applicable,JPY,149.0,479094,550958,3215,3698,3,1.6,Yes,30.6,11.0,2022-08-31,81.0,Referral,83.0,Yes,1.0,25,1.4,38580,44376,0
EMP0959,Ji Tran,Male,1970-01-17,Indian,Asia Pacific,Japan,Tokyo,IT,Tech Lead,G4,Hybrid,2020-05-30,,Active,Full-Time,Yes,Not Applicable,Not Applicable,JPY,149.0,889145,1022517,5967,6863,4,13.9,No,38.8,4.0,2022-10-13,63.0,Job Board,53.0,Yes,1.0,54,4.6,71604,82356,0
EMP0960,Jose Ong,Female,1979-11-10,British,Asia Pacific,Japan,Tokyo,Sales,Sales Manager,G4,Hybrid,2020-04-28,,Active,Full-Time,No,Not Applicable,Not Applicable,JPY,149.0,936043,1076449,6282,7224,4,1.1,No,35.8,10.0,2023-02-19,16.0,Internal Transfer,63.0,Yes,4.0,45,4.7,75384,86688,0
EMP0961,Suresh Smith,Male,1996-08-31,Hong Konger,Asia Pacific,Japan,Tokyo,Legal,Legal Counsel,G3,Onsite,2021-05-06,,Active,Full-Time,Yes,Not Applicable,Not Applicable,JPY,149.0,642714,739121,4314,4961,3,1.0,Yes,50.0,9.0,2023-03-25,12.0,Job Board,54.0,Yes,4.0,28,3.7,51768,59532,0
EMP0962,Priya Yamamoto,Male,1984-07-21,Thai,Asia Pacific,Japan,Tokyo,IT,Tech Lead,G4,Hybrid,2019-03-08,2022-02-05,Resigned,Contractor,Yes,Voluntary,Further Studies,JPY,149.0,841285,967478,5646,6493,3,11.0,No,32.1,2.0,2023-04-11,49.0,Linkedin,72.0,Yes,2.0,40,2.9,67752,77916,1
EMP0963,Haruto Tanaka,Male,1982-05-16,American,Asia Pacific,Japan,Tokyo,IT,Senior Software Engineer,G3,Hybrid,2020-06-04,,Active,Full-Time,Yes,Not Applicable,Not Applicable,JPY,149.0,718538,826319,4822,5546,4,8.2,Yes,50.0,4.0,2023-06-07,92.0,Job Board,26.0,No,5.0,42,4.6,57864,66552,0
EMP0964,Tan Smith,Female,1974-04-23,Australian,Asia Pacific,Japan,Tokyo,IT,Tech Lead,G4,Remote,2020-02-14,,Active,Full-Time,Yes,Not Applicable,Not Applicable,JPY,149.0,926564,1065549,6219,7151,3,8.4,Yes,60.3,12.0,2023-12-07,60.0,Agency,16.0,Yes,4.0,50,4.9,74628,85812,0
EMP0965,Ong Pham,Female,1988-10-23,Thai,Asia Pacific,Japan,Tokyo,Delivery,Senior Delivery Manager,G6,Onsite,2018-11-19,2021-05-28,Terminated,Expat,No,Involuntary,Redundancy,JPY,149.0,1097215,1261797,7364,8468,5,6.1,No,50.1,7.0,2023-09-23,38.0,Internal Transfer,54.0,Yes,4.0,36,2.5,88368,101616,1
EMP0966,Nguyen Lin,Male,1979-06-15,Hong Konger,Asia Pacific,Japan,Tokyo,Marketing,Senior Marketing Specialist,G4,Remote,2019-10-15,2024-12-31,Terminated,Full-Time,Yes,Involuntary,Redundancy,JPY,149.0,828316,952563,5559,6393,3,13.5,No,,3.0,,56.0,Linkedin,87.0,Yes,4.0,45,5.2,66708,76716,1
EMP0967,Dewi Kim,Female,1971-11-14,Vietnamese,Asia Pacific,Japan,Tokyo,Sales,Sales Manager,G4,Onsite,2019-02-06,,Active,Full-Time,Yes,Not Applicable,Not Applicable,JPY,149.0,858484,987257,5762,6626,3,2.8,No,38.3,7.0,2022-11-19,67.0,Agency,74.0,Yes,4.0,53,5.9,69144,79512,0
EMP0968,Li Chan,Male,1982-10-24,American,Asia Pacific,Japan,Tokyo,IT,Senior Software Engineer,G3,Onsite,2022-09-18,,Active,Full-Time,Yes,Not Applicable,Not Applicable,JPY,149.0,713389,820397,4788,5506,2,14.8,No,48.7,8.0,2022-01-17,57.0,Agency,38.0,Yes,4.0,42,2.3,57456,66072,0
EMP0969,David Yang,Female,1976-12-09,Indian,Asia Pacific,Japan,Tokyo,Finance,Finance Assistant,G1,Onsite,2023-07-29,,Active,Intern,No,Not Applicable,Not Applicable,JPY,149.0,390597,449187,2621,3015,2,8.5,No,13.3,9.0,2022-04-27,50.0,Internal Transfer,63.0,Yes,4.0,48,1.4,31452,36180,0
EMP0970,Dewi Wu,Not Declared,1986-09-29,Korean,Asia Pacific,Japan,Tokyo,IT,Tech Lead,G4,Onsite,2019-10-03,,Active,Full-Time,Yes,Not Applicable,Not Applicable,JPY,149.0,793395,912404,5325,6124,3,5.0,No,61.4,3.0,2023-10-10,66.0,Internal Transfer,53.0,Yes,3.0,38,5.2,63900,73488,0
EMP0971,Koh Wong,Male,2001-07-31,Filipino,Asia Pacific,Japan,Tokyo,HR,HR Executive,G2,Onsite,2024-09-10,2024-12-31,Terminated,Full-Time,No,Involuntary,Redundancy,JPY,149.0,485672,558523,3260,3748,4,12.6,Yes,42.8,7.0,2022-03-12,63.0,Referral,24.0,No,5.0,23,0.3,39120,44976,1
EMP0972,Nattaporn Williams,Male,2001-01-23,American,Asia Pacific,Japan,Tokyo,Finance,Finance Assistant,G1,Remote,2023-01-01,,Active,Intern,Yes,Not Applicable,Not Applicable,JPY,149.0,327923,377111,2201,2531,3,2.0,Yes,14.1,8.0,2024-12-16,20.0,Linkedin,46.0,Yes,3.0,23,2.0,26412,30372,0
EMP0973,Wei Yamamoto,Male,1971-11-28,Singaporean,Asia Pacific,Japan,Tokyo,Sales,Sales Executive,G1,Onsite,2019-09-21,2022-02-12,Resigned,Full-Time,Yes,Voluntary,Better Opportunity,JPY,149.0,369701,425156,2481,2853,5,2.6,No,33.6,4.0,,60.0,Job Board,25.0,Yes,4.0,53,2.4,29772,34236,1
EMP0974,Ananya Wijaya,Female,2001-11-10,Indian,Asia Pacific,Japan,Tokyo,IT,IT Support,G1,Hybrid,2022-01-19,,Active,Full-Time,Yes,Not Applicable,Not Applicable,JPY,149.0,306127,352046,2055,2363,5,5.4,Yes,59.4,6.0,2022-07-25,29.0,Referral,,Yes,5.0,23,3.0,24660,28356,0
EMP0975,Fang Brown,Male,1997-02-20,Australian,Asia Pacific,Japan,Tokyo,Marketing,Marketing Executive,G2,Onsite,2019-04-24,,Active,Contractor,Yes,Not Applicable,Not Applicable,JPY,149.0,471061,541720,3161,3636,4,7.3,Yes,58.2,7.0,2024-11-29,32.0,Linkedin,61.0,Yes,1.0,27,5.7,37932,43632,0
EMP0976,David Kumar,Female,1974-09-19,Hong Konger,Asia Pacific,Japan,Tokyo,Marketing,Marketing Specialist,G3,Hybrid,2017-03-06,,Active,Contractor,Yes,Not Applicable,Not Applicable,JPY,149.0,675464,776784,4533,5213,3,6.8,Yes,73.9,12.0,2022-11-27,45.0,Job Board,60.0,Yes,2.0,50,7.8,54396,62556,0
EMP0977,Jessica Lee,Male,1981-07-14,British,Asia Pacific,Japan,Tokyo,Marketing,Senior Marketing Manager,G6,Remote,2017-07-20,,Active,Full-Time,Yes,Not Applicable,Not Applicable,JPY,149.0,1111077,1277739,7457,8575,3,11.3,No,26.2,3.0,2024-08-18,20.0,Internal Transfer,52.0,Yes,3.0,43,7.5,89484,102900,0
EMP0978,Tan Zhang,Not Declared,1971-02-11,Hong Konger,Asia Pacific,Japan,Tokyo,Marketing,Marketing Manager,G5,Hybrid,2020-11-06,,Active,Full-Time,No,Not Applicable,Not Applicable,JPY,149.0,1054082,1212194,7074,8136,3,2.3,No,4.5,5.0,2022-08-19,54.0,Job Board,,Yes,3.0,53,4.2,84888,97632,0
EMP0979,Thomas Liu,Not Declared,1982-01-11,Chinese,Asia Pacific,Japan,Tokyo,Finance,Senior Finance Analyst,G3,Hybrid,2019-04-17,2024-05-03,Resigned,Full-Time,Yes,Voluntary,Health Reasons,JPY,149.0,747355,859458,5016,5768,5,8.1,No,39.7,1.0,,,Job Board,50.0,Yes,5.0,43,5.0,60192,69216,1
EMP0980,Arun Tanaka,Female,1991-01-07,American,Asia Pacific,Japan,Tokyo,HR,Senior HR Business Partner,G5,Onsite,2016-05-05,,Active,Full-Time,Yes,Not Applicable,Not Applicable,JPY,149.0,1048554,1205837,7037,8093,4,1.6,Yes,55.4,3.0,2023-10-23,72.0,Referral,,Yes,5.0,34,8.7,84444,97116,0
EMP0981,Jose Ng,Female,1991-12-08,Malaysian,Asia Pacific,Japan,Tokyo,HR,HR Business Partner,G4,Remote,2019-07-19,,Active,Full-Time,Yes,Not Applicable,Not Applicable,JPY,149.0,794321,913469,5331,6131,4,9.6,No,34.5,3.0,2022-05-14,62.0,Linkedin,57.0,Yes,3.0,33,5.5,63972,73572,0
EMP0982,Michael Chan,Female,1981-01-08,Australian,Asia Pacific,Japan,Tokyo,Sales,Sales Manager,G4,Onsite,2021-03-07,,Active,Full-Time,No,Not Applicable,Not Applicable,JPY,149.0,839298,965193,5633,6478,5,9.4,Yes,17.7,7.0,2023-04-10,25.0,Job Board,48.0,No,2.0,44,3.8,67596,77736,0
EMP0983,Lee Ong,Not Declared,1992-09-28,Vietnamese,Asia Pacific,Japan,Tokyo,IT,Tech Lead,G4,Onsite,2021-11-03,,Active,Full-Time,Yes,Not Applicable,Not Applicable,JPY,149.0,901089,1036252,6048,6955,2,1.5,No,16.2,5.0,2023-01-17,88.0,Job Board,71.0,Yes,4.0,32,3.2,72576,83460,0
EMP0984,Budi Williams,Male,1971-02-17,Vietnamese,Asia Pacific,Japan,Tokyo,Finance,Finance Analyst,G2,Remote,2021-07-26,,Active,Full-Time,Yes,Not Applicable,Not Applicable,JPY,149.0,454147,522269,3048,3505,5,14.0,No,35.7,5.0,2024-07-14,91.0,Referral,27.0,Yes,3.0,53,3.4,36576,42060,0
EMP0985,Ong Nguyen,Not Declared,2000-09-03,Hong Konger,Asia Pacific,Japan,Tokyo,HR,HR Business Partner,G4,Hybrid,2021-07-06,,Active,Contractor,Yes,Not Applicable,Not Applicable,JPY,149.0,871582,1002319,5850,6727,3,1.0,Yes,56.6,1.0,2024-07-25,30.0,Job Board,25.0,Yes,2.0,24,3.5,70200,80724,0
EMP0986,Lee Zhang,Female,1988-07-02,Thai,Asia Pacific,Japan,Tokyo,Marketing,Marketing Executive,G2,Hybrid,2023-07-26,,Active,Full-Time,Yes,Not Applicable,Not Applicable,JPY,149.0,544924,626663,3657,4206,5,7.1,Yes,57.1,11.0,2024-09-25,83.0,Internal Transfer,24.0,Yes,4.0,36,1.4,43884,50472,0
EMP0987,Wei Brown,Female,1993-10-22,Chinese,Asia Pacific,Japan,Tokyo,HR,HR Assistant,G1,Hybrid,2019-12-27,,Active,Full-Time,Yes,Not Applicable,Not Applicable,JPY,149.0,295392,339701,1982,2280,4,3.7,Yes,20.8,11.0,2023-11-05,92.0,Internal Transfer,22.0,Yes,5.0,31,5.0,23784,27360,0
EMP0988,Kevin Reyes,Male,1985-04-13,Filipino,Asia Pacific,Japan,Tokyo,Sales,Senior Sales Manager,G5,Hybrid,2015-08-01,,Active,Expat,Yes,Not Applicable,Not Applicable,JPY,149.0,1036986,1192534,6960,8004,2,8.6,Yes,6.8,2.0,2023-07-22,73.0,Linkedin,86.0,No,,39,9.4,83520,96048,0
EMP0989,Siti Brown,Male,1990-04-13,Vietnamese,Asia Pacific,Japan,Tokyo,IT,IT Support,G1,Remote,2021-02-10,,Active,Intern,Yes,Not Applicable,Not Applicable,JPY,149.0,319437,367353,2144,2465,2,3.6,Yes,69.3,1.0,2024-05-23,42.0,Job Board,67.0,Yes,3.0,34,3.9,25728,29580,0
EMP0990,Amanda Wijaya,Not Declared,1982-05-29,Indonesian,Asia Pacific,Japan,Tokyo,Marketing,Marketing Executive,G2,Onsite,2024-10-02,,Active,Contractor,Yes,Not Applicable,Not Applicable,JPY,149.0,455829,524203,3059,3518,4,8.5,Yes,61.7,7.0,2022-03-18,35.0,Agency,15.0,Yes,3.0,42,0.2,36708,42216,0
EMP0991,David Tanaka,Male,1992-10-13,British,Asia Pacific,Japan,Tokyo,Delivery,Senior Delivery Manager,G6,Hybrid,2017-11-12,,Active,Full-Time,Yes,Not Applicable,Not Applicable,JPY,149.0,1169364,1344769,7848,9025,4,14.1,Yes,32.5,6.0,2022-09-04,11.0,Job Board,28.0,Yes,5.0,32,7.1,94176,108300,0
EMP0992,Siti Santos,Female,1986-05-15,Indonesian,Asia Pacific,Japan,Tokyo,IT,Software Engineer,G2,Hybrid,2020-08-31,2024-12-31,Terminated,Full-Time,No,Involuntary,Contract Ended,JPY,149.0,462782,532199,3106,3572,3,3.2,No,50.3,,2021-01-14,60.0,Job Board,67.0,Yes,5.0,38,4.3,37272,42864,1
EMP0993,Haruto Liu,Female,1990-07-21,Indonesian,Asia Pacific,Japan,Tokyo,Sales,Sales Manager,G4,Hybrid,2017-03-10,,Active,Full-Time,Yes,Not Applicable,Not Applicable,JPY,149.0,909273,1045664,6103,7018,3,0.3,Yes,70.2,9.0,2022-11-19,83.0,Agency,90.0,No,3.0,34,7.8,73236,84216,0
EMP0994,Arun Koh,Not Declared,1972-07-15,British,Asia Pacific,Japan,Tokyo,Finance,Finance Analyst,G2,Remote,2022-04-07,,Terminated,Full-Time,No,Involuntary,Performance,JPY,149.0,519873,597854,3489,4012,3,6.6,Yes,,,,63.0,Internal Transfer,46.0,Yes,5.0,52,2.7,41868,48144,1
EMP0995,Suresh Wijaya,Male,1975-10-09,Korean,Asia Pacific,Japan,Tokyo,Finance,Finance Analyst,G2,Hybrid,2024-03-31,,Active,Full-Time,Yes,Not Applicable,Not Applicable,JPY,149.0,459168,528043,3082,3544,4,8.7,Yes,14.0,10.0,2023-09-19,40.0,Linkedin,83.0,Yes,3.0,49,0.8,36984,42528,0
EMP0996,Suresh Kumar,Female,1993-03-31,Filipino,Asia Pacific,Japan,Tokyo,Finance,Senior Finance Analyst,G3,Remote,2020-05-01,,Active,Full-Time,Yes,Not Applicable,Not Applicable,JPY,149.0,650680,748282,4367,5022,1,10.9,Yes,50.4,11.0,2023-07-31,81.0,Agency,38.0,Yes,3.0,31,4.7,52404,60264,0
EMP0997,Haruto Kumar,Not Declared,1977-07-21,Chinese,Asia Pacific,Japan,Tokyo,HR,HR Executive,G2,Onsite,2020-04-16,,Active,Full-Time,Yes,Not Applicable,Not Applicable,JPY,149.0,510630,587224,3427,3941,3,7.4,No,71.7,8.0,2024-01-04,13.0,Referral,94.0,No,4.0,47,4.7,41124,47292,0
EMP0998,Ng Johnson,Not Declared,1988-06-11,Australian,Asia Pacific,Japan,Tokyo,IT,Engineering Manager,G5,Onsite,2019-05-26,,Active,Full-Time,Yes,Not Applicable,Not Applicable,JPY,149.0,989752,1138215,6643,7639,5,2.1,No,13.9,11.0,2024-11-22,48.0,Linkedin,66.0,Yes,3.0,36,5.6,79716,91668,0
EMP0999,Lim Wong,Not Declared,1981-03-12,American,Asia Pacific,Japan,Tokyo,Legal,Legal Manager,G5,Onsite,2015-04-07,,Active,Expat,No,Not Applicable,Not Applicable,JPY,149.0,1078068,1239778,7235,8321,3,12.9,Yes,26.0,6.0,2024-03-28,57.0,Internal Transfer,20.0,Yes,3.0,43,9.7,86820,99852,0
EMP1000,Ahmad Huang,Female,1990-02-22,British,Asia Pacific,Japan,Tokyo,Delivery,Senior Delivery Manager,G6,Remote,2017-07-15,,Active,Full-Time,No,Not Applicable,Not Applicable,JPY,149.0,1200000,1380000,8054,9262,4,13.6,No,45.9,5.0,2023-10-19,50.0,Job Board,37.0,No,5.0,34,7.5,96648,111144,0
