Employee_ID,Full_Name,Gender,Date_of_Birth,Nationality,Region,Country,Office_Location,Department,Job_Title,Grade_Level,Work_Mode,Hire_Date,Exit_Date,Employment_Status,Employment_Type,Probation_Passed,Termination_Category,Termination_Reason,Currency,FX_Rate_to_USD,Monthly_Salary_Local,Monthly_CTC_Local,Monthly_Salary_USD,Monthly_CTC_USD,Performance_Rating,Last_Salary_Increase_Pct,Bonus_Received,Training_Hours_Year,Courses_Completed,Last_Training_Date,LD_Budget_Used_Pct,Recruitment_Source,Time_to_Hire_Days,Offer_Accepted,Interviewer_Rating
EMP0001,TAN CHEN,Female,26/12/1980,Malaysian,Asia Pacific,Singapore,Singapore,FINANCE,Finance Manager,G4,Onsite,2017-05-11,,Active,Full-time,Yes,,,SGD,1.35,"12,937","14,878",9583,11021,1,3.0%,Yes,45.4,4.0,July 08 2024,63.0,LinkedIn,35.0,Yes,3.0
EMP0002,Arun Ng,Male,August 31 1999,Malaysian,Asia Pacific,Singapore,Singapore,Sales,Account Executive,G2,Remote,18/02/2020,,Active,Full-time,Yes,,,SGD,1.35,"7,900",9085,5852,6730,3,5.3,No,57.3,11.0,27/05/2022,65.0,Referral,46.0,Yes,5.0
EMP0003,lee williams,Male,January 23 1981,Korean,Asia Pacific,Singapore,Singapore,Marketing,Marketing Specialist,G3,Remote,June 24 2021,2023-07-10,Terminated,Full-time,Yes,Involuntary,Misconduct,SGD,1.35,"$9,236",10621,6841,7867,4,8.9%,Yes,28.1,8.0,2021-01-24,9.0,Internal Transfer,58.0,Yes,4.0
EMP0004,Amanda Kumar,Female,1970-11-16,Australian,Asia Pacific,Singapore,Singapore,Legal,Legal Manager,G5,Hybrid,2017-09-13,February 25 2019,Terminated,Expatriate,YES,Involuntary,Misconduct,SGD,1.35,15333,"$17,633",11358,13061,4,4.0,No,12.7,3.0,2023-03-29,52.0,Job Board,72.0,Yes,3.0
EMP0005,Arun Brown,female,1988-04-05,Malaysian,Asia Pacific,Singapore,Singapore,HR,HR Assistant,G1,Hybrid,August 11 2023,,Active,Full-time,Yes,,,SGD,1.35,5352,6155,3964,4559,5,1.5,N,29.8,2.0,2023-05-25,27.0,Internal Transfer,69.0,Yes,5.0
EMP0006,Sophie Le,NB,1999-09-10,Korean,Asia Pacific,Singapore,Singapore,IT,Software Engineer,G2,Hybrid,2019-08-28,,Active,Full-time,Yes,,,SGD,1.35,7700,8855,5704,6559,2,8.8,Yes,68.8,3.0,April 27 2022,96.0,LinkedIn,23.0,Yes,3.0
EMP0007,RAVI WANG,Not Declared,1995-04-04,Australian,Asia Pacific,Singapore,Singapore,HR Dept,HR Specialist,G3,Hybrid,30/11/2020,,Resigned,contract,Yes,Voluntary,Relocation,SGD,1.35,11155,12828,8263,9502,4,0.1%,NO,39.8,2.0,August 08 2021,12.0,AGENCY,58.0,Yes,3.0
EMP0008,sarah smith,Female,May 11 1986,American,Asia Pacific,Singapore,Singapore,Sales,Regional Sales Manager,G6,Remote,2017-05-10,,Active,Full-time,Yes,,,SGD,1.35,"$16,936",19476,12545,14427,4,13.1,No,61.0,4.0,29/11/2022,98.0,Referral,18.0,Yes,4.0
EMP0009,Min Singh,Female,September 22 1984,Thai,Asia Pacific,Singapore,Singapore,Sales,Sales Executive,G1,Hybrid,17/09/2024,,Terminated,Full-time,Yes,Involuntary,Redundancy,SGD,1.35,6023,"6,926",4461,5130,3,1.6,Yes,18.8,8.0,,15.0,LinkedIn,15.0,Yes,4.0
EMP0010,michelle tan,Female,2000-05-20,Korean,Asia Pacific,Singapore,Singapore,Finance,Senior Finance Analyst,G3,Hybrid,2017-01-02,,Active,Full-time,yes,,,SGD,1.35,10688,"12,291",7917,9104,4,4.8,N,55.3,9.0,27/08/2024,81.0,Referral,51.0,yes,3.0
EMP0011,Ravi Li,Male,1977-11-21,Japanese,Asia Pacific,Singapore,Singapore,delivery,Project Manager,G3,Onsite,13/05/2018,-,Resigned,Full-time,Yes,Voluntary,Health Reasons,SGD,1.35,"$10,534",12114,7803,8973,4,12.5,Yes,44.6,4.0,July 22 2022,42.0,Referral,24.0,N,3.0
EMP0012,Michael Kumar,F,30/06/1987,British,Asia Pacific,Singapore,Singapore,Sales,Senior Account Executive,G3,Hybrid,23/01/2020,,Active,Full-time,Yes,,,SGD,1.35,9645,11092,7144,8216,4/5,6.1%,Yes,39.5,3.0,29/12/2024,12.0,Job Board,18.0,yes,5.0
EMP0013,Ravi Singh,Male,1970-11-30,Hong Konger,Asia Pacific,Singapore,Singapore,Finance,Finance Analyst,G2,Onsite,June 11 2021,,Active,Full-time,Yes,,,SGD,1.35,6821,7844,5053,5810,4,14.5%,No,63.1,3.0,September 30 2023,20.0,LinkedIn,88.0,Yes,3.0
EMP0014,Jose Kumar,Female,September 26 1974,Filipino,Asia Pacific,Singapore,Singapore,Legal,Legal Counsel,G3,Onsite,2021-11-19,,Active,Full-time,Yes,,,SGD,1.35,10374,11930,7684,8837,4,13.8,No,39.3,12.0,July 04 2023,39.0,Referral,26.0,N,4.0
EMP0015,Jessica Choi,Female,December 22 1998,Korean,Asia Pacific,Singapore,Singapore,I.T.,Senior Software Engineer,G3,Hybrid,June 27 2019,,Active,Full-time,Yes,,,SGD,1.35,10405,"11,966",7707,8864,3/5,8.3,yes,79.7,9.0,November 09 2023,42.0,Job Board,47.0,Yes,3.0
EMP0016,Arjun Choi,Male,12/08/1998,British,Asia Pacific,Singapore,Singapore,Sales,Senior Account Executive,G3,Onsite,April 07 2022,,Active,Full-time,Yes,,,SGD,1.35,11105,12771,8226,9460,3,12.9,Yes,9.0,8.0,June 01 2022,62.0,LINKEDIN,87.0,No,3.0
EMP0017,SOMCHAI GUO,M,October 18 1977,Chinese,Asia Pacific,Singapore,Singapore,HR,HR Executive,G2,Hybrid,April 08 2024,,Active,Full-time,Yes,,,SGD,1.35,7605,8746,5633,6479,4,6.8,No,74.2,11.0,10/02/2023,48.0,Internal Transfer,34.0,No,2.0
EMP0018,Li Zhang,Not Declared,03/05/1996,Singaporean,Asia Pacific,Singapore,Singapore,Sales,Sales Manager,G4,Onsite,December 19 2018,,Active,full time,Yes,,,SGD,1.35,13890,15973,10289,11832,3,8.8,Yes,41.4,2.0,20/08/2024,41.0,Recruitment Agency,28.0,Yes,4.0
EMP0019,Ravi Jones,Male,February 18 1979,Thai,Asia Pacific,Singapore,Singapore,Marketing,Marketing Assistant,G1,Hybrid,2024-06-08,31/12/2024,Terminated,Full-time,Yes,Involuntary,Performance,SGD,1.35,4006,4607,2967,3413,5,13.7,Yes,,7.0,August 21 2022,22.0,Job Board,46.0,n,3.0
EMP0020,Chen Charoenwong,Non Binary,1986-12-03,Vietnamese,Asia Pacific,Singapore,Singapore,Legal,Legal Manager,G5,Onsite,14/08/2017,,Active,Expat,Yes,,,SGD,1.35,"$14,968",17213,11087,12750,3,13.7,NO,79.1,11.0,November 08 2022,55.0,LinkedIn,90.0,Yes,5.0
EMP0021,Maria Yang,Female,1994-04-09,Singaporean,Asia Pacific,Singapore,Singapore,Mktg,Marketing Assistant,G1,Remote,06/01/2020,,Active,Full-time,Yes,,,SGD,1.35,"5,260",6049,3896,4481,5,6.7%,No,72.7,1.0,27/10/2023,82.0,Agency,70.0,n,4.0
EMP0022,Chen Tanaka,Female,19/12/2000,Thai,Asia Pacific,Singapore,Singapore,IT,Tech Lead,G4,Remote,2022-06-03,,Active,Full-time,Yes,,,SGD,1.35,12598,14488,9332,10732,3,10.5,Yes,67.1,7.0,17/07/2023,11.0,Linked In,78.0,Yes,4.0
EMP0023,Ahmad Le,Female,November 17 1977,Malaysian,Asia Pacific,Singapore,Singapore,Finance,Finance Manager,G4,Onsite,22/01/2020,,Active,contractor,Yes,,,SGD,1.35,13678,15730,10132,11652,3,12.1%,No,29.7,2.0,2024-08-17,97.0,Referral,43.0,Yes,5.0
EMP0024,Maria Liu,Male,1998-07-03,British,Asia Pacific,Singapore,Singapore,IT,Engineering Manager,G5,Onsite,22/04/2016,2020-03-18,Terminated,Full-time,No,Involuntary,Misconduct,SGD,1.35,14545,"16,727",10774,12390,3,10.1,No,25.1,2.0,July 22 2021,49.0,Agency,,Yes,5.0
EMP0025,Arjun Charoenwong,male,1995-04-30,Malaysian,Asia Pacific,Singapore,Singapore,HR,HR Business Partner,G4,Onsite,August 13 2019,,Active,full time,Yes,,,SGD,1.35,13854,"$15,932",10262,11801,1,12.9,no,13.9,5.0,24/12/2022,20.0,LinkedIn,60.0,n,3.0
EMP0026,Yuki Smith,Female,2001-12-15,American,Asia Pacific,Singapore,Singapore,IT,IT Support,G1,Hybrid,2020-08-30,,Active,Full-time,Yes,,,SGD,1.35,5259,6048,3896,4480,4,4.9,No,44.3,8.0,01/11/2024,64.0,linkedin,29.0,YES,4.0
EMP0027,Koh Wijaya,Not Declared,September 09 1972,Hong Konger,Asia Pacific,Singapore,Singapore,Marketing,Marketing Specialist,G3,Hybrid,September 29 2021,,Active,Contractor,Yes,,,SGD,1.35,"$11,112",12779,8231,9466,4,5.3%,Yes,20.2,11.0,14/09/2024,30.0,LinkedIn,86.0,Yes,4.0
EMP0028,Emma Lim,Female,14/02/1973,Indian,Asia Pacific,Singapore,Singapore,Delivery,Project Manager,G3,Hybrid,December 13 2022,,Active,fulltime,n,,,SGD,1.35,9656,11104,7153,8225,3/5,10.8,No,47.1,2.0,2022-04-18,24.0,Internal Transfer,,Yes,4.0
EMP0029,Tran Kumar,Female,18/11/1977,Indian,Asia Pacific,Singapore,Singapore,IT,Senior Software Engineer,G3,Onsite,2020-12-21,2021-12-09,Resigned,Full-time,no,Voluntary,Further Studies,SGD,1.35,10201,11731,7556,8690,4,10.6,YES,,,2023-08-01,74.0,LinkedIn,28.0,Y,4.0
EMP0030,RAVI HUANG,Female,1990-10-24,Japanese,Asia Pacific,Singapore,Singapore,Marketing,Senior Marketing Specialist,G4,Onsite,August 16 2020,,Active,Contractor,Yes,,,SGD,1.35,12115,"$13,932",8974,10320,2,6.6,n,24.9,1.0,December 22 2023,56.0,agency,19.0,Yes,2.0
EMP0031,Jose Zhang,Male,October 04 1971,Malaysian,Asia Pacific,Singapore,Singapore,Delivery,Project Manager,G3,Onsite,October 13 2018,14/08/2023,Resigned,Full-time,Yes,Voluntary,Further Studies,SGD,1.35,"$10,367",11922,7679,8831,2/5,1.4,No,43.4,2.0,17/10/2021,25.0,Job Board,25.0,Yes,4.0
EMP0032,min tan,Female,16/07/1974,Chinese,Asia Pacific,Singapore,Singapore,Sales,Senior Account Executive,G3,Onsite,21/06/2018,,Active,Full-time,n,,,SGD,1.35,9285,10678,6878,7910,4,9.4,No,58.8,1.0,2024-04-21,43.0,Referral,93.0,n,4.0
EMP0033,Fang Choi,Not Declared,August 05 1975,Thai,Asia Pacific,Singapore,Singapore,HR,HR Business Partner,G4,Hybrid,2022-10-04,,Active,FT,Yes,,,SGD,1.35,13961,16055,10341,11893,3,6.8,y,6.0,1.0,2024-03-22,55.0,Referral,25.0,Yes,
EMP0034,amanda smith,Female,29/08/1980,Thai,Asia Pacific,Singapore,Singapore,HR,HR Assistant,G1,Onsite,2024-02-16,2024-12-31,Resigned,Full-time,y,Voluntary,Health Reasons,SGD,1.35,4466,5136,3308,3804,1,5.3%,Yes,,8.0,May 19 2021,44.0,Int Transfer,64.0,Yes,
EMP0035,michael yang,Male,1972-10-30,Korean,Asia Pacific,Singapore,Singapore,Sales,Senior Sales Manager,G5,Hybrid,2015-06-29,-,Resigned,Expat,Yes,Voluntary,Relocation,SGD,1.35,15978,"$18,375",11836,13611,3,5.4,No,19.9,,March 31 2023,72.0,Job Board,38.0,Yes,5.0
EMP0036,CHEN JOHNSON,Female,31/07/1997,Filipino,Asia Pacific,Singapore,Singapore,Legal,Legal Counsel,G3,Hybrid,2021-07-22,-,Resigned,Full-time,Yes,Voluntary,Personal Reason,SGD,1.35,9021,10374,6682,7684,4,5.5%,Yes,36.3,5.0,07/06/2021,42.0,Job board,50.0,Yes,4.0
EMP0037,Ong Suwannarat,Male,03/09/1994,Chinese,Asia Pacific,Singapore,Singapore,Legal,Legal Manager,G5,Onsite,December 14 2016,,Active,EXPAT,Yes,,,SGD,1.35,14512,16689,10750,12362,3,2.1,NO,6.0,9.0,26/01/2024,52.0,Internal Transfer,26.0,Yes,4.0
EMP0038,tran kim,Male,April 07 1977,Indonesian,Asia Pacific,Singapore,Singapore,Delivery,Project Analyst,G2,Remote,October 23 2021,December 31 2024,Terminated,Full-time,Yes,Involuntary,Performance,SGD,1.35,6356,"7,309",4708,5414,5/5,2.3,No,36.3,0.0,2021-02-28,,Internal Transfer,41.0,NO,4.0
EMP0039,Ng Santoso,Male,1986-08-15,Chinese,Asia Pacific,Singapore,Singapore,MARKETING,Marketing Assistant,G1,Hybrid,December 31 2021,,Active,Full-time,Yes,,,SGD,1.35,"3,907",4493,2894,3328,5,13.0,Yes,77.2,3.0,2023-11-02,94.0,Agency,35.0,Yes,4.0
EMP0040,Somchai Wijaya,Female,1972-01-12,Filipino,Asia Pacific,Singapore,Singapore,Human Resources,HR Specialist,G3,Hybrid,28/03/2020,,Active,Full-time,Y,,,SGD,1.35,10638,12234,7880,9062,3,14.8,No,13.0,2.0,March 17 2024,44.0,Agency,61.0,Yes,4.0
EMP0041,Dewi Brown,Female,1984-11-10,Taiwanese,Asia Pacific,Singapore,Singapore,HR Dept,HR Manager,G6,Onsite,20/04/2015,,Active,Full-time,Yes,,,SGD,1.35,17636,20281,13064,15023,5,8.7,Yes,7.9,8.0,December 16 2022,57.0,Internal Transfer,63.0,Yes,2.0
EMP0042,Wong Brown,Female,October 08 1977,Vietnamese,Asia Pacific,Singapore,Singapore,Marketing,Marketing Executive,G2,Onsite,18/12/2021,,Active,Full-time,Yes,,,SGD,1.35,6537,"$7,518",4842,5569,4/5,3.4,n,26.6,5.0,March 01 2023,72.0,Job Board,59.0,Yes,4.0
EMP0043,Raj Park,non-binary,March 25 2001,Thai,Asia Pacific,Singapore,Singapore,Finance,Finance Assistant,G1,Hybrid,December 15 2024,,Active,Full-time,Yes,,,SGD,1.35,"$4,022",4625,2979,3426,3,7.1,n,14.4,9.0,20/11/2022,47.0,Jobboard,40.0,Yes,3.0
EMP0044,Wei Pham,Male,January 11 1985,Thai,Asia Pacific,Singapore,Singapore,IT,Senior Engineering Manager,G6,Remote,03/07/2016,,Active,Expat,Y,,,SGD,1.35,16562,"$19,046",12268,14108,2,2.4,Yes,23.6,3.0,29/01/2022,76.0,Agency,39.0,Yes,5.0
EMP0045,Wei Nguyen,Male,1972-10-14,Taiwanese,Asia Pacific,Singapore,Singapore,H.R.,HR Specialist,G3,Hybrid,August 21 2022,,Resigned,Contractor,n,Voluntary,Personal Reason,SGD,1.35,"$9,373",10779,6943,7984,2/5,2.3,No,25.0,7.0,24/03/2022,54.0,Int Transfer,25.0,Yes,3.0
EMP0046,Arjun Choi,Female,23/12/1970,Filipino,Asia Pacific,Singapore,Singapore,Legal,Senior Legal Counsel,G4,Onsite,July 05 2017,,Active,Full-time,Yes,,,SGD,1.35,"$13,020","14,973",9644,11091,2,13.4,NO,39.9,5.0,2024-04-17,26.0,Referral,68.0,Yes,4.0
EMP0047,Sophie Lin,Female,November 11 1993,Filipino,Asia Pacific,Singapore,Singapore,Sales,Account Executive,G2,Hybrid,2022-02-03,November 07 2023,Resigned,Full-time,y,Voluntary,Personal Reason,SGD,1.35,6121,7039,4534,5214,4,6.7%,No,14.7,,March 21 2022,62.0,Referral,52.0,Yes,4.0
EMP0048,Lee Guo,NB,1984-04-19,Korean,Asia Pacific,Singapore,Singapore,Tech,Senior Software Engineer,G3,Hybrid,April 24 2022,,Active,Full-time,YES,,,SGD,1.35,10854,12482,8040,9246,2,6.9,Yes,35.4,7.0,2024-12-21,22.0,Referral,57.0,YES,5.0
EMP0049,Koh Brown,Not Declared,July 27 2001,Malaysian,Asia Pacific,Singapore,Singapore,Information Technology,Engineering Manager,G5,Onsite,April 09 2019,,Active,Full-time,Yes,,,SGD,1.35,14946,17188,11071,12732,3,13.2,Yes,65.0,12.0,August 19 2024,79.0,Agency,62.0,Yes,
EMP0050,Jessica Huang,Female,19/07/1977,Korean,Asia Pacific,Singapore,Singapore,Sales,Account Executive,G2,Onsite,23/06/2024,2024-12-31,Resigned,fulltime,Yes,Voluntary,Health Reasons,SGD,1.35,"6,922","$7,960",5127,5896,4/5,3.5%,No,,5.0,,75.0,Job Board,17.0,Yes,1.0
EMP0051,Yuki Zhang,Female,August 04 1990,Hong Konger,Asia Pacific,Singapore,Singapore,FINANCE,Finance Director,G6,Hybrid,2015-11-27,-,Resigned,Full-time,Yes,Voluntary,Personal Reason,SGD,1.35,16245,"18,682",12033,13839,1/5,2.6,Yes,47.1,1.0,29/03/2021,72.0,Internal Transfer,20.0,No,3.0
EMP0052,Haruto Tan,Male,18/06/1992,Korean,Asia Pacific,Singapore,Singapore,Legal,Legal Assistant,G1,Hybrid,November 08 2019,,Active,FT,Y,,,SGD,1.35,6005,"$6,906",4448,5116,3/5,11.6,Yes,24.8,8.0,01/10/2024,31.0,internal,70.0,n,3.0
EMP0053,Michelle Choi,Male,1971-03-07,Australian,Asia Pacific,Singapore,Singapore,Legal,Legal Counsel,G3,Remote,2017-02-20,,Active,Full-time,Yes,,,SGD,1.35,9062,"$10,421",6713,7719,5/5,13.6,No,47.5,3.0,19/02/2024,25.0,Agency,78.0,Yes,3.0
EMP0054,Jose Smith,Not Declared,February 09 1976,Thai,Asia Pacific,Singapore,Singapore,Legal,Legal Counsel,G3,Hybrid,December 29 2018,,Terminated,Intern,Yes,Involuntary,Misconduct,SGD,1.35,10759,12373,7970,9165,3,1.7,Yes,32.7,8.0,,75.0,Referral,52.0,Yes,5.0
EMP0055,SEO PARK,Female,22/06/2001,American,Asia Pacific,Singapore,Singapore,Sales,Senior Account Executive,G3,Hybrid,October 14 2019,,Active,Full-time,Yes,,,SGD,1.35,"10,366","$11,921",7679,8830,1,14.8,NO,34.4,6.0,31/05/2024,20.0,LinkedIn,80.0,Yes,4.0
EMP0056,Ananya Kim,f,19/05/1974,Vietnamese,Asia Pacific,Singapore,Singapore,Del,Senior Project Manager,G4,Hybrid,2017-07-03,,Active,Contractor,Yes,,,SGD,1.35,"$13,735",15795,10174,11700,4,10.2,Yes,78.8,4.0,November 22 2024,26.0,REFERRAL,69.0,no,4.0
EMP0057,Somchai Guo,Not Declared,September 02 1998,Indonesian,Asia Pacific,Singapore,Singapore,Marketing,Marketing Executive,G2,Onsite,2022-11-26,,Active,Full-time,Yes,,,SGD,1.35,6365,7320,4715,5422,4,12.0%,No,48.9,11.0,October 02 2022,38.0,REFERRAL,38.0,Yes,3.0
EMP0058,jessica tan,Female,March 11 1995,Chinese,Asia Pacific,Singapore,Singapore,Delivery,Project Manager,G3,Hybrid,2021-12-24,,Active,Full-time,Yes,,,SGD,1.35,8937,10278,6620,7613,4,4.4,no,44.9,3.0,25/07/2024,61.0,Job Board,29.0,YES,4.0
EMP0059,Meera Koh,Not Declared,2000-11-29,Indonesian,Asia Pacific,Singapore,Singapore,Sales,Sales Manager,G4,Hybrid,July 25 2018,,Resigned,Contractor,no,Voluntary,Health Reasons,SGD,1.35,12156,"$13,979",9004,10355,5,4.4,Yes,30.9,1.0,,33.0,LinkedIn,31.0,Yes,3.0
EMP0060,Fang Williams,Female,1996-02-08,Singaporean,Asia Pacific,Singapore,Singapore,Sls,Sales Manager,G4,Onsite,21/02/2022,,Active,Full Time,Yes,,,SGD,1.35,"$13,737",15798,10176,11702,4,6.0%,No,66.7,8.0,2023-07-04,39.0,Agency,88.0,Yes,4.0
EMP0061,Ahmad Huang,male,1986-09-06,Taiwanese,Asia Pacific,Singapore,Singapore,Delivery,Project Analyst,G2,Onsite,17/08/2021,,Active,Full Time,Yes,,,SGD,1.35,"6,186",7114,4582,5270,3/5,1.2,Yes,43.5,8.0,January 20 2022,11.0,AGENCY,69.0,Yes,3.0
EMP0062,THOMAS CHAN,MALE,12/04/1976,Japanese,Asia Pacific,Singapore,Singapore,HR,HR Specialist,G3,Hybrid,2021-10-25,,Active,Full-time,Yes,,,SGD,1.35,9508,10934,7043,8099,2/5,8.3,Yes,50.2,12.0,24/02/2022,86.0,Agency,92.0,n,3.0
EMP0063,MEERA WANG,Male,August 14 1970,Thai,Asia Pacific,Singapore,Singapore,Finance,Finance Assistant,G1,Remote,2023-06-19,,Active,Intern,Yes,,,SGD,1.35,4952,5695,3668,4219,3/5,10.5,Y,44.8,10.0,2022-11-09,35.0,agency,41.0,No,3.0
EMP0064,David Jones,Not Declared,March 15 1993,Japanese,Asia Pacific,Singapore,Singapore,Sales,Sales Manager,G4,Hybrid,2020-01-06,,Active,Full-time,Yes,,,SGD,1.35,"$13,853",15931,10261,11801,3,6.4,yes,24.0,10.0,June 07 2022,55.0,Internal Transfer,78.0,Yes,3.0
EMP0065,Lee Reyes,m,1988-09-02,American,Asia Pacific,Singapore,Singapore,Delivery,Project Analyst,G2,Onsite,04/05/2020,-,Resigned,Full-time,Yes,Voluntary,Better Opportunity,SGD,1.35,"$7,044",8101,5218,6001,3,12.7,Yes,0.5,4.0,2022-05-12,47.0,Job Board,40.0,Yes,4.0
EMP0066,Jessica Patel,Male,2001-12-03,Thai,Asia Pacific,Singapore,Singapore,HR Dept,HR Assistant,G1,Remote,29/10/2024,2024-12-31,Resigned,Full-time,NO,Voluntary,Personal Reason,SGD,1.35,4705,5411,3485,4008,4/5,0.9%,No,,5.0,March 16 2023,59.0,Agency,44.0,NO,4.0
EMP0067,Sarah Zhang,Female,11/10/1987,Chinese,Asia Pacific,Singapore,Singapore,HR,HR Business Partner,G4,Remote,2018-12-14,,Active,full time,n,,,SGD,1.35,"12,814",14736,9492,10916,4/5,3.7,N,65.1,3.0,September 06 2022,11.0,Referral,66.0,N,4.0
EMP0068,Emma Santoso,Male,May 03 1982,Thai,Asia Pacific,Singapore,Singapore,IT,Engineering Manager,G5,Onsite,03/10/2017,,Active,Full-time,y,,,SGD,1.35,"$16,278",18720,12058,13867,3,1.3,Yes,35.9,11.0,December 12 2024,32.0,Internal Transfer,63.0,Yes,4.0
EMP0069,Nguyen Koh,Female,09/12/1993,British,Asia Pacific,Singapore,Singapore,Sales,Senior Sales Manager,G5,Onsite,2017-06-17,2022-04-22,Terminated,Full-time,Yes,Involuntary,Redundancy,SGD,1.35,16100,"18,515",11926,13715,4/5,13.7,YES,56.9,3.0,October 06 2023,14.0,LinkedIn,44.0,Yes,
EMP0070,Fang Guo,male,1985-02-05,Thai,Asia Pacific,Singapore,Singapore,Legal,Legal Assistant,G1,Onsite,25/11/2023,,Terminated,intern,Yes,Involuntary,Performance,SGD,1.35,5156,"5,929",3819,4392,3,4.6,No,,6.0,2021-03-08,,Agency,93.0,n,5.0
EMP0071,Ng Reyes,Female,1992-02-13,American,Asia Pacific,Singapore,Singapore,IT,Software Engineer,G2,Hybrid,May 17 2024,,Active,Contractor,Yes,,,SGD,1.35,7724,8883,5721,6580,3/5,6.8,No,6.5,1.0,15/10/2023,34.0,LinkedIn,36.0,No,2.0
EMP0072,Ng Park,Female,May 05 1983,Malaysian,Asia Pacific,Singapore,Singapore,HR,HR Assistant,G1,Hybrid,2023-01-17,,Active,Full-time,Yes,,,SGD,1.35,"5,701",6556,4223,4856,4,7.2,YES,19.7,11.0,2023-08-21,98.0,Job Board,54.0,Yes,5.0
EMP0073,Seo Tanaka,Male,May 14 1987,British,Asia Pacific,Singapore,Singapore,Marketing,Marketing Specialist,G3,Onsite,August 24 2019,,Active,FT,Yes,,,SGD,1.35,10959,"$12,603",8118,9336,4,7.5,No,64.8,11.0,October 29 2022,21.0,Job Board,36.0,No,3.0
EMP0074,Lim Liu,Female,January 18 1975,Filipino,Asia Pacific,Singapore,Singapore,Finance,Finance Assistant,G1,Remote,2020-02-18,-,Resigned,Internship,Yes,Voluntary,Further Studies,SGD,1.35,4887,5620,3620,4163,3/5,6.0,Yes,24.1,5.0,April 11 2021,74.0,Agency,,Yes,3.0
EMP0075,Fang Patel,Male,11/12/1972,Thai,Asia Pacific,Singapore,Singapore,Delivery,Project Manager,G3,Onsite,18/11/2022,,Active,Contractor,Yes,,,SGD,1.35,9312,"$10,709",6898,7933,4/5,12.6%,Yes,38.7,6.0,2023-02-12,35.0,Job Board,30.0,Yes,4.0
EMP0076,Ong Chan,Female,09/01/1993,Singaporean,Asia Pacific,Singapore,Singapore,Sales,Sales Manager,G4,Hybrid,2018-06-26,,Active,Full-time,Yes,,,SGD,1.35,11785,13553,8730,10039,3,12.1%,no,77.5,11.0,July 18 2023,48.0,Job Board,73.0,Yes,4.0
EMP0077,Lee Huang,Male,March 16 1993,Japanese,Asia Pacific,Singapore,Singapore,Finance,Senior Finance Manager,G5,Onsite,2016-07-27,,Active,Expat,Yes,,,SGD,1.35,16544,19026,12255,14093,3,6.3,Yes,6.7,12.0,2023-01-24,41.0,Referral,75.0,No,4.0
EMP0078,Dewi Reyes,Female,1986-09-03,Thai,Asia Pacific,Singapore,Singapore,Marketing,Marketing Executive,G2,Hybrid,19/10/2019,,Active,Full-time,Yes,,,SGD,1.35,"6,243",7179,4624,5318,4,7.9,YES,70.2,3.0,2022-10-09,99.0,Agency,87.0,No,3.0
EMP0079,Yuki Smith,Female,18/03/1970,Singaporean,Asia Pacific,Singapore,Singapore,Marketing,Marketing Executive,G2,Remote,August 12 2022,,Active,Contractor,Yes,,,SGD,1.35,"6,007",6908,4450,5117,1,11.0%,Yes,70.7,5.0,22/09/2022,19.0,Internal,36.0,Yes,
EMP0080,James Chan,Non Binary,August 20 1992,Indian,Asia Pacific,Singapore,Singapore,Human Resources,HR Executive,G2,Hybrid,November 13 2021,,Active,Contractor,YES,,,SGD,1.35,7343,8444,5439,6255,1,1.6,No,7.7,2.0,May 03 2024,50.0,LinkedIn,75.0,Yes,4.0
EMP0081,seo le,Not Declared,07/04/1992,American,Asia Pacific,Singapore,Singapore,Finance,Finance Manager,G4,Hybrid,January 12 2017,,Active,Full-time,Yes,,,SGD,1.35,"$12,021","13,824",8904,10240,4,7.4,N,63.2,2.0,27/07/2022,91.0,Referral,52.0,Yes,5.0
EMP0082,Ng Zhang,Female,1978-03-16,Australian,Asia Pacific,Singapore,Singapore,IT,Senior Software Engineer,G3,Hybrid,April 29 2021,,Active,Full-time,n,,,SGD,1.35,"$9,843","11,319",7291,8384,5,2.5,Yes,59.2,3.0,August 01 2022,47.0,Internal Transfer,87.0,Yes,3.0
EMP0083,Ng Yamamoto,Female,1993-04-14,Chinese,Asia Pacific,Singapore,Singapore,Delivery,Senior Project Manager,G4,Hybrid,October 16 2019,,Active,Full-time,Yes,,,SGD,1.35,13253,15241,9817,11290,2,12.4,n,50.6,1.0,November 18 2022,56.0,Job Board,36.0,N,3.0
EMP0084,Priya Choi,Male,February 07 1997,Hong Konger,Asia Pacific,Singapore,Singapore,Delivery,Project Analyst,G2,Onsite,February 12 2024,,Active,intern,Yes,,,SGD,1.35,6091,7005,4512,5189,3/5,6.8%,Yes,51.1,8.0,2024-01-15,74.0,LinkedIn,43.0,Yes,4.0
EMP0085,chan charoenwong,Female,01/02/1972,American,Asia Pacific,Singapore,Singapore,Delivery,Senior Project Manager,G4,Onsite,20/01/2022,,Active,Full-time,Yes,,,SGD,1.35,12935,14875,9581,11019,5,0.1,N,46.0,7.0,September 16 2024,93.0,Referral,37.0,Yes,3.0
EMP0086,Koh Choi,Male,1979-05-29,Hong Konger,Asia Pacific,Singapore,Singapore,Delivery,Project Analyst,G2,Remote,2020-06-27,,Active,Intern,Y,,,SGD,1.35,8188,"$9,416",6065,6975,4/5,10.4,Yes,12.8,6.0,September 10 2024,62.0,Job board,83.0,y,5.0
EMP0087,Koh Huang,Male,1992-12-01,Japanese,Asia Pacific,Singapore,Singapore,Sales,Sales Manager,G4,Onsite,2017-07-12,,Active,Contractor,Y,,,SGD,1.35,"13,985","$16,083",10359,11913,5,4.7,no,5.0,5.0,2023-02-20,66.0,Job Board,62.0,Yes,4.0
EMP0088,sarah sharma,Female,10/10/1996,Singaporean,Asia Pacific,Singapore,Singapore,Sales,Senior Sales Manager,G5,Hybrid,January 06 2019,,Active,FT,Yes,,,SGD,1.35,15449,17766,11444,13160,5,7.8,No,16.1,9.0,2024-04-06,18.0,Referral,57.0,Yes,5.0
EMP0089,Budi Singh,Female,January 26 1993,Japanese,Asia Pacific,Singapore,Singapore,Marketing,Marketing Specialist,G3,Hybrid,2019-02-28,,Active,Full-time,n,,,SGD,1.35,"9,088","$10,451",6732,7741,5/5,11.6,y,51.6,4.0,13/03/2023,88.0,Job Board,41.0,Yes,5.0
EMP0090,Yuki Smith,Female,15/03/2000,Australian,Asia Pacific,Singapore,Singapore,Marketing,Marketing Assistant,G1,Onsite,2019-07-06,,Active,Intern,Yes,,,SGD,1.35,5943,6834,4402,5062,2/5,11.8,yes,10.6,8.0,2024-02-21,46.0,LinkedIn,83.0,Yes,4.0
EMP0091,Michelle Zhang,Female,02/07/1979,Filipino,Asia Pacific,Singapore,Singapore,Del,Delivery Manager,G5,Hybrid,2017-06-23,,Active,full time,Yes,,,SGD,1.35,14496,16670,10738,12348,4,8.5,Yes,61.1,9.0,02/08/2024,68.0,LinkedIn,23.0,NO,4.0
EMP0092,Ji Ong,Female,May 31 1982,British,Asia Pacific,Singapore,Singapore,Legal,Legal Assistant,G1,Remote,2024-03-10,,Active,Full-time,Yes,,,SGD,1.35,4920,5658,3644,4191,2,9.7,Yes,25.3,3.0,07/02/2023,34.0,linkedin,17.0,Yes,5.0
EMP0093,Kevin Kumar,Not Declared,2000-09-09,Indian,Asia Pacific,Singapore,Singapore,Sales,Senior Account Executive,G3,Hybrid,August 22 2018,,Active,Full-time,Yes,,,SGD,1.35,9697,11152,7183,8261,3,7.3,Yes,32.1,1.0,2023-02-28,57.0,Agency,73.0,No,
EMP0094,Min Kim,Female,03/11/1991,Japanese,Asia Pacific,Singapore,Singapore,it,Engineering Manager,G5,Onsite,2016-07-23,,Active,Full-time,yes,,,SGD,1.35,"15,424",17738,11425,13139,3,2.3,Yes,49.8,2.0,April 17 2023,47.0,Recruitment Agency,76.0,Yes,4.0
EMP0095,Budi Zhang,NB,February 23 1991,British,Asia Pacific,Singapore,Singapore,it,Software Engineer,G2,Onsite,2021-01-14,,Active,Full-time,yes,,,SGD,1.35,6354,7307,4707,5413,4,13.8%,Yes,9.2,7.0,2024-02-29,22.0,LinkedIn,79.0,Yes,4.0
EMP0096,Meera Dela Cruz,Not Declared,May 20 1974,Filipino,Asia Pacific,Singapore,Singapore,Finance,Finance Analyst,G2,Remote,10/12/2019,2024-12-31,Resigned,Full-time,Yes,Voluntary,Relocation,SGD,1.35,6238,7174,4621,5314,1/5,9.8,NO,21.7,,04/06/2022,43.0,Internal Transfer,50.0,No,3.0
EMP0097,Nguyen Chan,Female,September 12 1994,Hong Konger,Asia Pacific,Singapore,Singapore,Delivery,Senior Project Manager,G4,Hybrid,January 22 2017,03/11/2022,Resigned,contractor,Yes,Voluntary,Health Reasons,SGD,1.35,12625,"$14,519",9352,10755,4,10.9,No,39.4,0.0,25/12/2021,35.0,Referral,81.0,Yes,
EMP0098,Koh Wang,Not Declared,October 06 1982,Korean,Asia Pacific,Singapore,Singapore,Sales,Senior Account Executive,G3,Hybrid,07/02/2020,,Terminated,full time,Yes,Involuntary,Misconduct,SGD,1.35,10039,11545,7436,8552,4,7.5,Yes,,4.0,May 28 2022,77.0,Internal Transfer,46.0,Yes,4.0
EMP0099,Ahmad Santos,Female,May 30 1973,Chinese,Asia Pacific,Singapore,Singapore,Finance,Senior Finance Analyst,G3,Hybrid,2020-01-08,,Active,Full-time,Yes,,,SGD,1.35,"$11,023",12676,8165,9390,3,11.1,Yes,22.4,5.0,28/02/2023,31.0,Referral,60.0,Yes,5.0
EMP0100,Kevin Tran,Not Declared,1975-10-03,Singaporean,Asia Pacific,Singapore,Singapore,Marketing,Senior Marketing Specialist,G4,Remote,May 14 2017,,Active,Full-time,N,,,SGD,1.35,13357,15361,9894,11379,3,14.6%,NO,39.0,12.0,2022-01-18,11.0,Referral,27.0,Yes,3.0
EMP0101,Michelle Smith,MALE,July 17 1976,Japanese,Asia Pacific,Singapore,Singapore,Delivery,Delivery Coordinator,G1,Hybrid,August 08 2024,-,Resigned,Full-time,Yes,Voluntary,Health Reasons,SGD,1.35,5094,5858,3773,4339,4,6.0%,No,,7.0,17/07/2021,27.0,Agency,86.0,NO,1.0
EMP0102,Tan Charoenwong,Not Declared,August 23 1995,Filipino,Asia Pacific,Singapore,Singapore,sales,Senior Sales Manager,G5,Hybrid,23/07/2017,,Active,full time,Yes,,,SGD,1.35,"15,878",18260,11761,13526,4,5.9%,No,63.4,6.0,2024-12-02,97.0,Job Board,17.0,Yes,3.0
EMP0103,Dewi Ong,Female,17/11/1989,Taiwanese,Asia Pacific,Singapore,Singapore,Finance,Finance Assistant,G1,Hybrid,2023-01-01,,Active,Contractor,Yes,,,SGD,1.35,4895,"$5,629",3626,4170,5,8.1,Yes,37.8,12.0,29/12/2022,63.0,Job Board,87.0,Yes,4.0
EMP0104,Jessica Brown,Female,1983-02-21,Hong Konger,Asia Pacific,Singapore,Singapore,FINANCE,Finance Manager,G4,Hybrid,2021-11-26,,Active,Full-time,Yes,,,SGD,1.35,13475,"15,496",9981,11479,3/5,5.7,YES,36.1,4.0,24/11/2024,79.0,Internal Transfer,49.0,Yes,5.0
EMP0105,Ng Kumar,Male,1970-08-30,Vietnamese,Asia Pacific,Singapore,Singapore,Finance,Finance Analyst,G2,Onsite,03/08/2024,,Active,Intern,Yes,,,SGD,1.35,7801,"$8,971",5779,6645,3,12.7,No,8.3,7.0,27/05/2022,59.0,Referral,47.0,yes,3.0
EMP0106,Koh Choi,Female,03/08/1991,Taiwanese,Asia Pacific,Singapore,Singapore,Lgl,Legal Executive,G2,Remote,11/06/2021,,Active,Intern,Yes,,,SGD,1.35,"6,972",8018,5164,5939,1,11.9%,Yes,34.1,4.0,January 19 2022,97.0,Internal Transfer,75.0,Yes,4.0
EMP0107,THOMAS NG,Female,January 25 1986,Korean,Asia Pacific,Singapore,Singapore,finance,Finance Analyst,G2,Hybrid,November 28 2023,,Active,Full-time,Yes,,,SGD,1.35,7102,8167,5261,6050,4,8.2,Yes,39.6,10.0,November 25 2022,16.0,REFERRAL,48.0,Yes,4.0
EMP0108,lee suwannarat,Not Declared,1999-07-23,Australian,Asia Pacific,Singapore,Singapore,HR,HR Business Partner,G4,Hybrid,May 09 2017,,Active,fulltime,Yes,,,SGD,1.35,"11,994",13793,8884,10217,4,12.5,NO,44.0,12.0,June 09 2023,14.0,Ref,24.0,Yes,4.0
EMP0109,haruto ng,Male,28/07/1995,Taiwanese,Asia Pacific,Singapore,Singapore,Finance,Senior Finance Analyst,G3,Onsite,06/01/2021,,Active,Full-time,Yes,,,SGD,1.35,9856,11334,7301,8396,2,11.9,Yes,42.4,11.0,20/11/2022,58.0,internal,60.0,No,5.0
EMP0110,Suresh Singh,Female,April 18 1970,Thai,Asia Pacific,Singapore,Singapore,Finance,Finance Analyst,G2,Hybrid,04/02/2022,,Active,contractor,Yes,,,SGD,1.35,7289,"8,382",5399,6209,4/5,1.4,Yes,15.9,5.0,22/01/2024,90.0,Referral,53.0,Yes,5.0
EMP0111,Meera Ong,Not Declared,July 07 1970,Taiwanese,Asia Pacific,Singapore,Singapore,Sales,Senior Account Executive,G3,Hybrid,2017-06-18,,Active,Full-time,Yes,,,SGD,1.35,9623,11066,7128,8197,4,2.3,No,79.8,8.0,October 30 2024,18.0,Job Board,65.0,Yes,4.0
EMP0112,Nattaporn Smith,Not Declared,1974-01-07,Australian,Asia Pacific,Singapore,Singapore,Delivery,Project Manager,G3,Hybrid,2020-08-06,,Active,Full-time,Yes,,,SGD,1.35,"$10,651","12,249",7890,9073,3,5.2%,No,65.0,10.0,October 26 2022,50.0,Referral,62.0,Yes,2.0
EMP0113,Ravi Nguyen,Not Declared,May 04 1976,Korean,Asia Pacific,Singapore,Singapore,Delivery,Senior Project Manager,G4,Onsite,28/11/2022,,Active,Full-time,Yes,,,SGD,1.35,12424,"14,288",9203,10584,4/5,9.3,Yes,53.8,1.0,May 17 2022,45.0,agency,61.0,Yes,
EMP0114,Dewi Charoenwong,Male,October 29 1970,Indonesian,Asia Pacific,Singapore,Singapore,Delivery,Project Analyst,G2,Hybrid,2024-08-15,,Active,Full-time,Yes,,,SGD,1.35,6563,"7,547",4861,5590,3,15.0,No,75.8,5.0,2023-04-07,24.0,Job Board,26.0,Yes,4.0
EMP0115,Chan Kim,Female,06/07/1976,Taiwanese,Asia Pacific,Singapore,Singapore,Marketing,Marketing Manager,G5,Hybrid,December 23 2020,,Active,Contractor,Yes,,,SGD,1.35,14967,17212,11087,12750,5,10.9,No,70.9,7.0,22/04/2024,37.0,AGENCY,39.0,Yes,4.0
EMP0116,james lee,Male,April 30 1988,Japanese,Asia Pacific,Singapore,Singapore,HR,Senior HR Business Partner,G5,Hybrid,April 10 2017,,Active,Expat,Yes,,,SGD,1.35,16381,"$18,838",12134,13954,5,13.0,Yes,28.7,8.0,May 21 2023,48.0,linked in,63.0,Yes,5.0
EMP0117,tan patel,Female,November 09 1987,American,Asia Pacific,Singapore,Singapore,Legal,Senior Legal Counsel,G4,Hybrid,2021-09-27,-,Resigned,fulltime,Yes,Voluntary,Better Opportunity,SGD,1.35,"$12,927",14866,9576,11012,3,8.8,n,23.6,0.0,,57.0,referral,26.0,Yes,5.0
EMP0118,Arun Guo,Male,1976-06-27,Indian,Asia Pacific,Singapore,Singapore,Sales,Sales Manager,G4,Hybrid,2022-01-02,,Active,Full-time,Yes,,,SGD,1.35,13850,"15,927",10259,11798,5/5,0.1,no,4.9,8.0,October 18 2024,59.0,LinkedIn,78.0,Yes,4.0
EMP0119,JOSE ZHANG,Female,1977-12-30,Indian,Asia Pacific,Singapore,Singapore,Del,Project Analyst,G2,Remote,January 15 2023,,Active,Contractor,no,,,SGD,1.35,6659,7658,4933,5673,3,5.7,Yes,36.5,9.0,13/05/2022,36.0,Referral,50.0,Yes,3.0
EMP0120,Jessica Wong,M,14/10/2001,Thai,Asia Pacific,Singapore,Singapore,Finance,Finance Assistant,G1,Hybrid,April 28 2020,,Active,Intern,Y,,,SGD,1.35,5218,6001,3865,4445,3,0.7%,Y,65.3,4.0,January 24 2022,68.0,Agency,23.0,Yes,3.0
EMP0121,Jose Williams,Female,06/07/1972,British,Asia Pacific,Singapore,Singapore,Marketing,Marketing Executive,G2,Onsite,18/03/2019,,Active,Full-time,Yes,,,SGD,1.35,"$7,820",8993,5793,6661,5,5.3,No,25.3,1.0,2023-11-26,99.0,internal,88.0,Yes,3.0
EMP0122,Ahmad Johnson,f,1992-06-06,Indian,Asia Pacific,Singapore,Singapore,Fin,Finance Analyst,G2,Onsite,November 14 2024,,Active,Full-time,Yes,,,SGD,1.35,7750,8912,5741,6601,2,14.7,Yes,79.4,4.0,2022-03-16,51.0,Internal Transfer,54.0,no,4.0
EMP0123,Wei Liu,Male,April 08 1979,Chinese,Asia Pacific,Singapore,Singapore,Legal,Legal Counsel,G3,Hybrid,06/03/2020,,Active,Full-time,Yes,,,SGD,1.35,9587,11025,7101,8167,5,8.1,n,6.2,11.0,2022-04-14,20.0,LinkedIn,65.0,Yes,4.0
EMP0124,Chan Williams,Male,12/06/1976,British,Asia Pacific,Singapore,Singapore,Marketing,Marketing Executive,G2,Hybrid,September 15 2022,-,Resigned,Contractor,Yes,Voluntary,Further Studies,SGD,1.35,7075,8136,5241,6027,4,4.2%,Yes,30.5,1.0,May 26 2021,43.0,Job Board,45.0,n,5.0
EMP0125,MARIA CHOI,Female,26/11/1977,Thai,Asia Pacific,Singapore,Singapore,IT,IT Support,G1,Onsite,April 02 2023,,Active,Full-time,Yes,,,SGD,1.35,3933,"4,523",2913,3350,3/5,2.1,Yes,61.4,1.0,2022-10-28,69.0,Job Board,64.0,yes,3.0
EMP0126,Wei Choi,female,1974-12-03,British,Asia Pacific,Singapore,Singapore,Legal,Legal Manager,G5,Hybrid,03/06/2019,,Active,Full-time,Yes,,,SGD,1.35,"$15,172","$17,448",11239,12924,3,3.2,Yes,14.6,9.0,February 27 2024,86.0,Agency,34.0,Yes,3.0
EMP0127,Emma Williams,Not Declared,10/03/1990,Filipino,Asia Pacific,Singapore,Singapore,Legal,Legal Executive,G2,Onsite,2024-08-02,,Active,Contractor,Yes,,,SGD,1.35,7129,8198,5281,6073,3,8.2,Yes,78.3,10.0,September 16 2024,73.0,Linked In,25.0,Yes,5.0
EMP0128,Wei Brown,F,30/09/1995,Korean,Asia Pacific,Singapore,Singapore,LEGAL,Legal Counsel,G3,Hybrid,25/05/2017,,Active,Full-time,YES,,,SGD,1.35,9570,11006,7089,8153,4,3.9%,Yes,47.9,10.0,2022-04-16,69.0,Agency,94.0,Yes,3.0
EMP0129,Priya Charoenwong,Male,September 18 1996,American,Asia Pacific,Singapore,Singapore,Sales,Account Executive,G2,Onsite,August 19 2023,,Active,Contractor,Yes,,,SGD,1.35,"$6,986","8,034",5175,5951,4,3.2,No,30.2,11.0,June 26 2023,78.0,LinkedIn,74.0,NO,4.0
EMP0130,Jin Liu,Female,January 10 1985,Thai,Asia Pacific,Singapore,Singapore,Legal,Senior Legal Counsel,G4,Onsite,2021-05-22,,Active,full time,y,,,SGD,1.35,12326,"14,175",9130,10500,4,11.6%,Yes,55.5,3.0,October 04 2023,59.0,LinkedIn,16.0,Yes,4.0
EMP0131,tran wu,f,1990-12-12,Taiwanese,Asia Pacific,Singapore,Singapore,HR,HR Specialist,G3,Onsite,2020-08-17,,Active,Full-time,Yes,,,SGD,1.35,"$9,508","$10,934",7043,8099,2,5.8,No,23.6,5.0,31/12/2022,50.0,job board,40.0,Yes,4.0
EMP0132,Wong Dela Cruz,F,1987-07-22,Hong Konger,Asia Pacific,Singapore,Singapore,HR,HR Specialist,G3,Hybrid,13/07/2021,,Active,Contractor,yes,,,SGD,1.35,10687,12290,7916,9104,4/5,0.0,No,66.2,8.0,September 06 2022,61.0,Agency,53.0,yes,5.0
EMP0133,Raj Singh,Not Declared,1980-09-12,Vietnamese,Asia Pacific,Singapore,Singapore,IT,IT Support,G1,Hybrid,January 15 2024,,Active,Contract,yes,,,SGD,1.35,4577,"$5,264",3390,3899,3,10.8,YES,20.1,11.0,2024-12-07,51.0,Internal Transfer,89.0,Yes,4.0
EMP0134,Min Wang,Female,February 18 1985,Japanese,Asia Pacific,Singapore,Singapore,Sales,Regional Sales Manager,G6,Hybrid,16/07/2016,,Terminated,Full-time,Yes,Involuntary,Contract Ended,SGD,1.35,16750,19262,12407,14268,4,2.5,Yes,,0.0,,51.0,Job Board,17.0,Y,1.0
EMP0135,Chan Jones,Male,1998-02-18,British,Asia Pacific,Singapore,Singapore,Sales,Account Executive,G2,Hybrid,August 23 2021,March 17 2023,Terminated,full time,Yes,Involuntary,Redundancy,SGD,1.35,"$7,418",8531,5495,6319,3,0.8,NO,,7.0,2021-11-24,3.0,Agency,70.0,Yes,5.0
EMP0136,Nguyen Koh,Male,November 05 1986,American,Asia Pacific,Singapore,Singapore,Finance,Finance Assistant,G1,Hybrid,November 21 2023,31/12/2024,Resigned,Full-time,Yes,Voluntary,Better Opportunity,SGD,1.35,"$4,240",4876,3141,3612,3,4.0,Yes,,4.0,,37.0,Referral,43.0,No,4.0
EMP0137,Koh Koh,Female,1995-12-29,Malaysian,Asia Pacific,Singapore,Singapore,Marketing,Marketing Manager,G5,Hybrid,2015-07-01,,Active,FT,n,,,SGD,1.35,16013,"$18,415",11861,13641,1,8.0,Yes,64.6,2.0,15/07/2024,55.0,Linked In,16.0,Yes,3.0
EMP0138,CHAN YANG,Male,April 07 1987,American,Asia Pacific,Singapore,Singapore,Delivery,Project Analyst,G2,Hybrid,2022-01-10,,Active,Full-time,Yes,,,SGD,1.35,"$7,300",8395,5407,6219,3,10.3,Yes,29.5,1.0,November 20 2024,95.0,Agency,29.0,Yes,2.0
EMP0139,Min Suwannarat,Female,1992-08-03,Taiwanese,Asia Pacific,Singapore,Singapore,Information Technology,Software Engineer,G2,Hybrid,2024-01-28,,Active,Full-time,Yes,,,SGD,1.35,6250,7187,4630,5324,4,10.2,NO,26.2,10.0,24/01/2024,82.0,LinkedIn,73.0,Yes,3.0
EMP0140,BUDI NG,Male,23/04/1993,Taiwanese,Asia Pacific,Singapore,Singapore,Legal,Legal Counsel,G3,Onsite,August 29 2020,,Active,Full-time,Yes,,,SGD,1.35,10095,11609,7478,8599,4,6.9%,Yes,72.3,5.0,2022-12-18,81.0,Referral,51.0,Yes,
EMP0141,Thomas Nguyen,Male,March 26 1995,Korean,Asia Pacific,Singapore,Singapore,HR,HR Business Partner,G4,Hybrid,January 11 2022,,Active,Full-time,Yes,,,SGD,1.35,"12,465","14,335",9233,10619,5,6.1%,y,15.0,8.0,18/10/2023,24.0,Internal Transfer,57.0,Yes,5.0
EMP0142,suresh huang,NB,19/12/1979,Japanese,Asia Pacific,Singapore,Singapore,Sales,Account Executive,G2,Hybrid,30/12/2023,,Terminated,full time,no,Involuntary,Misconduct,SGD,1.35,7152,"8,225",5298,6093,2,10.0,N,25.7,0.0,December 21 2022,36.0,Internal Transfer,71.0,Yes,4.0
EMP0143,Michelle Williams,Male,09/12/1978,Indian,Asia Pacific,Singapore,Singapore,Sales,Account Executive,G2,Hybrid,2022-05-21,,Active,Contractor,Yes,,,SGD,1.35,7263,8352,5380,6187,3,0.4,Yes,24.0,11.0,August 25 2024,21.0,Agency,77.0,No,1.0
EMP0144,DAVID TANAKA,Female,06/09/1990,American,Asia Pacific,Singapore,Singapore,Delivery,Delivery Coordinator,G1,Hybrid,2023-01-19,31/12/2024,Resigned,Full Time,Yes,Voluntary,Personal Reason,SGD,1.35,5568,6403,4124,4743,3,1.4,No,52.3,4.0,January 13 2023,,Internal Transfer,33.0,n,3.0
EMP0145,Siti Chen,m,06/07/1991,Indonesian,Asia Pacific,Singapore,Singapore,legal,Senior Legal Counsel,G4,Remote,2022-11-13,,Active,Contractor,Yes,,,SGD,1.35,"$13,412","$15,424",9935,11425,1,12.2%,Yes,69.1,3.0,2023-04-10,38.0,Referral,25.0,Yes,3.0
EMP0146,Ananya Tanaka,Male,31/01/2000,Indonesian,Asia Pacific,Singapore,Singapore,HR,HR Assistant,G1,Remote,November 25 2022,December 31 2024,Resigned,Full-time,NO,Voluntary,Health Reasons,SGD,1.35,"$5,561","$6,395",4119,4737,4/5,10.7,No,,0.0,July 22 2021,74.0,Job Board,90.0,n,3.0
EMP0147,Tran Dela Cruz,Not Declared,December 30 1983,Taiwanese,Asia Pacific,Singapore,Singapore,Sales,Senior Account Executive,G3,Hybrid,2021-10-19,,Active,Full Time,Yes,,,SGD,1.35,10816,"$12,438",8012,9213,3,10.2,Yes,79.9,8.0,August 04 2022,46.0,Internal Transfer,25.0,Yes,4.0
EMP0148,Ravi Huang,Female,1991-05-06,Taiwanese,Asia Pacific,Singapore,Singapore,Marketing,Senior Marketing Manager,G6,Onsite,August 26 2016,,Active,Expat,Yes,,,SGD,1.35,16697,19202,12368,14224,3,9.4,Yes,11.6,1.0,2022-05-20,55.0,LinkedIn,63.0,Yes,3.0
EMP0149,Tran Dela Cruz,Female,07/11/1989,Vietnamese,Asia Pacific,Singapore,Singapore,HR,HR Assistant,G1,Remote,2020-11-03,,Active,Full-time,NO,,,SGD,1.35,5450,"$6,267",4037,4642,3,1.6,N,54.2,11.0,20/08/2024,53.0,Referral,65.0,y,3.0
EMP0150,Ji Koh,Not Declared,1973-10-23,American,Asia Pacific,Singapore,Singapore,Delivery,Delivery Coordinator,G1,Hybrid,November 26 2020,,Active,Full-time,Yes,,,SGD,1.35,4859,5588,3599,4139,5,8.5,NO,24.3,12.0,19/08/2024,63.0,Agency,64.0,Yes,4.0
EMP0151,Arun Santos,NB,February 15 1974,Korean,Asia Pacific,Australia,Melbourne,Sales,Senior Account Executive,G3,Hybrid,December 16 2022,,Active,Full-time,Yes,,,AUD,1.53,13454,15472,8793,10112,4,4.5,No,36.9,9.0,October 04 2023,28.0,Job Board,80.0,y,3.0
EMP0152,fang williams,Male,28/09/2000,Japanese,Asia Pacific,Australia,Melbourne,Legal,Senior Legal Counsel,G4,Hybrid,2017-09-21,,Resigned,Full-time,no,Voluntary,Relocation,AUD,1.53,15332,17632,10021,11524,3,2.2%,Yes,18.6,6.0,March 17 2021,22.0,LinkedIn,50.0,Yes,5.0
EMP0153,Arun Müller,Not Declared,18/10/1999,British,Asia Pacific,Australia,Melbourne,Marketing,Marketing Manager,G5,Hybrid,2016-01-05,,Active,Full-time,Yes,,,AUD,1.53,19774,22740,12924,14863,3,8.8,Yes,60.9,4.0,2024-05-16,30.0,LinkedIn,50.0,Yes,4.0
EMP0154,Priya Guo,Male,25/12/2000,American,Asia Pacific,Australia,Melbourne,Sales,Sales Manager,G4,Onsite,June 20 2020,,Active,Full-time,YES,,,AUD,1.53,17147,19719,11207,12888,4,8.0,Yes,37.6,1.0,2024-03-15,93.0,Agency,45.0,Yes,3.0
EMP0155,Kevin Wang,Not Declared,27/07/1994,Korean,Asia Pacific,Australia,Sydney,Lgl,Legal Counsel,G3,Onsite,23/01/2019,,Active,Full-time,N,,,AUD,1.53,11660,13409,7621,8764,3,9.4%,y,10.2,3.0,2023-05-27,56.0,Referral,67.0,Y,4.0
EMP0156,Arjun Santos,Not Declared,02/09/1981,Indian,Asia Pacific,Australia,Sydney,HR,HR Manager,G6,Remote,2016-04-25,,Active,Full-time,Yes,,,AUD,1.53,"$21,894",25178,14310,16456,5,12.4,Yes,21.1,4.0,January 26 2023,95.0,Agency,78.0,n,3.0
EMP0157,James Suwannarat,Female,2000-10-23,Malaysian,Asia Pacific,Australia,Melbourne,Delivery,Project Analyst,G2,Onsite,15/11/2021,,Active,fulltime,Yes,,,AUD,1.53,"8,032",9237,5250,6037,5/5,7.1%,Y,50.1,11.0,04/04/2022,10.0,Internal Transfer,53.0,No,3.0
EMP0158,Koh Wijaya,f,1981-10-22,Hong Konger,Asia Pacific,Australia,Melbourne,Sales,Sales Manager,G4,Onsite,November 20 2021,,Active,Contractor,Yes,,,AUD,1.53,"$17,395","20,004",11369,13075,4,2.3,No,54.0,8.0,2022-04-19,27.0,LinkedIn,19.0,Yes,4.0
EMP0159,Arun Guo,Not Declared,09/03/1970,Chinese,Asia Pacific,Australia,Melbourne,Sales,Senior Account Executive,G3,Remote,2019-10-06,,Active,Contractor,n,,,AUD,1.53,13704,15760,8957,10301,1,10.2,N,34.0,10.0,06/08/2022,85.0,Referral,,Yes,4.0
EMP0160,Michelle Suzuki,Female,12/06/1981,Indian,Asia Pacific,Australia,Melbourne,Finance,Finance Director,G6,Hybrid,May 02 2017,,Active,Full-time,Yes,,,AUD,1.53,20565,23650,13441,15458,4/5,9.8,Yes,41.3,7.0,2023-09-28,91.0,Internal Transfer,27.0,Yes,4.0
EMP0161,Jessica Kim,Not Declared,1973-10-07,Thai,Asia Pacific,Australia,Melbourne,Tech,Senior Software Engineer,G3,Hybrid,2018-06-08,,Active,Full-time,Yes,,,AUD,1.53,"$11,966",13761,7821,8994,3,8.5,Yes,73.7,9.0,09/08/2022,56.0,Job Board,87.0,Yes,4.0
EMP0162,emma chan,non-binary,August 19 1981,British,Asia Pacific,Australia,Sydney,Delivery,Delivery Coordinator,G1,Hybrid,2020-04-22,,Active,Full-time,Yes,,,AUD,1.53,6592,7581,4308,4955,3/5,9.9,No,59.2,5.0,09/01/2024,72.0,Job Board,26.0,Y,
EMP0163,Koh Wu,Female,1991-02-24,Singaporean,Asia Pacific,Australia,Sydney,Sales,Senior Account Executive,G3,Hybrid,May 24 2021,,Active,FT,Yes,,,AUD,1.53,13005,"14,956",8500,9775,4,14.7,No,60.0,10.0,19/08/2023,13.0,Jobboard,90.0,Yes,5.0
EMP0164,Michael Santoso,Not Declared,09/11/1979,Hong Konger,Asia Pacific,Australia,Melbourne,Delivery,Project Analyst,G2,Hybrid,2022-04-16,,Active,Full-time,Yes,,,AUD,1.53,9024,10378,5898,6783,5,9.8,Yes,39.9,3.0,01/03/2023,35.0,LinkedIn,31.0,Yes,4.0
EMP0165,Tran Choi,F,April 07 1985,Japanese,Asia Pacific,Australia,Melbourne,Legal,Senior Legal Counsel,G4,Remote,October 13 2022,,Active,Full-time,Yes,,,AUD,1.53,14827,"17,051",9691,11144,5,12.0,No,61.4,2.0,2022-07-28,84.0,LinkedIn,36.0,Yes,5.0
EMP0166,Jose Le,Male,1981-12-07,Indonesian,Asia Pacific,Australia,Melbourne,DELIVERY,Senior Project Manager,G4,Onsite,03/10/2019,,Active,Full-time,yes,,,AUD,1.53,"15,837",18213,10351,11904,3,12.0,Yes,35.1,8.0,November 23 2024,82.0,Agency,71.0,Yes,
EMP0167,Seo Santos,Not Declared,1983-08-27,Korean,Asia Pacific,Australia,Melbourne,Delivery,Project Analyst,G2,Hybrid,February 19 2022,,Active,Contractor,no,,,AUD,1.53,8289,"9,532",5418,6230,3,9.7,No,51.5,10.0,24/06/2024,73.0,Job Board,53.0,Yes,3.0
EMP0168,Tran Patel,Female,1998-02-15,Chinese,Asia Pacific,Australia,Sydney,Legal,Legal Assistant,G1,Hybrid,January 22 2019,,Terminated,Full-time,Yes,Involuntary,Performance,AUD,1.53,7557,8691,4939,5680,4,2.1,Yes,6.3,3.0,January 10 2023,12.0,Job Board,25.0,Yes,3.0
EMP0169,sarah müller,Female,1975-10-21,Korean,Asia Pacific,Australia,Sydney,Mktg,Marketing Manager,G5,Onsite,09/02/2020,,Active,FT,Yes,,,AUD,1.53,20148,"23,170",13169,15144,3,14.3,Yes,35.1,2.0,January 27 2024,61.0,LinkedIn,30.0,Yes,3.0
EMP0170,Jose Dela Cruz,Not Declared,December 16 1975,Japanese,Asia Pacific,Australia,Melbourne,Finance,Senior Finance Analyst,G3,Onsite,January 14 2022,,Active,full time,yes,,,AUD,1.53,11533,13263,7538,8669,4/5,9.4,Yes,72.4,6.0,2022-04-04,96.0,Job Board,26.0,Yes,4.0
EMP0171,Chan Tanaka,Non Binary,1997-03-22,Indonesian,Asia Pacific,Australia,Melbourne,it,Senior Software Engineer,G3,Remote,06/04/2017,,Active,Full-time,Yes,,,AUD,1.53,11355,13058,7422,8535,4/5,5.7,Yes,78.5,9.0,December 11 2022,36.0,Referral,26.0,Yes,4.0
EMP0172,Kevin Dela Cruz,Female,September 20 1972,Indonesian,Asia Pacific,Australia,Sydney,IT,Senior Software Engineer,G3,Hybrid,2021-07-28,April 10 2022,Resigned,fulltime,Yes,Voluntary,Relocation,AUD,1.53,12799,14719,8365,9620,4,4.6,Yes,,3.0,2021-10-19,79.0,Referral,69.0,No,2.0
EMP0173,Dewi Zhang,m,1976-04-07,Korean,Asia Pacific,Australia,Melbourne,Marketing,Senior Marketing Manager,G6,Hybrid,August 29 2020,,Active,CTR,Yes,,,AUD,1.53,21645,"24,892",14147,16269,3/5,3.9,No,38.4,4.0,October 21 2023,41.0,Job board,57.0,Yes,4.0
EMP0174,chen dela cruz,m,1975-08-07,Vietnamese,Asia Pacific,Australia,Melbourne,Legal,Legal Manager,G5,Hybrid,March 23 2015,,Active,Expat,y,,,AUD,1.53,19509,22435,12751,14663,3/5,12.2%,no,65.4,4.0,April 25 2023,98.0,Agency,,Yes,4.0
EMP0175,ng tran,Male,2001-01-31,Taiwanese,Asia Pacific,Australia,Melbourne,Marketing,Marketing Specialist,G3,Hybrid,2021-10-16,,Terminated,Full-time,n,Involuntary,Redundancy,AUD,1.53,"12,700",14605,8301,9546,3,7.8,Yes,2.8,8.0,11/01/2021,27.0,Internal Transfer,43.0,No,2.0
EMP0176,Amanda Koh,Not Declared,16/10/1997,Vietnamese,Asia Pacific,Australia,Melbourne,Sales,Sales Executive,G1,Onsite,December 17 2019,2024-09-06,Resigned,Contractor,Yes,Voluntary,Relocation,AUD,1.53,7522,8650,4916,5654,2/5,9.2%,Yes,,,,32.0,Internal,44.0,Yes,4.0
EMP0177,James Yang,FEMALE,November 19 1988,Vietnamese,Asia Pacific,Australia,Sydney,Delivery,Project Manager,G3,Hybrid,June 30 2017,,Active,Full-time,Yes,,,AUD,1.53,12476,14347,8154,9377,5,11.3,Yes,71.3,3.0,29/10/2022,52.0,Internal Transfer,62.0,No,4.0
EMP0178,Kavya Yamamoto,Not Declared,1983-06-11,Filipino,Asia Pacific,Australia,Melbourne,legal,Legal Executive,G2,Remote,2019-06-22,June 19 2022,Resigned,Full-time,Yes,Voluntary,Better Opportunity,AUD,1.53,9888,"11,371",6463,7432,5,5.0,NO,11.1,5.0,,44.0,Referral,39.0,Yes,3.0
EMP0179,Tran Charoenwong,FEMALE,1990-06-19,Malaysian,Asia Pacific,Australia,Sydney,Legal,Senior Legal Counsel,G4,Remote,12/11/2021,,Active,Contractor,Yes,,,AUD,1.53,15083,"17,345",9858,11337,5,11.9,N,32.7,6.0,October 14 2023,64.0,Referral,93.0,Yes,3.0
EMP0180,amanda williams,Female,July 28 1993,Korean,Asia Pacific,Australia,Melbourne,IT,Tech Lead,G4,Hybrid,July 01 2021,,Active,FT,Yes,,,AUD,1.53,16457,18926,10756,12370,3,13.4%,Yes,21.8,4.0,September 19 2023,48.0,job board,62.0,Yes,4.0
EMP0181,Kevin Müller,Male,26/05/1982,American,Asia Pacific,Australia,Sydney,Finance,Finance Assistant,G1,Hybrid,March 31 2021,,Active,Full Time,Yes,,,AUD,1.53,6020,6923,3935,4525,4,11.5,No,18.5,10.0,10/10/2022,100.0,Internal Transfer,16.0,y,3.0
EMP0182,Jin Wu,Female,March 09 1990,British,Asia Pacific,Australia,Sydney,Marketing,Marketing Assistant,G1,Onsite,June 09 2020,,Active,Full-time,Yes,,,AUD,1.53,6699,"$7,704",4378,5035,4,5.3,Yes,36.4,7.0,06/09/2023,39.0,LinkedIn,19.0,No,5.0
EMP0183,David Li,Male,1971-06-10,British,Asia Pacific,Australia,Sydney,delivery,Project Manager,G3,Hybrid,12/10/2017,,Active,Contractor,Yes,,,AUD,1.53,11850,13627,7745,8907,3,7.9,Yes,32.0,1.0,2022-12-18,39.0,Job Board,29.0,Yes,4.0
EMP0184,Yuki Suzuki,Not Declared,02/10/1984,American,Asia Pacific,Australia,Melbourne,Marketing,Marketing Manager,G5,Hybrid,2015-06-10,,Active,Expat,Yes,,,AUD,1.53,19976,22972,13056,15014,3,10.5,No,26.6,10.0,25/12/2022,47.0,Referral,70.0,Yes,3.0
EMP0185,TRAN WIJAYA,MALE,August 17 1992,Japanese,Asia Pacific,Australia,Melbourne,Sales,Account Executive,G2,Hybrid,2021-04-29,,Active,Full-time,Yes,,,AUD,1.53,8089,9302,5287,6080,4/5,11.2,yes,60.7,4.0,March 23 2024,13.0,Agency,32.0,Yes,4.0
EMP0186,Emma Chan,Not Declared,1979-09-12,Vietnamese,Asia Pacific,Australia,Sydney,Delivery,Delivery Coordinator,G1,Hybrid,June 16 2022,,Active,Full Time,YES,,,AUD,1.53,5472,6293,3576,4113,3,3.0,Yes,73.1,4.0,2022-07-07,11.0,LinkedIn,58.0,Yes,2.0
EMP0187,Emma Kumar,Female,16/07/1970,Filipino,Asia Pacific,Australia,Sydney,Fin,Senior Finance Analyst,G3,Onsite,15/02/2020,,Active,Full-time,Yes,,,AUD,1.53,"$11,473","$13,194",7499,8624,3,4.5,Yes,78.7,2.0,December 18 2022,33.0,LinkedIn,95.0,Yes,5.0
EMP0188,WEI ONG,Male,1983-11-09,Malaysian,Asia Pacific,Australia,Sydney,Delivery,Project Manager,G3,Onsite,September 03 2017,,Active,Full-time,Yes,,,AUD,1.53,11839,13615,7738,8899,3,9.6,Yes,59.1,8.0,05/11/2023,22.0,Agency,20.0,yes,4.0
EMP0189,SITI JONES,Male,03/05/1972,Taiwanese,Asia Pacific,Australia,Sydney,Finance,Senior Finance Manager,G5,Hybrid,17/04/2017,,Active,Full-time,Yes,,,AUD,1.53,19552,22485,12779,14696,3/5,10.8,Yes,17.4,4.0,13/09/2023,36.0,Job Board,40.0,Y,2.0
EMP0190,Somchai Dela Cruz,Female,September 15 1982,Filipino,Asia Pacific,Australia,Sydney,Marketing,Marketing Specialist,G3,Hybrid,April 07 2022,,Resigned,fulltime,Yes,Voluntary,Personal Reason,AUD,1.53,13808,"$15,879",9025,10378,5,14.6,Yes,38.5,6.0,September 12 2021,45.0,Referral,47.0,n,3.0
EMP0191,Ong Lim,Not Declared,1995-12-11,Taiwanese,Asia Pacific,Australia,Sydney,Sls,Account Executive,G2,Onsite,24/04/2023,,Active,Full-time,Yes,,,AUD,1.53,10341,"11,892",6759,7773,4/5,2.8,N,67.1,5.0,September 11 2023,55.0,Internal Transfer,63.0,Yes,4.0
EMP0192,jin lee,Male,01/08/2001,Indian,Asia Pacific,Australia,Sydney,Finance,Senior Finance Analyst,G3,Hybrid,2019-05-21,,Active,FT,Yes,,,AUD,1.53,"$11,787",13555,7704,8859,4/5,3.9,N,35.1,11.0,12/08/2022,88.0,Referral,25.0,Yes,3.0
EMP0193,Jin Charoenwong,Female,21/02/1984,British,Asia Pacific,Australia,Melbourne,Finance,Senior Finance Manager,G5,Hybrid,2015-08-23,-,Resigned,Contractor,Yes,Voluntary,Personal Reason,AUD,1.53,"19,995",22994,13069,15029,2,9.0,No,42.0,5.0,2023-09-01,53.0,LinkedIn,56.0,Yes,2.0
EMP0194,Raj Lim,Not Declared,20/08/1992,Singaporean,Asia Pacific,Australia,Sydney,Finance,Senior Finance Analyst,G3,Hybrid,March 28 2022,,Active,Full Time,Yes,,,AUD,1.53,11605,13346,7585,8723,4,3.6,Yes,61.2,11.0,2022-07-03,19.0,LinkedIn,56.0,No,3.0
EMP0195,Chan Dela Cruz,Not Declared,1989-08-08,Japanese,Asia Pacific,Australia,Sydney,Finance,Finance Analyst,G2,Hybrid,April 01 2020,,Active,Full-time,yes,,,AUD,1.53,10439,"$12,005",6823,7846,4,1.7,Yes,68.9,7.0,04/01/2022,38.0,INTERNAL,64.0,no,3.0
EMP0196,Suresh Suwannarat,Male,1982-04-08,British,Asia Pacific,Australia,Sydney,Delivery,Project Manager,G3,Hybrid,March 23 2021,June 06 2023,Resigned,Full-time,no,Voluntary,Better Opportunity,AUD,1.53,13401,15411,8759,10073,5/5,10.9,Yes,54.7,,,34.0,JOB BOARD,65.0,Yes,3.0
EMP0197,RAJ HUANG,Not Declared,July 29 1974,Taiwanese,Asia Pacific,Australia,Sydney,Sales,Regional Sales Manager,G6,Hybrid,October 16 2019,,Active,Full-time,Yes,,,AUD,1.53,19943,"$22,934",13035,14990,3,7.1,No,12.9,9.0,November 25 2023,63.0,Referral,66.0,Yes,3.0
EMP0198,TRAN CHEN,Female,October 09 1998,Taiwanese,Asia Pacific,Australia,Melbourne,Marketing,Marketing Executive,G2,Hybrid,January 23 2020,,Active,Contract,Yes,,,AUD,1.53,9207,10588,6018,6920,4,6.5,Y,11.6,2.0,January 14 2023,46.0,LinkedIn,83.0,no,2.0
EMP0199,RAVI SHARMA,Male,1992-09-14,Thai,Asia Pacific,Australia,Sydney,legal,Legal Director,G6,Hybrid,2015-01-01,,Active,Full-time,Yes,,,AUD,1.53,"22,000","25,300",14379,16536,5,4.4,Yes,14.6,8.0,03/10/2023,57.0,Agency,80.0,Yes,5.0
EMP0200,Ong Smith,male,15/01/1994,Malaysian,Asia Pacific,Australia,Melbourne,HR,HR Specialist,G3,Remote,01/03/2019,,Active,Full Time,Yes,,,AUD,1.53,"$13,052",15010,8531,9810,4,2.5,N,28.0,7.0,February 16 2024,12.0,Internal Transfer,49.0,Yes,4.0
EMP0201,Amanda Santoso,Female,September 28 1994,Thai,Asia Pacific,Australia,Sydney,Marketing,Marketing Assistant,G1,Hybrid,15/05/2023,-,Resigned,Full-time,Yes,Voluntary,Health Reasons,AUD,1.53,6045,"6,952",3951,4544,4,10.7,No,,4.0,,78.0,Referral,68.0,y,5.0
EMP0202,Ahmad Lee,Male,28/10/1982,Chinese,Asia Pacific,Australia,Sydney,IT,Tech Lead,G4,Remote,2021-10-03,11/10/2023,Terminated,Full-time,y,Involuntary,Misconduct,AUD,1.53,16366,18821,10697,12301,5,11.2,n,45.0,8.0,2021-03-28,77.0,Internal Transfer,37.0,Yes,4.0
EMP0203,Lee Müller,Male,1990-10-09,American,Asia Pacific,Australia,Sydney,Marketing,Senior Marketing Specialist,G4,Hybrid,01/03/2022,,Active,Full-time,Yes,,,AUD,1.53,14704,"$16,910",9610,11052,5,2.8,NO,11.7,8.0,February 09 2023,18.0,Internal Transfer,67.0,Yes,3.0
EMP0204,chan ng,Female,22/10/1971,Indian,Asia Pacific,Australia,Melbourne,IT,Senior Software Engineer,G3,Remote,October 19 2018,-,Terminated,fulltime,Yes,Involuntary,Contract Ended,AUD,1.53,13233,15218,8649,9946,3,11.5,No,55.4,6.0,,63.0,Referral,79.0,Yes,2.0
EMP0205,Ji Guo,Male,1991-04-05,Korean,Asia Pacific,Australia,Sydney,Sales,Sales Manager,G4,Hybrid,02/09/2018,,Active,Full-time,Yes,,,AUD,1.53,14794,17013,9669,11120,5/5,13.9,Yes,50.9,2.0,15/04/2022,44.0,Internal Transfer,44.0,Yes,2.0
EMP0206,nguyen smith,Female,1986-04-23,Indonesian,Asia Pacific,Australia,Sydney,LEGAL,Legal Assistant,G1,Onsite,2020-06-17,,Active,FT,Yes,,,AUD,1.53,6323,7271,4133,4752,4/5,7.9,Yes,53.4,4.0,February 26 2024,18.0,LinkedIn,92.0,Yes,5.0
EMP0207,Thomas Yang,Female,January 14 1973,Vietnamese,Asia Pacific,Australia,Sydney,IT,Senior Software Engineer,G3,Hybrid,2020-01-28,,Active,Full Time,Yes,,,AUD,1.53,"$11,414",13126,7460,8579,4,11.9,No,60.3,7.0,2024-10-10,72.0,Internal Transfer,36.0,Yes,4.0
EMP0208,Tran Lee,non-binary,07/09/1980,Thai,Asia Pacific,Australia,Melbourne,HR,HR Specialist,G3,Remote,13/01/2020,,Active,contractor,Yes,,,AUD,1.53,13956,"16,049",9122,10490,5,3.1,Yes,53.3,11.0,January 26 2024,39.0,Internal Transfer,32.0,Yes,3.0
EMP0209,Thomas Ong,Male,1996-02-03,Taiwanese,Asia Pacific,Australia,Melbourne,sales,Senior Sales Manager,G5,Hybrid,07/08/2017,,Active,Expat,Yes,,,AUD,1.53,"17,983",20680,11754,13516,3,7.4,Yes,66.0,3.0,2023-01-22,61.0,referral,17.0,Yes,5.0
EMP0210,lee sharma,Male,1982-01-03,Indian,Asia Pacific,Australia,Sydney,Delivery,Project Manager,G3,Remote,March 12 2018,-,Resigned,Full-time,Yes,Voluntary,Better Opportunity,AUD,1.53,"12,126","13,945",7925,9114,3/5,3.7,Yes,32.6,,,8.0,Job Board,43.0,YES,3.0
EMP0211,priya suzuki,Female,18/10/1993,Indonesian,Asia Pacific,Australia,Melbourne,Marketing,Marketing Executive,G2,Hybrid,2022-05-20,,Active,Full-time,Yes,,,AUD,1.53,"10,271",11812,6713,7720,3,7.5,Yes,24.2,12.0,June 06 2022,81.0,Referral,33.0,Yes,4.0
EMP0212,tan charoenwong,Male,1987-03-11,Filipino,Asia Pacific,Australia,Melbourne,Marketing,Marketing Specialist,G3,Onsite,2019-08-01,,Active,Full-time,Yes,,,AUD,1.53,12437,14303,8129,9348,4,10.4%,No,57.4,4.0,2024-01-11,10.0,LinkedIn,75.0,n,2.0
EMP0213,Fang Patel,non-binary,April 23 1973,Vietnamese,Asia Pacific,Australia,Sydney,sales,Senior Account Executive,G3,Hybrid,February 05 2021,,Active,fulltime,Yes,,,AUD,1.53,11324,13023,7401,8512,4,6.2,No,39.7,3.0,16/12/2024,73.0,Agency,58.0,Yes,1.0
EMP0214,Ahmad Kim,Male,July 04 1979,Filipino,Asia Pacific,Australia,Melbourne,marketing,Marketing Assistant,G1,Hybrid,November 13 2019,,Active,INTERN,y,,,AUD,1.53,"6,192",7121,4047,4654,4,12.4,Yes,65.1,11.0,2024-05-18,28.0,linkedin,61.0,Yes,1.0
EMP0215,Wei Santoso,Female,June 09 1992,Malaysian,Asia Pacific,Australia,Melbourne,Legal,Senior Legal Counsel,G4,Remote,03/02/2018,March 25 2024,Resigned,Full-time,no,Voluntary,Personal Reason,AUD,1.53,15729,18088,10280,11822,4,12.8,Yes,,1.0,April 20 2022,65.0,Referral,35.0,No,5.0
EMP0216,Arun Yang,Male,02/09/1970,Indian,Asia Pacific,Australia,Sydney,Sales,Senior Sales Manager,G5,Hybrid,February 06 2020,,Terminated,Full-time,Yes,Involuntary,Contract Ended,AUD,1.53,17773,"$20,439",11616,13359,4,6.9%,No,45.8,2.0,September 27 2023,,Agency,94.0,no,3.0
EMP0217,budi dela cruz,Female,10/04/1973,Malaysian,Asia Pacific,Australia,Sydney,Information Technology,Engineering Manager,G5,Hybrid,02/04/2020,2024-12-31,Resigned,Full-time,No,Voluntary,Personal Reason,AUD,1.53,"20,089",23102,13130,15099,4,3.0%,no,59.8,7.0,,44.0,Job Board,42.0,Yes,
EMP0218,Chan Johnson,Not Declared,August 09 1979,Taiwanese,Asia Pacific,Australia,Sydney,Legal,Legal Executive,G2,Hybrid,22/10/2023,,Active,Full-time,Yes,,,AUD,1.53,8338,"9,589",5450,6267,3,6.3,Yes,56.4,3.0,13/06/2024,42.0,Int Transfer,16.0,Yes,3.0
EMP0219,Ng Kumar,Male,June 15 1998,Vietnamese,Asia Pacific,Australia,Sydney,Delivery,Senior Delivery Manager,G6,Hybrid,07/02/2017,,Active,Full-time,Yes,,,AUD,1.53,20242,"23,278",13230,15214,3/5,5.2,NO,77.9,10.0,January 30 2022,43.0,Agency,,No,5.0
EMP0220,Wong Wu,f,2001-06-30,Hong Konger,Asia Pacific,Australia,Sydney,Sales,Sales Executive,G1,Remote,01/03/2020,,Active,Full-time,Yes,,,AUD,1.53,7876,"$9,057",5148,5920,2,11.2,Yes,45.4,11.0,June 28 2024,55.0,LinkedIn,68.0,Yes,4.0
EMP0221,Seo Lin,Female,20/06/1971,Singaporean,Asia Pacific,Australia,Melbourne,HR,HR Executive,G2,Remote,October 26 2024,,Active,Contractor,Yes,,,AUD,1.53,8801,10121,5752,6615,5,14.9,Yes,78.0,4.0,2024-03-16,85.0,internal,64.0,No,5.0
EMP0222,tan tanaka,Non Binary,September 27 2001,Chinese,Asia Pacific,Australia,Sydney,H.R.,HR Specialist,G3,Onsite,19/06/2018,,Active,Intern,YES,,,AUD,1.53,13405,15416,8761,10076,3,9.8%,YES,18.7,4.0,2024-02-14,79.0,LinkedIn,33.0,Yes,4.0
EMP0223,Maria Yang,MALE,1978-01-24,Thai,Asia Pacific,Australia,Sydney,H.R.,Senior HR Business Partner,G5,Hybrid,05/11/2018,,Active,Contractor,YES,,,AUD,1.53,19250,22138,12582,14469,4,2.4,No,74.4,4.0,2022-03-02,58.0,Internal Transfer,34.0,no,5.0
EMP0224,Yuki Li,Not Declared,December 24 1983,Indian,Asia Pacific,Australia,Melbourne,Sales,Account Executive,G2,Hybrid,2024-01-02,,Active,FT,Yes,,,AUD,1.53,10109,11625,6607,7598,4/5,9.1,yes,47.1,6.0,May 12 2022,50.0,LinkedIn,47.0,Yes,5.0
EMP0225,Maria Ong,Female,1982-09-21,Hong Konger,Asia Pacific,Australia,Sydney,Finance,Senior Finance Analyst,G3,Onsite,November 03 2017,,Active,Full-time,Yes,,,AUD,1.53,"$13,145","15,117",8592,9880,3,12.2%,Yes,7.8,8.0,October 18 2024,14.0,Recruitment Agency,30.0,n,4.0
EMP0226,Nguyen Reyes,Female,1984-03-24,Japanese,Asia Pacific,Australia,Melbourne,Lgl,Legal Counsel,G3,Hybrid,12/07/2017,,Active,Full-time,Yes,,,AUD,1.53,"$12,526","14,405",8187,9415,4,14.5%,no,32.4,10.0,2022-07-30,13.0,LinkedIn,32.0,Yes,4.0
EMP0227,Haruto Tran,Male,1996-03-04,Vietnamese,Asia Pacific,Australia,Sydney,HR,HR Assistant,G1,Onsite,2023-08-20,,Active,Intern,yes,,,AUD,1.53,6759,7773,4418,5080,3,7.2,Yes,25.3,12.0,September 15 2024,30.0,Agency,25.0,Yes,3.0
EMP0228,Dewi Williams,Not Declared,September 28 1974,American,Asia Pacific,Australia,Melbourne,Finance,Finance Analyst,G2,Hybrid,28/01/2024,,Active,contractor,Yes,,,AUD,1.53,10012,11514,6544,7525,3,4.2,N,27.3,10.0,July 29 2022,23.0,LinkedIn,45.0,y,3.0
EMP0229,Yuki Wong,Not Declared,April 01 1997,Vietnamese,Asia Pacific,Australia,Sydney,Marketing,Marketing Specialist,G3,Onsite,March 31 2018,,Active,Full Time,Yes,,,AUD,1.53,11387,13095,7442,8559,3,1.0,Y,21.2,10.0,08/04/2024,45.0,LinkedIn,49.0,yes,3.0
EMP0230,Wong Brown,Male,December 18 1977,Thai,Asia Pacific,Australia,Sydney,HR,HR Executive,G2,Onsite,24/04/2024,,Active,Full-time,Yes,,,AUD,1.53,8563,9847,5597,6436,2,12.3,Yes,79.3,4.0,11/12/2024,55.0,Ref,27.0,Yes,4.0
EMP0231,tan singh,Female,18/11/1979,Taiwanese,Asia Pacific,Australia,Sydney,Fin,Finance Analyst,G2,Hybrid,October 31 2023,,Active,Full-time,Yes,,,AUD,1.53,"$8,417",9680,5501,6327,5,9.6,no,70.7,11.0,09/07/2024,99.0,Internal Transfer,59.0,NO,4.0
EMP0232,Amanda Le,M,1983-08-15,Vietnamese,Asia Pacific,Australia,Melbourne,Legal,Legal Assistant,G1,Hybrid,June 17 2019,02/05/2021,Resigned,Full-time,Yes,Voluntary,Personal Reason,AUD,1.53,7136,8206,4664,5363,1/5,3.8,Yes,51.5,8.0,,,Agency,40.0,y,3.0
EMP0233,Somchai Tan,Male,July 04 1983,Thai,Asia Pacific,Australia,Melbourne,HR,HR Executive,G2,Onsite,2023-03-20,,Resigned,Contractor,Yes,Voluntary,Better Opportunity,AUD,1.53,"9,754",11217,6375,7331,3,5.3%,YES,27.7,0.0,13/05/2023,,Referral,53.0,Yes,3.0
EMP0234,Arun Brown,Male,1975-06-13,Korean,Asia Pacific,Australia,Sydney,Marketing,Senior Marketing Specialist,G4,Onsite,16/10/2022,,Active,fulltime,Yes,,,AUD,1.53,16037,18443,10482,12054,3,10.1,No,26.9,5.0,January 14 2022,83.0,Internal Transfer,29.0,Yes,5.0
EMP0235,Lakshmi Chen,Male,April 16 1978,Indian,Asia Pacific,Australia,Sydney,Sales,Sales Manager,G4,Hybrid,April 01 2019,,Active,Full-time,NO,,,AUD,1.53,16506,18982,10788,12407,5,7.4,No,33.7,12.0,August 08 2022,52.0,Job Board,51.0,Yes,1.0
EMP0236,Amanda Dela Cruz,Male,June 04 1999,Indian,Asia Pacific,Australia,Melbourne,Legal,Senior Legal Counsel,G4,Hybrid,28/07/2018,,Active,full time,Yes,,,AUD,1.53,"15,514","$17,841",10140,11661,3,13.7,Yes,32.6,8.0,January 05 2023,62.0,Internal Transfer,82.0,Y,4.0
EMP0237,Ng Dela Cruz,Female,1972-11-20,Singaporean,Asia Pacific,Australia,Sydney,marketing,Marketing Executive,G2,Remote,October 26 2019,,Active,Full-time,yes,,,AUD,1.53,9607,11048,6279,7221,1,2.6%,n,38.2,3.0,2023-02-14,28.0,Job Board,51.0,Yes,4.0
EMP0238,Michael Müller,Non Binary,1995-01-23,British,Asia Pacific,Australia,Melbourne,Finance,Finance Manager,G4,Hybrid,2021-03-21,,Active,Contractor,Yes,,,AUD,1.53,15036,"$17,291",9827,11301,4,1.5%,Yes,7.9,9.0,09/11/2023,12.0,Agency,47.0,N,5.0
EMP0239,Somchai Ng,m,April 01 1976,Malaysian,Asia Pacific,Australia,Melbourne,Marketing,Senior Marketing Specialist,G4,Remote,13/09/2017,,Active,Full-time,Yes,,,AUD,1.53,17269,"$19,859",11287,12980,5/5,10.5,No,6.7,2.0,May 02 2024,64.0,Internal Transfer,85.0,Yes,4.0
EMP0240,Ong Singh,Male,1987-05-14,Japanese,Asia Pacific,Australia,Melbourne,I.T.,Tech Lead,G4,Onsite,19/07/2018,,Active,full time,Yes,,,AUD,1.53,16365,"18,820",10696,12301,5,5.3,Yes,73.8,4.0,2023-04-21,18.0,LinkedIn,83.0,Yes,1.0
EMP0241,Jessica Santoso,Male,1989-11-23,Korean,Asia Pacific,Australia,Melbourne,legal,Legal Manager,G5,Remote,September 27 2017,,Active,Full-time,Yes,,,AUD,1.53,"19,478",22400,12731,14641,4,0.8,No,57.6,10.0,2024-09-22,35.0,Referral,81.0,Yes,3.0
EMP0242,Jessica Singh,Female,1989-12-01,Singaporean,Asia Pacific,Australia,Sydney,Finance,Finance Analyst,G2,Onsite,December 21 2024,,Active,Full-time,Yes,,,AUD,1.53,9363,10767,6120,7037,3,0.4,Yes,71.9,5.0,2023-03-20,78.0,Agency,94.0,Yes,4.0
EMP0243,Ji Tan,Female,August 14 2000,Thai,Asia Pacific,Australia,Melbourne,HR,HR Manager,G6,Hybrid,2019-06-05,,Active,Full-time,NO,,,AUD,1.53,20521,23599,13412,15424,3,9.8,No,4.9,5.0,2023-10-20,85.0,Ref,17.0,Yes,5.0
EMP0244,Min Chen,Male,13/09/2000,Chinese,Asia Pacific,Australia,Melbourne,Sales,Senior Account Executive,G3,Hybrid,July 23 2019,,Active,Full-time,Yes,,,AUD,1.53,"11,995",13794,7840,9016,3,10.2,No,30.9,12.0,02/04/2022,64.0,Agency,79.0,Yes,3.0
EMP0245,Li Lee,Female,September 24 1976,American,Asia Pacific,Australia,Sydney,Marketing,Marketing Assistant,G1,Remote,September 23 2024,,Active,Intern,Yes,,,AUD,1.53,7471,8592,4883,5616,4,14.1,Yes,48.3,11.0,04/11/2022,44.0,LinkedIn,43.0,Yes,4.0
EMP0246,Tran Wu,Female,March 27 1986,Australian,Asia Pacific,Australia,Sydney,Legal,Legal Counsel,G3,Remote,2022-06-07,,Active,Full-time,Yes,,,AUD,1.53,"$12,429","$14,293",8124,9342,4,12.4,Yes,44.9,7.0,October 10 2022,64.0,agency,30.0,Yes,5.0
EMP0247,li wu,Male,09/12/1975,Chinese,Asia Pacific,Australia,Melbourne,Sales,Senior Account Executive,G3,Remote,22/12/2020,,Active,Full-time,Yes,,,AUD,1.53,11947,13739,7808,8980,3/5,5.1%,No,29.6,10.0,August 09 2022,99.0,LinkedIn,60.0,No,4.0
EMP0248,Thomas Wong,Not Declared,1982-07-13,Japanese,Asia Pacific,Australia,Melbourne,HR,HR Executive,G2,Hybrid,21/10/2024,,Active,Contractor,Yes,,,AUD,1.53,10186,11714,6658,7656,3,4.8,y,17.6,3.0,March 27 2022,83.0,Referral,50.0,Yes,2.0
EMP0249,Li Suzuki,Non Binary,1994-02-17,Japanese,Asia Pacific,Australia,Sydney,Finance,Finance Assistant,G1,Hybrid,2022-02-28,,Active,Contractor,Yes,,,AUD,1.53,7331,8431,4792,5510,4,12.5,Yes,12.3,12.0,2022-09-03,50.0,Job Board,26.0,Yes,4.0
EMP0250,amanda suwannarat,Not Declared,1999-08-28,British,Asia Pacific,Australia,Sydney,Del,Delivery Coordinator,G1,Hybrid,21/03/2023,,Active,Contractor,Yes,,,AUD,1.53,5872,6753,3838,4414,3,7.3,Yes,41.8,3.0,February 11 2023,67.0,LinkedIn,42.0,Yes,4.0
EMP0251,Yuki Suzuki,Female,1983-04-03,Australian,Asia Pacific,Australia,Melbourne,Finance,Finance Assistant,G1,Hybrid,06/01/2024,,Active,FT,Yes,,,AUD,1.53,5655,6503,3696,4250,3,4.8,Yes,57.0,12.0,20/09/2022,80.0,Job Board,77.0,n,1.0
EMP0252,Seo Ong,Male,1994-01-17,Malaysian,Asia Pacific,Australia,Melbourne,Sales,Senior Account Executive,G3,Hybrid,23/03/2017,,Active,Intern,Yes,,,AUD,1.53,"12,321",14169,8053,9261,4,5.0,Yes,62.2,2.0,2022-04-11,57.0,AGENCY,35.0,y,4.0
EMP0253,Priya Tran,Female,25/05/1999,Filipino,Asia Pacific,Australia,Melbourne,Finance,Finance Manager,G4,Remote,2017-11-10,,Active,fulltime,Yes,,,AUD,1.53,16764,19279,10957,12601,3,0.2,No,50.0,3.0,15/07/2022,76.0,Job board,92.0,Yes,4.0
EMP0254,Fang Park,f,20/01/1980,Hong Konger,Asia Pacific,Australia,Sydney,HR,HR Executive,G2,Hybrid,May 06 2024,,Active,Full-time,NO,,,AUD,1.53,8794,10113,5748,6610,4,14.6,Yes,16.9,8.0,27/05/2023,18.0,Job Board,75.0,Yes,4.0
EMP0255,Maria Williams,Not Declared,20/11/1994,British,Asia Pacific,Australia,Sydney,DELIVERY,Senior Delivery Manager,G6,Remote,October 10 2019,,Active,Full-time,Yes,,,AUD,1.53,21849,25126,14280,16422,3/5,11.2,Yes,37.3,2.0,March 21 2022,90.0,Job Board,82.0,Yes,4.0
EMP0256,Suresh Nguyen,Male,1984-10-23,American,Asia Pacific,Australia,Sydney,Delivery,Senior Project Manager,G4,Hybrid,2022-04-25,,Active,Full-time,Yes,,,AUD,1.53,15099,17364,9869,11349,2,14.7,Yes,18.3,12.0,July 12 2022,58.0,Agency,94.0,Yes,3.0
EMP0257,kavya lim,Male,1982-07-24,Indian,Asia Pacific,Australia,Sydney,Legal,Legal Counsel,G3,Onsite,2021-04-18,,Active,fulltime,Yes,,,AUD,1.53,12901,14836,8432,9697,3,12.1,No,54.8,8.0,05/03/2023,25.0,Referral,26.0,No,3.0
EMP0258,Amanda Zhang,M,1977-06-14,Taiwanese,Asia Pacific,Australia,Sydney,Sales,Account Executive,G2,Remote,2023-12-14,,Active,FT,Yes,,,AUD,1.53,"$9,754","11,217",6375,7331,4,6.5,Yes,5.9,6.0,August 12 2024,79.0,Agency,42.0,Yes,5.0
EMP0259,Lee Brown,Female,1982-04-20,Taiwanese,Asia Pacific,Australia,Sydney,HR,HR Manager,G6,Remote,April 12 2020,,Active,contractor,Yes,,,AUD,1.53,21124,24293,13807,15878,3,13.1,No,65.4,1.0,January 27 2024,13.0,Ref,37.0,Yes,4.0
EMP0260,FANG KIM,Female,1988-09-04,British,Asia Pacific,Australia,Sydney,delivery,Senior Project Manager,G4,Hybrid,2022-08-17,,Active,Full-time,yes,,,AUD,1.53,15159,17433,9908,11394,1/5,9.1,No,35.1,11.0,January 07 2022,38.0,Internal Transfer,58.0,Yes,2.0
EMP0261,Raj Tan,Female,2001-08-31,Thai,Asia Pacific,Australia,Melbourne,Finance,Finance Analyst,G2,Hybrid,2021-02-10,,Active,Full-time,Yes,,,AUD,1.53,10554,12137,6898,7933,3,6.6,Yes,31.0,6.0,16/12/2023,80.0,Internal,95.0,Yes,5.0
EMP0262,SOPHIE NGUYEN,Male,1993-03-12,Taiwanese,Asia Pacific,Australia,Sydney,Delivery,Project Analyst,G2,Hybrid,August 15 2022,,Active,Full-time,Yes,,,AUD,1.53,9490,10914,6203,7133,1,10.5,Yes,70.1,1.0,22/11/2022,48.0,agency,27.0,Yes,3.0
EMP0263,Kevin Li,Female,27/11/1995,Filipino,Asia Pacific,Australia,Sydney,marketing,Marketing Assistant,G1,Remote,16/11/2024,December 31 2024,Terminated,fulltime,No,Involuntary,Performance,AUD,1.53,6181,7108,4040,4646,4,12.0%,Y,,,,24.0,LinkedIn,41.0,Yes,3.0
EMP0264,Budi Lin,Female,11/10/1996,Filipino,Asia Pacific,Australia,Melbourne,MARKETING,Marketing Assistant,G1,Onsite,21/04/2019,,Active,Full-time,Yes,,,AUD,1.53,7429,8543,4856,5584,3,5.1%,No,50.4,7.0,08/06/2022,68.0,Referral,20.0,N,3.0
EMP0265,Wei Lee,Not Declared,September 28 1992,Filipino,Asia Pacific,Australia,Melbourne,delivery,Project Manager,G3,Onsite,04/07/2021,,Active,Full-time,Yes,,,AUD,1.53,12446,14313,8135,9355,4,1.7,n,73.0,9.0,03/02/2024,80.0,Agency,61.0,Yes,4.0
EMP0266,Ong Wijaya,Female,April 12 2000,Thai,Asia Pacific,Australia,Melbourne,Sales,Sales Manager,G4,Hybrid,January 01 2021,,Active,Full-time,Yes,,,AUD,1.53,"$15,500","17,825",10131,11650,1,1.7,No,44.4,7.0,2023-05-25,26.0,Internal Transfer,33.0,Yes,3.0
EMP0267,Ahmad Charoenwong,Female,1988-12-14,Filipino,Asia Pacific,Australia,Melbourne,HR,HR Executive,G2,Onsite,2019-11-21,,Active,Contractor,Yes,,,AUD,1.53,"8,207","9,438",5364,6169,3,3.9,Yes,43.1,4.0,11/04/2022,44.0,JOB BOARD,70.0,NO,3.0
EMP0268,Min Wang,Not Declared,31/08/1990,Hong Konger,Asia Pacific,Australia,Melbourne,Information Technology,Senior Software Engineer,G3,Onsite,03/05/2022,,Active,Contractor,Yes,,,AUD,1.53,"12,216",14048,7984,9182,3,6.7,Yes,60.4,4.0,2024-12-26,73.0,Job Board,19.0,Yes,2.0
EMP0269,Koh Jones,Female,February 11 1994,Indian,Asia Pacific,Australia,Sydney,IT,Senior Software Engineer,G3,Hybrid,June 14 2019,,Active,Full-time,Yes,,,AUD,1.53,12077,13889,7893,9078,5,11.5,No,78.4,9.0,2024-04-16,42.0,Referral,91.0,NO,4.0
EMP0270,Ravi Williams,Male,March 13 1987,Hong Konger,Asia Pacific,Australia,Melbourne,Delivery,Project Manager,G3,Hybrid,2017-04-29,,Active,Full-time,Yes,,,AUD,1.53,12976,14922,8481,9753,5/5,9.0%,n,75.9,6.0,27/05/2023,25.0,Job Board,62.0,Yes,4.0
EMP0271,Ji Wong,Not Declared,1998-10-09,Australian,Asia Pacific,Australia,Melbourne,Sales,Senior Account Executive,G3,Remote,October 15 2018,,Active,fulltime,Yes,,,AUD,1.53,"11,480",13202,7503,8629,4,10.2,Yes,43.5,8.0,2024-02-29,16.0,Jobboard,83.0,Yes,4.0
EMP0272,Kavya Chen,F,1988-07-09,Taiwanese,Asia Pacific,Australia,Sydney,Legal,Legal Assistant,G1,Onsite,10/05/2021,,Active,Full-time,Yes,,,AUD,1.53,7227,8311,4724,5432,3,10.6,NO,61.5,6.0,2023-08-28,72.0,Agency,48.0,Yes,4.0
EMP0273,Somchai Yang,Male,1996-02-29,Thai,Asia Pacific,Australia,Melbourne,Finance,Senior Finance Analyst,G3,Hybrid,15/09/2022,,Terminated,Full-time,Yes,Involuntary,Misconduct,AUD,1.53,"12,887",14820,8423,9686,4,7.9,Yes,38.9,7.0,,1.0,LinkedIn,54.0,YES,4.0
EMP0274,JOSE MÜLLER,non-binary,December 27 1993,British,Asia Pacific,Australia,Sydney,Delivery,Project Manager,G3,Remote,2017-08-18,,Active,Full-time,Yes,,,AUD,1.53,11956,13749,7814,8986,4,2.7,no,69.2,4.0,23/07/2024,26.0,Internal,50.0,y,5.0
EMP0275,Suresh Jones,Male,February 04 1996,Filipino,Asia Pacific,Australia,Melbourne,Sales,Senior Sales Manager,G5,Onsite,08/03/2017,,Active,Full Time,Yes,,,AUD,1.53,19635,22580,12833,14758,5/5,3.8,Yes,24.6,11.0,28/12/2022,40.0,Job Board,53.0,Yes,3.0
EMP0276,Emma Ng,Male,26/07/1979,Thai,Asia Pacific,Australia,Melbourne,Marketing,Marketing Executive,G2,Hybrid,14/05/2022,,Active,Contractor,Yes,,,AUD,1.53,9718,11176,6352,7305,3,2.9,N,17.1,3.0,2022-11-18,39.0,Internal Transfer,91.0,Yes,3.0
EMP0277,James Williams,Male,August 05 2001,Malaysian,Asia Pacific,Australia,Melbourne,Finance,Finance Manager,G4,Hybrid,March 10 2021,,Active,Full-time,Yes,,,AUD,1.53,15730,"$18,090",10281,11824,4,11.1,No,50.9,8.0,16/07/2023,20.0,referral,76.0,No,5.0
EMP0278,Siti Suwannarat,Female,22/10/1976,British,Asia Pacific,Australia,Sydney,Finance,Senior Finance Analyst,G3,Onsite,December 01 2021,,Active,Full-time,Yes,,,AUD,1.53,13365,"$15,370",8735,10046,3,8.0,Yes,5.7,2.0,2023-10-05,96.0,Agency,72.0,NO,3.0
EMP0279,Li Yamamoto,Male,1992-08-14,British,Asia Pacific,Australia,Melbourne,Sales,Account Executive,G2,Hybrid,2022-09-29,,Active,FT,Yes,,,AUD,1.53,9428,10842,6162,7086,5,11.7,Yes,64.7,2.0,17/08/2024,65.0,referral,70.0,Yes,5.0
EMP0280,Sarah Nguyen,Not Declared,04/04/2000,Japanese,Asia Pacific,Australia,Sydney,LEGAL,Legal Counsel,G3,Onsite,2020-12-23,,Active,Contractor,Yes,,,AUD,1.53,"12,859",14788,8405,9665,3,2.2,Yes,11.7,9.0,March 22 2022,80.0,Internal Transfer,23.0,Yes,3.0
EMP0281,Arjun Johnson,Male,1979-03-24,Japanese,Asia Pacific,India,Mumbai,IT,Senior Software Engineer,G3,Hybrid,19/12/2018,,Active,Full-time,Yes,,,INR,83.0,253688,291741,3056,3515,3,3.1,No,60.3,6.0,2023-10-11,47.0,Referral,79.0,Yes,3.0
EMP0282,Michael Singh,Female,January 15 1999,American,Asia Pacific,India,Mumbai,legal,Legal Assistant,G1,Hybrid,2019-02-07,,Active,Full Time,Yes,,,INR,83.0,109045,125402,1314,1511,4,0.9,No,69.8,11.0,2023-08-24,43.0,Job Board,68.0,N,5.0
EMP0283,Priya Park,Not Declared,July 23 1993,Indian,Asia Pacific,India,Bangalore,FINANCE,Finance Assistant,G1,Remote,January 13 2020,,Active,Full-time,Yes,,,INR,83.0,"$128,749",148061,1551,1784,3/5,6.2,No,37.5,10.0,January 02 2022,38.0,Job Board,47.0,Yes,3.0
EMP0284,Nguyen Koh,Male,31/07/1999,Thai,Asia Pacific,India,Bangalore,Lgl,Senior Legal Counsel,G4,Onsite,31/10/2022,,Terminated,Full-time,Yes,Involuntary,Performance,INR,83.0,348215,"$400,447",4195,4825,5,0.5,No,2.9,,,,LinkedIn,45.0,Yes,4.0
EMP0285,Somchai Charoenwong,FEMALE,16/08/1994,Vietnamese,Asia Pacific,India,Bangalore,Delivery,Delivery Coordinator,G1,Onsite,December 12 2021,,Active,Full Time,Yes,,,INR,83.0,105245,121032,1268,1458,5,1.9,NO,38.8,2.0,September 04 2022,60.0,Agency,59.0,Yes,5.0
EMP0286,Amanda Lee,m,2000-07-09,Indian,Asia Pacific,India,Delhi,Delivery,Project Manager,G3,Hybrid,2018-09-15,-,Terminated,Full-time,N,Involuntary,Performance,INR,83.0,281369,"323,574",3390,3898,5,13.4,Yes,,0.0,,53.0,Ref,93.0,Yes,4.0
EMP0287,Ong Lim,Male,February 26 2000,Thai,Asia Pacific,India,Delhi,Sls,Account Executive,G2,Hybrid,June 28 2022,,Active,Full-time,Yes,,,INR,83.0,169588,"$195,026",2043,2350,3,6.6,No,45.1,10.0,2024-07-19,24.0,Agency,20.0,Yes,3.0
EMP0288,Lim Smith,Male,July 27 1982,British,Asia Pacific,India,Bangalore,Delivery,Senior Project Manager,G4,Onsite,September 08 2020,-,Resigned,Full-time,Yes,Voluntary,Personal Reason,INR,83.0,342138,393459,4122,4740,4,10.0,Yes,42.5,6.0,February 23 2023,,LinkedIn,27.0,Yes,4.0
EMP0289,Li Chan,Male,14/04/1998,Indonesian,Asia Pacific,India,Bangalore,HR,HR Executive,G2,Remote,2024-02-14,,Active,Contractor,Yes,,,INR,83.0,185423,213236,2234,2569,3,14.6,YES,37.9,1.0,October 27 2023,51.0,Agency,35.0,Yes,4.0
EMP0290,Tan Wong,Male,1981-11-15,British,Asia Pacific,India,Bangalore,Delivery,Project Manager,G3,Remote,January 20 2021,,Terminated,Contractor,No,Involuntary,Contract Ended,INR,83.0,266916,"$306,953",3216,3698,4,11.4,Y,41.7,,,70.0,Job Board,33.0,Yes,3.0
EMP0291,Jessica Ong,Male,02/01/1981,American,Asia Pacific,India,Mumbai,Finance,Senior Finance Analyst,G3,Hybrid,30/04/2020,,Active,Full-time,Yes,,,INR,83.0,260580,"299,667",3140,3610,4,6.2,Yes,47.2,7.0,January 17 2023,86.0,Internal Transfer,88.0,No,4.0
EMP0292,James Li,Not Declared,10/10/2001,Vietnamese,Asia Pacific,India,Delhi,Marketing,Marketing Executive,G2,Hybrid,2022-11-27,,Active,FT,no,,,INR,83.0,166393,191352,2005,2305,5,7.0,Yes,8.0,10.0,15/06/2024,55.0,Job Board,36.0,Yes,4.0
EMP0293,Chris Wu,Female,07/06/1980,Hong Konger,Asia Pacific,India,Bangalore,Sales,Senior Sales Manager,G5,Hybrid,12/07/2018,August 12 2019,Terminated,EXPAT,no,Involuntary,Redundancy,INR,83.0,421144,484316,5074,5835,4/5,11.0,Yes,45.5,,,40.0,LinkedIn,27.0,No,5.0
EMP0294,Jose Johnson,NB,1981-07-25,Singaporean,Asia Pacific,India,Delhi,Marketing,Marketing Assistant,G1,Hybrid,March 09 2023,,Active,fulltime,Yes,,,INR,83.0,129929,"$149,418",1565,1800,1,4.9%,YES,64.8,10.0,07/02/2024,87.0,Referral,94.0,Y,5.0
EMP0295,kavya kim,Male,April 28 1992,Malaysian,Asia Pacific,India,Delhi,Marketing,Marketing Executive,G2,Remote,February 06 2024,,Active,contractor,Yes,,,INR,83.0,154497,177672,1861,2141,3,1.7,Yes,29.7,6.0,17/10/2022,32.0,JOB BOARD,66.0,Yes,5.0
EMP0296,Tan Smith,Female,September 11 1973,Vietnamese,Asia Pacific,India,Bangalore,H.R.,HR Specialist,G3,Onsite,2021-05-12,2024-12-31,Terminated,Full-time,NO,Involuntary,Contract Ended,INR,83.0,"238,613",274405,2875,3306,4,13.5%,Yes,44.4,0.0,2023-02-28,,Internal Transfer,70.0,no,3.0
EMP0297,Wei Koh,Female,10/12/1977,Filipino,Asia Pacific,India,Bangalore,Sales,Account Executive,G2,Hybrid,2020-08-03,,Active,Full-time,Yes,,,INR,83.0,145089,166852,1748,2010,5,10.2%,No,72.6,5.0,24/02/2023,95.0,Recruitment Agency,16.0,Yes,3.0
EMP0298,Koh Nguyen,Female,October 11 1982,Chinese,Asia Pacific,India,Delhi,legal,Legal Executive,G2,Hybrid,04/05/2020,05/02/2023,Resigned,Full-time,Yes,Voluntary,Personal Reason,INR,83.0,198180,"227,907",2388,2746,3,1.6,Yes,11.1,1.0,2023-01-30,11.0,Internal,79.0,Yes,3.0
EMP0299,NG JOHNSON,f,February 10 1973,British,Asia Pacific,India,Bangalore,finance,Senior Finance Analyst,G3,Onsite,August 11 2018,,Active,full time,n,,,INR,83.0,224518,258196,2705,3111,2,7.8,Yes,58.8,12.0,October 21 2023,43.0,Referral,44.0,Yes,
EMP0300,Tan Williams,Male,17/05/1990,Chinese,Asia Pacific,India,Bangalore,Legal,Legal Executive,G2,Onsite,15/12/2020,,Active,Intern,Yes,,,INR,83.0,145019,166772,1747,2009,3,11.1,y,26.8,1.0,July 30 2024,47.0,Internal Transfer,66.0,Yes,3.0
EMP0301,Sophie Choi,Female,24/10/1986,Taiwanese,Asia Pacific,India,Mumbai,Legal,Legal Executive,G2,Hybrid,January 27 2024,,Resigned,Full-time,Yes,Voluntary,Personal Reason,INR,83.0,"$137,784","$158,452",1660,1909,3/5,7.8%,Yes,41.6,2.0,2021-11-16,46.0,Referral,55.0,NO,3.0
EMP0302,Raj Lim,Female,1972-12-17,Indonesian,Asia Pacific,India,Delhi,Marketing,Marketing Manager,G5,Remote,January 04 2020,,Active,Full-time,Yes,,,INR,83.0,"$403,861","$464,440",4866,5596,2,8.4,No,15.6,7.0,2022-08-31,58.0,Internal Transfer,86.0,Yes,5.0
EMP0303,Fang Johnson,Male,1990-01-25,American,Asia Pacific,India,Delhi,HR,HR Manager,G6,Onsite,October 23 2018,,Resigned,Contractor,NO,Voluntary,Better Opportunity,INR,83.0,"500,000",575000,6024,6928,2,14.0,n,,4.0,June 20 2021,79.0,job board,,no,3.0
EMP0304,KOH YAMAMOTO,Female,15/12/1978,American,Asia Pacific,India,Mumbai,IT,Software Engineer,G2,Onsite,2022-01-12,,Active,Full Time,Yes,,,INR,83.0,"$184,327","$211,976",2221,2554,5,11.8%,Yes,30.0,6.0,2023-06-20,60.0,Job Board,25.0,no,2.0
EMP0305,Koh Charoenwong,Not Declared,February 27 1973,Indian,Asia Pacific,India,Bangalore,Marketing,Marketing Specialist,G3,Onsite,September 17 2020,,Active,Contractor,Yes,,,INR,83.0,225282,259074,2714,3121,4,3.0%,No,10.2,2.0,07/07/2022,10.0,Ref,25.0,Yes,3.0
EMP0306,raj wu,Male,11/06/1978,Indian,Asia Pacific,India,Mumbai,Sls,Account Executive,G2,Hybrid,30/04/2022,,Active,full time,Yes,,,INR,83.0,147049,169106,1772,2037,3,12.4,No,44.3,11.0,31/05/2023,35.0,Referral,23.0,Yes,2.0
EMP0307,Michael Wijaya,Female,23/01/1984,Chinese,Asia Pacific,India,Delhi,Delivery,Project Analyst,G2,Hybrid,2022-12-16,-,Resigned,Full-time,no,Voluntary,Further Studies,INR,83.0,179626,206570,2164,2489,3,14.2%,No,22.9,2.0,2021-01-29,65.0,Referral,38.0,NO,
EMP0308,Chan Brown,Male,19/07/1980,Chinese,Asia Pacific,India,Bangalore,IT,Tech Lead,G4,Hybrid,15/06/2020,,Active,Full-time,Yes,,,INR,83.0,328864,378194,3962,4557,4,9.2,Yes,44.3,6.0,February 04 2024,83.0,Referral,75.0,Yes,4.0
EMP0309,Chan Tanaka,Male,1991-12-02,Hong Konger,Asia Pacific,India,Bangalore,IT,Engineering Manager,G5,Onsite,27/01/2016,,Active,Full-time,Yes,,,INR,83.0,406159,467083,4893,5628,4,6.9,No,76.0,12.0,June 29 2023,16.0,job board,50.0,Yes,4.0
EMP0310,Arjun Ng,Not Declared,September 02 1982,Malaysian,Asia Pacific,India,Delhi,Sales,Account Executive,G2,Remote,14/02/2019,,Active,Full Time,Yes,,,INR,83.0,"$147,819","$169,992",1781,2048,1,9.7,N,32.0,3.0,July 03 2024,66.0,Int Transfer,71.0,Yes,3.0
EMP0311,Yuki Wong,Male,1998-11-15,Thai,Asia Pacific,India,Delhi,Legal,Legal Counsel,G3,Hybrid,September 27 2022,,Active,Full-time,Yes,,,INR,83.0,"225,994",259893,2723,3131,2,1.0,Yes,43.7,12.0,2023-04-27,18.0,Agency,58.0,Yes,2.0
EMP0312,Arjun Huang,Male,June 22 1991,Singaporean,Asia Pacific,India,Mumbai,HR,HR Executive,G2,Remote,July 17 2020,,Active,Full-time,y,,,INR,83.0,"180,929",208068,2180,2507,4,0.3,No,41.4,11.0,2024-04-29,60.0,LinkedIn,19.0,Yes,1.0
EMP0313,Raj Suwannarat,Female,07/05/1975,Taiwanese,Asia Pacific,India,Bangalore,Legal,Legal Counsel,G3,Onsite,2022-09-28,,Active,Contractor,Yes,,,INR,83.0,224614,258306,2706,3112,3,1.6,No,19.6,10.0,2023-09-04,85.0,Referral,53.0,Yes,4.0
EMP0314,Suresh Le,MALE,26/06/1973,Hong Konger,Asia Pacific,India,Mumbai,HR,Senior HR Business Partner,G5,Onsite,February 15 2015,January 07 2019,Terminated,Contractor,Yes,Involuntary,Misconduct,INR,83.0,"$409,500","470,925",4934,5674,4,14.6,No,16.8,4.0,03/09/2021,21.0,REFERRAL,18.0,No,3.0
EMP0315,sophie reyes,Male,1995-11-15,American,Asia Pacific,India,Bangalore,HR,HR Business Partner,G4,Onsite,17/05/2022,,Active,Full-time,Yes,,,INR,83.0,354829,408053,4275,4916,5,2.8,No,65.6,11.0,April 01 2022,89.0,Job Board,77.0,Yes,4.0
EMP0316,chen le,Female,2000-04-23,Chinese,Asia Pacific,India,Bangalore,IT,Software Engineer,G2,Hybrid,03/11/2021,,Active,CTR,Yes,,,INR,83.0,152324,175173,1835,2111,3,11.3,No,16.5,1.0,December 05 2023,56.0,Referral,84.0,Yes,5.0
EMP0317,jose jones,Female,08/08/1994,American,Asia Pacific,India,Bangalore,IT,Senior Software Engineer,G3,Hybrid,2020-12-09,,Active,Full-time,y,,,INR,83.0,"$287,632","$330,777",3465,3985,3/5,9.7%,Yes,56.7,4.0,2022-01-02,90.0,Int Transfer,78.0,Yes,5.0
EMP0318,Jin Santoso,Male,April 21 2001,Hong Konger,Asia Pacific,India,Bangalore,Legal,Legal Executive,G2,Hybrid,2023-10-22,,Resigned,Full-time,Yes,Voluntary,Further Studies,INR,83.0,144916,"$166,653",1746,2008,3,12.0,No,25.4,5.0,2023-10-02,30.0,Job Board,26.0,Y,2.0
EMP0319,Kavya Lin,Non Binary,08/12/1989,Australian,Asia Pacific,India,Bangalore,Marketing,Marketing Executive,G2,Onsite,09/05/2023,,Active,Contractor,Yes,,,INR,83.0,178652,"$205,450",2152,2475,3/5,1.8,Yes,17.2,8.0,24/08/2023,87.0,LinkedIn,57.0,Yes,5.0
EMP0320,lim chen,Male,1975-12-03,Korean,Asia Pacific,India,Bangalore,marketing,Marketing Specialist,G3,Hybrid,2021-10-28,,Active,Full-time,Yes,,,INR,83.0,266454,306422,3210,3692,4/5,1.6,N,25.2,9.0,2024-05-14,16.0,LinkedIn,60.0,Yes,3.0
EMP0321,sarah pham,FEMALE,July 03 1970,Indonesian,Asia Pacific,India,Mumbai,hr,HR Specialist,G3,Hybrid,26/12/2019,,Active,Full-time,Yes,,,INR,83.0,279888,321871,3372,3878,2,13.8,No,64.9,4.0,2024-08-30,53.0,Referral,64.0,NO,5.0
EMP0322,MEERA SANTOS,Female,13/07/1987,Vietnamese,Asia Pacific,India,Mumbai,Marketing,Senior Marketing Specialist,G4,Onsite,06/06/2018,August 20 2024,Terminated,Full-time,Yes,Involuntary,Misconduct,INR,83.0,344031,395636,4145,4767,3,1.1%,Yes,33.7,2.0,March 23 2021,31.0,Job Board,58.0,Yes,3.0
EMP0323,Amanda Liu,Female,22/03/1998,Thai,Asia Pacific,India,Delhi,Lgl,Legal Manager,G5,Onsite,06/07/2018,,Active,Contractor,Yes,,,INR,83.0,400238,"460,274",4822,5545,3,14.6,Yes,29.5,11.0,April 22 2024,35.0,Internal Transfer,39.0,Yes,3.0
EMP0324,Emma Huang,female,07/01/1981,Filipino,Asia Pacific,India,Delhi,IT,Tech Lead,G4,Hybrid,30/10/2020,,Active,Full-time,Yes,,,INR,83.0,"324,683",373385,3912,4499,5,12.2%,No,4.2,4.0,06/06/2023,94.0,Jobboard,85.0,YES,4.0
EMP0325,Koh Lin,Male,1999-08-15,Hong Konger,Asia Pacific,India,Bangalore,HR,HR Assistant,G1,Remote,2022-02-09,,Active,Full-time,Yes,,,INR,83.0,74872,"$86,103",902,1037,4,11.3,No,30.9,4.0,November 07 2022,12.0,Internal,43.0,Yes,3.0
EMP0326,NATTAPORN LI,f,10/07/1989,Hong Konger,Asia Pacific,India,Bangalore,Sales,Senior Account Executive,G3,Hybrid,10/08/2019,,Active,full time,Yes,,,INR,83.0,267795,307964,3226,3710,3,11.1,Yes,50.7,7.0,17/02/2022,59.0,Agency,77.0,Yes,3.0
EMP0327,Michael Singh,Not Declared,1980-12-12,Taiwanese,Asia Pacific,India,Delhi,Delivery,Delivery Coordinator,G1,Remote,12/05/2023,,Active,Intern,Yes,,,INR,83.0,"$60,476","69,547",729,838,3,6.7%,no,37.2,6.0,14/04/2023,34.0,agency,36.0,Yes,4.0
EMP0328,Nattaporn Wong,Female,1977-06-23,Chinese,Asia Pacific,India,Mumbai,H.R.,HR Executive,G2,Onsite,2020-12-21,,Active,Full-time,Yes,,,INR,83.0,156975,180521,1891,2175,3,0.3,n,49.8,2.0,2022-05-18,80.0,Agency,37.0,Yes,4.0
EMP0329,Suresh Wijaya,Female,September 29 1990,Malaysian,Asia Pacific,India,Mumbai,IT,Software Engineer,G2,Onsite,25/10/2020,,Active,Full-time,Yes,,,INR,83.0,131329,151028,1582,1820,3,0.0,Yes,64.7,11.0,19/03/2024,60.0,Job board,74.0,No,3.0
EMP0330,DEWI WIJAYA,Female,1978-11-30,Japanese,Asia Pacific,India,Delhi,HR,HR Executive,G2,Onsite,January 17 2024,,Active,Contractor,Yes,,,INR,83.0,"$180,444",207511,2174,2500,4,4.5,Yes,5.2,4.0,18/06/2024,33.0,Job Board,74.0,Yes,3.0
EMP0331,PRIYA BROWN,Female,1978-09-05,Thai,Asia Pacific,India,Mumbai,Marketing,Marketing Executive,G2,Hybrid,January 09 2022,,Active,Full-time,Yes,,,INR,83.0,"$171,909",197695,2071,2382,3,6.7,Yes,50.6,6.0,October 31 2023,36.0,LinkedIn,89.0,y,4.0
EMP0332,Ahmad Liu,Female,18/11/1979,Singaporean,Asia Pacific,India,Mumbai,HR,HR Executive,G2,Hybrid,March 04 2021,,Resigned,Full-time,No,Voluntary,Further Studies,INR,83.0,141664,162914,1707,1963,5,2.5,Yes,47.2,2.0,October 08 2023,,Job Board,58.0,Yes,5.0
EMP0333,Li Smith,FEMALE,October 28 1992,Thai,Asia Pacific,India,Bangalore,IT,Senior Engineering Manager,G6,Hybrid,May 15 2018,,Active,EXPAT,Yes,,,INR,83.0,"$500,000",575000,6024,6928,4,12.7,Yes,76.7,8.0,10/11/2022,93.0,Internal,67.0,Yes,3.0
EMP0334,Jessica Santos,FEMALE,17/04/1989,British,Asia Pacific,India,Delhi,Finance,Finance Analyst,G2,Remote,08/10/2022,,Active,Full-time,Yes,,,INR,83.0,153633,"$176,678",1851,2129,2/5,1.2,no,4.6,9.0,2024-05-27,54.0,LinkedIn,34.0,No,
EMP0335,Raj Lee,Female,October 28 1974,Thai,Asia Pacific,India,Delhi,Marketing,Marketing Executive,G2,Hybrid,11/03/2022,,Active,Full-time,Yes,,,INR,83.0,187872,216053,2264,2603,3/5,11.6%,YES,41.7,4.0,2023-08-05,13.0,AGENCY,75.0,YES,4.0
EMP0336,Budi Charoenwong,Not Declared,September 24 1980,Korean,Asia Pacific,India,Mumbai,IT,Senior Software Engineer,G3,Remote,24/05/2020,,Active,Contractor,Yes,,,INR,83.0,250572,288158,3019,3472,1/5,2.3,NO,9.0,1.0,2023-06-01,45.0,JOB BOARD,65.0,Yes,4.0
EMP0337,Suresh Jones,Male,1978-02-05,Filipino,Asia Pacific,India,Delhi,HR,HR Business Partner,G4,Hybrid,November 05 2020,,Active,Contractor,Yes,,,INR,83.0,306697,"352,702",3695,4249,3,12.4,N,20.0,6.0,31/10/2024,35.0,Job Board,90.0,Yes,4.0
EMP0338,Min Suwannarat,Male,February 25 1990,Thai,Asia Pacific,India,Mumbai,Legal,Legal Manager,G5,Remote,November 06 2017,,Active,Full-time,Yes,,,INR,83.0,399504,459430,4813,5535,3,12.3,Yes,4.2,1.0,05/06/2022,82.0,Agency,84.0,No,
EMP0339,Chris Huang,female,1973-07-29,Indonesian,Asia Pacific,India,Bangalore,Delivery,Project Analyst,G2,Hybrid,2020-06-15,,Active,Contractor,Yes,,,INR,83.0,138670,"$159,470",1671,1921,3,3.9%,Yes,36.4,12.0,December 02 2022,43.0,Agency,84.0,no,2.0
EMP0340,Ahmad Santoso,Female,1977-11-30,Filipino,Asia Pacific,India,Bangalore,Sales,Account Executive,G2,Onsite,20/12/2019,,Active,Intern,Yes,,,INR,83.0,"$151,131",173801,1821,2094,4,10.3,Yes,79.3,11.0,21/12/2023,13.0,Job Board,70.0,Yes,5.0
EMP0341,RAJ SHARMA,M,02/03/1970,Hong Konger,Asia Pacific,India,Delhi,Legal,Legal Assistant,G1,Remote,19/10/2022,2024-12-31,Resigned,Full-time,Yes,Voluntary,Further Studies,INR,83.0,"$99,422","114,335",1198,1378,2,2.0,no,43.6,0.0,12/10/2022,43.0,job board,28.0,Yes,5.0
EMP0342,Amanda Suzuki,Male,1986-04-06,Australian,Asia Pacific,India,Bangalore,HR,HR Manager,G6,Hybrid,21/05/2016,,Active,FT,Yes,,,INR,83.0,"$499,127","$573,996",6014,6916,3,4.1,n,45.8,9.0,2022-06-13,83.0,Internal Transfer,84.0,Yes,3.0
EMP0343,Chris Li,Not Declared,1995-03-05,American,Asia Pacific,India,Bangalore,sales,Account Executive,G2,Hybrid,March 01 2020,,Active,Full-time,no,,,INR,83.0,142226,163560,1714,1971,4,2.5,No,69.7,9.0,2023-05-04,99.0,LinkedIn,49.0,Yes,5.0
EMP0344,SURESH JONES,Male,March 11 1988,Hong Konger,Asia Pacific,India,Delhi,finance,Finance Manager,G4,Hybrid,26/01/2019,,Active,Contractor,YES,,,INR,83.0,376137,432558,4532,5212,3,10.7,Yes,23.0,1.0,May 28 2022,72.0,REFERRAL,50.0,No,4.0
EMP0345,Wong Guo,FEMALE,April 15 1982,Filipino,Asia Pacific,India,Bangalore,HR,HR Executive,G2,Hybrid,2019-09-09,-,Resigned,Contractor,Yes,Voluntary,Health Reasons,INR,83.0,"147,179",169256,1773,2039,3,2.7%,No,45.8,,September 13 2022,36.0,Agency,64.0,Yes,4.0
EMP0346,Li Wang,Male,27/10/1980,American,Asia Pacific,India,Mumbai,Legal,Legal Executive,G2,Onsite,December 10 2024,,Active,Contractor,Yes,,,INR,83.0,196877,"$226,409",2372,2728,1,14.4%,Yes,56.4,9.0,2024-05-09,61.0,LinkedIn,38.0,Yes,4.0
EMP0347,Ravi Koh,Female,1980-03-17,Filipino,Asia Pacific,India,Mumbai,Marketing,Marketing Assistant,G1,Hybrid,July 15 2020,30/04/2023,Resigned,Full-time,Yes,Voluntary,Further Studies,INR,83.0,"130,264",149804,1569,1805,4,10.8,n,22.3,,,10.0,Agency,72.0,No,5.0
EMP0348,seo charoenwong,Not Declared,February 23 1996,Malaysian,Asia Pacific,India,Bangalore,Marketing,Marketing Executive,G2,Onsite,January 01 2023,,Active,contractor,Yes,,,INR,83.0,138329,159078,1667,1917,4,14.7,Yes,54.7,4.0,2022-12-19,84.0,Referral,37.0,NO,3.0
EMP0349,priya park,Female,November 14 1974,Australian,Asia Pacific,India,Mumbai,Sales,Account Executive,G2,Hybrid,20/03/2020,,Active,Full-time,Yes,,,INR,83.0,138466,"159,236",1668,1919,4,10.7,No,44.3,10.0,2023-11-07,90.0,Referral,91.0,Y,5.0
EMP0350,Arjun Ong,non-binary,1975-01-29,Chinese,Asia Pacific,India,Delhi,IT,Software Engineer,G2,Onsite,2020-07-07,,Active,Full Time,Yes,,,INR,83.0,"$189,558","$217,992",2284,2626,4,3.6,Yes,69.2,9.0,2022-06-01,32.0,Internal Transfer,82.0,Yes,3.0
EMP0351,David Lin,Female,1971-05-06,Singaporean,Asia Pacific,India,Mumbai,Sales,Sales Executive,G1,Onsite,10/04/2019,,Active,Contractor,Yes,,,INR,83.0,65022,74775,783,901,3/5,11.1,n,10.2,12.0,25/01/2023,53.0,LinkedIn,83.0,Yes,4.0
EMP0352,siti lim,F,June 29 1992,Hong Konger,Asia Pacific,India,Bangalore,Sales,Sales Executive,G1,Hybrid,08/09/2024,,Active,Full-time,no,,,INR,83.0,102143,"117,464",1231,1415,1,3.9,y,30.2,6.0,2022-07-01,43.0,Internal Transfer,34.0,Yes,3.0
EMP0353,Michelle Williams,m,January 04 1998,Japanese,Asia Pacific,India,Delhi,Delivery,Senior Delivery Manager,G6,Hybrid,September 22 2015,03/08/2017,Resigned,FT,No,Voluntary,Further Studies,INR,83.0,500000,575000,6024,6928,4,3.9,No,38.6,7.0,2022-05-25,30.0,REFERRAL,23.0,yes,4.0
EMP0354,Haruto Le,Female,January 10 1977,Indonesian,Asia Pacific,India,Bangalore,Sales,Account Executive,G2,Remote,2019-06-23,,Active,Full-time,Yes,,,INR,83.0,178421,205184,2150,2472,3,8.2,Yes,18.6,12.0,17/02/2022,70.0,Job Board,67.0,Yes,4.0
EMP0355,Ong Wu,female,October 22 2000,Taiwanese,Asia Pacific,India,Bangalore,HR,HR Manager,G6,Hybrid,2017-06-04,,Active,Full-time,Yes,,,INR,83.0,467065,537125,5627,6471,4,3.9,Yes,57.9,7.0,March 31 2023,83.0,linkedin,91.0,Yes,5.0
EMP0356,Lakshmi Müller,Female,19/06/1987,Australian,Asia Pacific,India,Bangalore,IT,Senior Engineering Manager,G6,Onsite,November 18 2020,,Active,Expatriate,Yes,,,INR,83.0,454808,523029,5480,6302,4,15.0,Yes,12.1,7.0,2022-08-18,59.0,Internal Transfer,16.0,YES,4.0
EMP0357,Amanda Yang,F,1974-11-19,Chinese,Asia Pacific,India,Bangalore,Legal,Legal Executive,G2,Onsite,05/11/2022,,Active,Contractor,NO,,,INR,83.0,180970,208115,2180,2507,3,2.6,No,75.6,10.0,2024-11-01,23.0,Referral,57.0,Y,3.0
EMP0358,Jin Singh,Male,26/06/1972,Chinese,Asia Pacific,India,Bangalore,Finance,Finance Analyst,G2,Remote,December 29 2019,,Active,Contractor,y,,,INR,83.0,154312,177459,1859,2138,4/5,1.1,No,20.2,3.0,March 24 2023,33.0,Agency,70.0,Yes,4.0
EMP0359,Jose Pham,Not Declared,17/09/1993,Indian,Asia Pacific,India,Mumbai,IT,IT Support,G1,Onsite,May 23 2020,,Active,Full-time,Yes,,,INR,83.0,91510,105236,1103,1268,4,9.1,Yes,32.0,10.0,May 13 2022,82.0,Agency,17.0,Yes,3.0
EMP0360,RAVI WILLIAMS,Not Declared,April 05 1983,Indian,Asia Pacific,India,Delhi,Marketing,Senior Marketing Specialist,G4,Hybrid,2019-10-14,,Active,Full-time,Yes,,,INR,83.0,327697,"376,852",3948,4540,4,13.3,n,64.2,4.0,2022-12-25,90.0,LinkedIn,43.0,Yes,5.0
EMP0361,Ng Ong,MALE,1984-08-12,Taiwanese,Asia Pacific,India,Bangalore,Delivery,Project Manager,G3,Onsite,01/11/2022,-,Resigned,Full Time,No,Voluntary,Relocation,INR,83.0,224982,258729,2711,3117,2/5,10.4,Yes,33.0,2.0,05/01/2023,12.0,Agency,85.0,Yes,4.0
EMP0362,Meera Pham,Female,1998-01-31,American,Asia Pacific,India,Mumbai,HR,Senior HR Business Partner,G5,Hybrid,05/07/2017,,Active,Full-time,Yes,,,INR,83.0,420001,483001,5060,5819,4,13.6,Yes,79.9,2.0,March 03 2024,55.0,LinkedIn,39.0,Yes,5.0
EMP0363,Thomas Huang,Male,04/04/1972,Korean,Asia Pacific,India,Bangalore,Legal,Legal Executive,G2,Hybrid,2024-07-21,,Active,Full-time,Yes,,,INR,83.0,"154,633","177,828",1863,2143,2,14.1,No,59.2,7.0,2022-09-24,64.0,AGENCY,,Yes,4.0
EMP0364,James Suwannarat,Male,1979-02-02,Indonesian,Asia Pacific,India,Delhi,Tech,IT Support,G1,Remote,16/03/2024,December 31 2024,Resigned,Full-time,Yes,Voluntary,Personal Reason,INR,83.0,"$67,109",77175,809,930,4,3.6,Yes,7.9,5.0,2022-01-25,6.0,Internal Transfer,48.0,Yes,3.0
EMP0365,Sarah Williams,Female,1999-12-07,Chinese,Asia Pacific,India,Mumbai,Finance,Senior Finance Manager,G5,Hybrid,October 23 2016,April 26 2023,Resigned,Full-time,Yes,Voluntary,Better Opportunity,INR,83.0,"$450,002",517502,5422,6235,3,8.6,Yes,47.1,7.0,2023-05-23,19.0,Internal Transfer,29.0,Yes,4.0
EMP0366,Yuki Jones,Female,01/04/1993,Japanese,Asia Pacific,India,Mumbai,Sales,Sales Executive,G1,Hybrid,January 10 2019,,Active,Full Time,Y,,,INR,83.0,106442,122408,1282,1475,3/5,3.4,Yes,55.2,2.0,16/03/2024,71.0,Agency,,Yes,5.0
EMP0367,Chris Le,Male,07/02/1977,Indian,Asia Pacific,India,Mumbai,HR,Senior HR Business Partner,G5,Remote,July 30 2017,,Active,Full-time,Yes,,,INR,83.0,453201,521181,5460,6279,4/5,10.4,Yes,26.2,3.0,03/09/2023,89.0,Agency,93.0,Yes,4.0
EMP0368,WONG WONG,Not Declared,11/04/1990,Thai,Asia Pacific,India,Delhi,IT,Tech Lead,G4,Hybrid,2022-03-05,,Active,Full-time,y,,,INR,83.0,334182,384309,4026,4630,2,9.4,No,42.4,12.0,November 12 2022,85.0,Referral,88.0,Yes,2.0
EMP0369,ARUN SHARMA,Male,1977-07-14,Thai,Asia Pacific,India,Delhi,Marketing,Marketing Executive,G2,Hybrid,2023-03-15,,Active,Full-time,Yes,,,INR,83.0,"164,198",188828,1978,2275,3,5.9,NO,66.8,10.0,August 26 2023,27.0,Referral,32.0,Yes,5.0
EMP0370,jose dela cruz,Not Declared,16/09/1977,Filipino,Asia Pacific,India,Delhi,Marketing,Marketing Executive,G2,Hybrid,09/12/2024,,Active,Full-time,Yes,,,INR,83.0,133860,"$153,939",1613,1855,5,14.1,Yes,58.0,6.0,2024-01-20,12.0,Job Board,64.0,No,1.0
EMP0371,david patel,Female,09/02/1996,Malaysian,Asia Pacific,India,Mumbai,Legal,Senior Legal Counsel,G4,Remote,2019-05-11,,Active,FT,Yes,,,INR,83.0,"$327,643",376789,3948,4540,2,12.4,NO,20.5,3.0,2024-01-20,66.0,Referral,75.0,Yes,2.0
EMP0372,Tran Wu,Female,March 10 1995,Singaporean,Asia Pacific,India,Mumbai,Marketing,Senior Marketing Specialist,G4,Onsite,28/01/2017,,Active,Full-time,NO,,,INR,83.0,367319,422417,4426,5089,4,12.8,Yes,16.4,3.0,09/11/2023,60.0,Job Board,56.0,Yes,4.0
EMP0373,Chan Liu,Not Declared,13/10/1975,Thai,Asia Pacific,India,Mumbai,Marketing,Marketing Manager,G5,Remote,2019-10-20,,Active,Contractor,Yes,,,INR,83.0,450145,517667,5423,6237,1,0.6,Yes,27.3,11.0,16/04/2023,63.0,Referral,45.0,Yes,5.0
EMP0374,Haruto Dela Cruz,Female,1976-06-18,Vietnamese,Asia Pacific,India,Mumbai,Sales,Sales Manager,G4,Hybrid,2021-12-12,,Active,Full-time,Y,,,INR,83.0,336256,386694,4051,4659,4/5,1.9,No,78.8,12.0,December 10 2022,93.0,Agency,23.0,Yes,3.0
EMP0375,David Chan,Female,June 23 1985,Singaporean,Asia Pacific,India,Bangalore,Marketing,Marketing Executive,G2,Hybrid,23/12/2019,,Active,Full-time,Yes,,,INR,83.0,139508,160434,1681,1933,3,7.0%,Yes,78.0,9.0,2023-06-29,54.0,Job Board,88.0,No,4.0
EMP0376,Thomas Chan,Not Declared,May 08 1978,British,Asia Pacific,India,Mumbai,HR,HR Executive,G2,Hybrid,26/05/2021,08/01/2023,Resigned,Full-time,Yes,Voluntary,Further Studies,INR,83.0,143512,"$165,039",1729,1988,4,3.5,Yes,42.1,8.0,September 23 2022,10.0,Job Board,78.0,Y,3.0
EMP0377,thomas wang,Female,1981-01-21,Taiwanese,Asia Pacific,India,Delhi,marketing,Marketing Specialist,G3,Remote,06/04/2018,,Active,Full-time,Yes,,,INR,83.0,275360,316664,3318,3815,2,14.3,No,43.4,3.0,November 02 2022,13.0,LinkedIn,61.0,Yes,5.0
EMP0378,Fang Guo,Male,1980-08-15,Taiwanese,Asia Pacific,India,Mumbai,marketing,Marketing Executive,G2,Onsite,June 15 2019,,Active,Full-time,Yes,,,INR,83.0,148251,"170,489",1786,2054,5,9.7,No,69.0,10.0,October 19 2023,20.0,LinkedIn,35.0,NO,4.0
EMP0379,Wei Yamamoto,Female,1973-09-16,Malaysian,Asia Pacific,India,Mumbai,delivery,Project Manager,G3,Onsite,2018-04-17,,Active,full time,Yes,,,INR,83.0,227367,261472,2739,3150,3,3.1%,Yes,56.2,12.0,July 31 2024,47.0,Referral,92.0,Yes,3.0
EMP0380,Raj Smith,Male,19/01/1994,Singaporean,Asia Pacific,India,Delhi,Del,Project Analyst,G2,Remote,2022-05-19,,Active,Contractor,Yes,,,INR,83.0,181534,"208,764",2187,2515,3,1.5,Yes,64.0,11.0,2024-03-19,66.0,Referral,16.0,Yes,3.0
EMP0381,Chen Tan,Not Declared,10/04/1992,British,Asia Pacific,India,Mumbai,HR,HR Business Partner,G4,Remote,01/05/2018,,Active,Full-time,Yes,,,INR,83.0,"$373,832","429,907",4504,5180,4,8.1,Yes,62.0,3.0,March 11 2023,86.0,agency,34.0,no,5.0
EMP0382,Amanda Huang,Male,11/05/1985,Indonesian,Asia Pacific,India,Mumbai,Legal,Legal Director,G6,Remote,01/02/2015,,Active,Full-time,Yes,,,INR,83.0,462053,"$531,361",5567,6402,3,1.9,yes,73.0,7.0,October 13 2024,61.0,job board,54.0,Yes,4.0
EMP0383,KEVIN CHEN,Male,1988-07-04,Chinese,Asia Pacific,India,Bangalore,Fin,Finance Assistant,G1,Hybrid,2020-01-04,,Active,Full-time,Yes,,,INR,83.0,62069,71379,748,860,1,1.5%,No,31.8,2.0,2022-10-31,63.0,LinkedIn,22.0,N,2.0
EMP0384,Emma Santoso,Not Declared,2000-05-04,Indonesian,Asia Pacific,India,Bangalore,IT,Senior Software Engineer,G3,Onsite,2022-07-26,,Active,Full-time,Yes,,,INR,83.0,"$216,894",249428,2613,3005,3,10.1,No,19.2,7.0,November 17 2022,84.0,job board,70.0,No,3.0
EMP0385,Arjun Johnson,Female,July 30 1975,American,Asia Pacific,India,Delhi,LEGAL,Legal Assistant,G1,Onsite,24/08/2021,,Terminated,Intern,Yes,Involuntary,Redundancy,INR,83.0,"$130,819",150442,1576,1813,2/5,11.8,Yes,30.1,4.0,15/10/2023,32.0,Internal Transfer,78.0,Yes,3.0
EMP0386,Min Wong,Female,March 18 1978,Malaysian,Asia Pacific,India,Delhi,Delivery,Senior Project Manager,G4,Onsite,2020-03-30,,Resigned,Full-time,Yes,Voluntary,Personal Reason,INR,83.0,337517,388145,4066,4676,5,9.9,YES,30.9,8.0,2021-08-05,,LinkedIn,18.0,Yes,3.0
EMP0387,Ng Park,non-binary,31/12/1982,American,Asia Pacific,India,Mumbai,Delivery,Project Manager,G3,Remote,23/06/2021,,Active,Contractor,Yes,,,INR,83.0,"$226,453",260421,2728,3138,4,6.8%,No,31.1,9.0,2023-04-23,61.0,Job Board,62.0,Yes,
EMP0388,David Müller,Not Declared,17/02/1982,Japanese,Asia Pacific,India,Bangalore,Finance,Senior Finance Analyst,G3,Onsite,30/08/2022,,Active,Full-time,Yes,,,INR,83.0,244732,281442,2949,3391,5,10.1,No,54.5,1.0,2023-07-02,14.0,Agency,30.0,Yes,4.0
EMP0389,Wong Guo,Male,20/02/1983,Taiwanese,Asia Pacific,India,Bangalore,HR,Senior HR Business Partner,G5,Onsite,2018-03-05,,Active,Expat,Yes,,,INR,83.0,"422,369",485724,5089,5852,4,14.0,Yes,24.2,9.0,October 02 2023,24.0,Job Board,,Yes,3.0
EMP0390,priya smith,FEMALE,23/09/1987,Vietnamese,Asia Pacific,India,Delhi,Finance,Finance Director,G6,Hybrid,2015-10-07,,Active,Full-time,Yes,,,INR,83.0,"$446,066",512976,5374,6180,3/5,3.2,No,48.6,12.0,2023-05-24,42.0,Internal Transfer,35.0,No,4.0
EMP0391,Nattaporn Pham,Female,August 03 1975,Hong Konger,Asia Pacific,India,Delhi,HR Dept,HR Specialist,G3,Hybrid,03/03/2019,,Active,Full-time,no,,,INR,83.0,"$273,214",314196,3292,3785,3,12.7,Yes,60.3,12.0,May 14 2022,80.0,REFERRAL,91.0,Yes,4.0
EMP0392,Somchai Park,Not Declared,11/09/1997,Japanese,Asia Pacific,India,Delhi,Finance,Finance Manager,G4,Hybrid,09/12/2021,,Active,Full-time,YES,,,INR,83.0,"$347,340","$399,441",4185,4813,4,13.0%,Yes,48.7,6.0,April 11 2022,20.0,Internal Transfer,91.0,Yes,4.0
EMP0393,Yuki Chan,Male,June 05 1988,Korean,Asia Pacific,India,Delhi,Delivery,Delivery Coordinator,G1,Onsite,September 04 2022,,Active,Full-time,Yes,,,INR,83.0,"$93,957",108051,1132,1302,1/5,8.9,No,26.9,3.0,04/09/2023,58.0,Internal Transfer,21.0,Yes,3.0
EMP0394,Thomas Charoenwong,MALE,16/08/1995,Vietnamese,Asia Pacific,India,Bangalore,SALES,Regional Sales Manager,G6,Remote,26/02/2017,,Resigned,Expat,Yes,Voluntary,Further Studies,INR,83.0,470619,"$541,212",5670,6521,3,2.0%,YES,20.2,1.0,2022-11-16,28.0,LinkedIn,,No,5.0
EMP0395,Ahmad Wijaya,non-binary,1981-04-08,Chinese,Asia Pacific,India,Bangalore,Sales,Senior Account Executive,G3,Remote,26/01/2017,-,Terminated,Contractor,Yes,Involuntary,Contract Ended,INR,83.0,252106,289922,3037,3493,4,2.9,NO,52.9,0.0,July 14 2022,80.0,Jobboard,36.0,Yes,3.0
EMP0396,emma pham,Not Declared,March 01 2001,Japanese,Asia Pacific,India,Bangalore,Finance,Senior Finance Analyst,G3,Hybrid,January 05 2020,,Active,Full-time,Yes,,,INR,83.0,247405,"$284,516",2981,3428,3,5.5,No,29.7,3.0,2023-02-08,86.0,LinkedIn,39.0,Yes,4.0
EMP0397,Ong Lee,Male,August 06 1978,British,Asia Pacific,India,Bangalore,Sales,Senior Account Executive,G3,Onsite,26/10/2017,,Active,Contractor,Yes,,,INR,83.0,217408,"$250,019",2619,3012,4,12.0,Yes,63.6,4.0,March 27 2022,33.0,referral,,Yes,3.0
EMP0398,Yuki Johnson,Female,24/01/1993,American,Asia Pacific,India,Bangalore,HR,HR Business Partner,G4,Remote,February 17 2020,26/08/2024,Resigned,Full-time,Yes,Voluntary,Relocation,INR,83.0,321639,369885,3875,4456,4,5.4,Yes,13.0,8.0,,52.0,Agency,91.0,Yes,5.0
EMP0399,Michael Tanaka,Female,1974-09-11,Thai,Asia Pacific,India,Mumbai,Sales,Senior Account Executive,G3,Hybrid,August 11 2019,,Active,Full-time,Yes,,,INR,83.0,268981,309328,3241,3727,4,11.2,Yes,23.2,5.0,2022-09-28,91.0,Internal Transfer,90.0,Yes,3.0
EMP0400,ananya lee,Male,01/04/1975,Singaporean,Asia Pacific,India,Mumbai,Fin,Finance Analyst,G2,Hybrid,2024-11-08,,Active,Full-time,Yes,,,INR,83.0,134752,154965,1624,1867,5,7.6,Yes,55.0,9.0,September 11 2024,74.0,LinkedIn,,no,3.0
EMP0401,Seo Tanaka,Male,26/07/1971,Singaporean,Asia Pacific,Malaysia,Kuala Lumpur,Finance,Finance Manager,G4,Hybrid,2021-07-14,,Active,Contractor,Yes,,,MYR,4.7,18716,"21,523",3982,4579,3,4.9,No,32.8,2.0,November 10 2023,12.0,LinkedIn,64.0,Yes,1.0
EMP0402,Priya Kim,Female,March 13 1995,Japanese,Asia Pacific,Malaysia,Kuala Lumpur,finance,Senior Finance Analyst,G3,Hybrid,31/07/2018,,Active,Full-time,Yes,,,MYR,4.7,13667,15717,2908,3344,3/5,5.8,YES,5.2,4.0,2024-06-06,60.0,Internal Transfer,87.0,Yes,4.0
EMP0403,Chen Williams,Not Declared,1995-11-24,Chinese,Asia Pacific,Malaysia,Kuala Lumpur,Sales,Senior Sales Manager,G5,Hybrid,19/11/2015,,Active,Full-time,Yes,,,MYR,4.7,"$22,711",26118,4832,5557,5,5.5,Yes,9.5,8.0,January 10 2024,40.0,Agency,30.0,no,4.0
EMP0404,emma lee,Female,December 29 1984,Chinese,Asia Pacific,Malaysia,Kuala Lumpur,Marketing,Marketing Assistant,G1,Remote,December 18 2021,,Active,Internship,Yes,,,MYR,4.7,7499,8624,1596,1835,2,8.3,n,32.3,1.0,2023-10-16,49.0,Internal Transfer,88.0,Yes,3.0
EMP0405,Lakshmi Suwannarat,F,1970-03-24,Singaporean,Asia Pacific,Malaysia,Kuala Lumpur,HR,HR Specialist,G3,Hybrid,09/12/2019,,Active,Full-time,YES,,,MYR,4.7,12228,"14,062",2602,2992,3,5.8,No,74.2,6.0,13/01/2022,53.0,LINKEDIN,86.0,yes,2.0
EMP0406,Sophie Wang,Not Declared,31/01/1984,Taiwanese,Asia Pacific,Malaysia,Kuala Lumpur,HR,HR Assistant,G1,Hybrid,21/12/2019,,Active,Contractor,Y,,,MYR,4.7,5469,6289,1164,1338,4,10.5,Yes,53.1,10.0,2024-12-04,52.0,Internal Transfer,42.0,NO,3.0
EMP0407,Meera Choi,Female,13/12/1979,Taiwanese,Asia Pacific,Malaysia,Kuala Lumpur,Finance,Finance Assistant,G1,Hybrid,January 14 2023,,Active,Full-time,Yes,,,MYR,4.7,7381,8488,1570,1806,3,13.1,Yes,44.3,7.0,14/07/2023,98.0,Job Board,,Yes,4.0
EMP0408,JOSE CHAROENWONG,Female,31/05/1982,Korean,Asia Pacific,Malaysia,Kuala Lumpur,HR,HR Executive,G2,Onsite,14/12/2022,December 31 2024,Terminated,Full-time,Y,Involuntary,Performance,MYR,4.7,"9,387",10795,1997,2297,3,11.5,Yes,42.0,1.0,July 24 2021,80.0,Job Board,64.0,Yes,1.0
EMP0409,Wei Zhang,Male,20/08/1989,American,Asia Pacific,Malaysia,Kuala Lumpur,Legal,Senior Legal Counsel,G4,Remote,September 01 2017,,Resigned,Full-time,Yes,Voluntary,Personal Reason,MYR,4.7,18387,"21,145",3912,4499,3,13.2,No,41.2,5.0,,76.0,Job Board,71.0,Yes,4.0
EMP0410,Ng Kumar,Not Declared,1975-04-26,Singaporean,Asia Pacific,Malaysia,Kuala Lumpur,Legal,Legal Executive,G2,Remote,October 21 2023,,Active,Full-time,NO,,,MYR,4.7,"10,837",12463,2306,2652,3,1.1%,N,50.6,2.0,March 30 2023,99.0,Recruitment Agency,93.0,No,3.0
EMP0411,Thomas Brown,M,1991-06-27,Chinese,Asia Pacific,Malaysia,Kuala Lumpur,legal,Senior Legal Counsel,G4,Onsite,12/06/2019,,Active,Full-time,N,,,MYR,4.7,"16,941",19482,3604,4145,4/5,14.4%,Yes,21.1,1.0,March 15 2024,54.0,Job Board,35.0,Yes,
EMP0412,Min Pham,M,16/02/1973,Singaporean,Asia Pacific,Malaysia,Kuala Lumpur,Delivery,Senior Project Manager,G4,Onsite,September 24 2021,,Active,Contractor,Yes,,,MYR,4.7,16791,"19,310",3573,4109,4,14.4,Yes,35.5,5.0,2023-05-13,11.0,LinkedIn,65.0,Yes,4.0
EMP0413,Ji Reyes,MALE,1970-05-19,American,Asia Pacific,Malaysia,Kuala Lumpur,Delivery,Delivery Coordinator,G1,Hybrid,February 03 2021,,Active,Full-time,Yes,,,MYR,4.7,5977,6874,1272,1463,1,8.9,Yes,37.8,2.0,2023-12-07,86.0,Referral,85.0,Yes,4.0
EMP0414,Michelle Zhang,Female,11/07/1995,Korean,Asia Pacific,Malaysia,Kuala Lumpur,IT,Tech Lead,G4,Hybrid,21/01/2018,,Active,Full-time,Yes,,,MYR,4.7,"18,352",21105,3905,4490,4/5,11.6%,No,40.4,12.0,19/03/2023,16.0,Job Board,34.0,Yes,5.0
EMP0415,Min Tan,MALE,August 27 1972,Thai,Asia Pacific,Malaysia,Kuala Lumpur,Human Resources,HR Executive,G2,Remote,2021-05-15,,Resigned,Full-time,Yes,Voluntary,Personal Reason,MYR,4.7,"$9,957","11,451",2119,2436,4,10.1,No,7.7,0.0,02/11/2021,10.0,Job Board,31.0,Yes,3.0
EMP0416,Kavya Li,m,December 04 1975,Japanese,Asia Pacific,Malaysia,Kuala Lumpur,HR,HR Business Partner,G4,Remote,03/01/2018,01/05/2019,Resigned,Full-time,No,Voluntary,Further Studies,MYR,4.7,16505,18981,3512,4039,4,8.0,N,15.8,8.0,17/05/2021,31.0,Referral,40.0,No,1.0
EMP0417,Budi Nguyen,Male,October 12 1989,Filipino,Asia Pacific,Malaysia,Kuala Lumpur,IT,Senior Engineering Manager,G6,Onsite,February 11 2017,,Active,Expat,Yes,,,MYR,4.7,"23,425",26939,4984,5732,3,9.1%,Yes,18.4,3.0,February 29 2024,22.0,LinkedIn,33.0,Yes,4.0
EMP0418,Koh Liu,Male,September 08 1998,Malaysian,Asia Pacific,Malaysia,Kuala Lumpur,Delivery,Project Analyst,G2,Onsite,2023-04-07,,Active,Full-time,Yes,,,MYR,4.7,8708,"$10,014",1853,2131,3,2.0,No,79.2,8.0,January 18 2023,90.0,LinkedIn,45.0,Yes,3.0
EMP0419,Ong Tran,female,January 03 1988,Hong Konger,Asia Pacific,Malaysia,Kuala Lumpur,Delivery,Delivery Manager,G5,Onsite,October 06 2018,,Active,Contractor,Yes,,,MYR,4.7,"$20,346",23398,4329,4978,3,7.1,No,33.9,12.0,October 26 2024,44.0,LinkedIn,50.0,Yes,3.0
EMP0420,thomas wong,Male,1970-08-10,Vietnamese,Asia Pacific,Malaysia,Kuala Lumpur,Sales,Regional Sales Manager,G6,Hybrid,01/05/2016,,Active,Full-time,Yes,,,MYR,4.7,25000,"28,750",5319,6117,3,15.0,N,53.5,10.0,2023-02-05,32.0,referral,29.0,n,3.0
EMP0421,Ahmad Choi,Male,1979-05-20,Indonesian,Asia Pacific,Malaysia,Kuala Lumpur,Sales,Regional Sales Manager,G6,Onsite,2016-12-22,-,Resigned,Full-time,NO,Voluntary,Relocation,MYR,4.7,23941,"27,532",5094,5858,4,2.5,Yes,1.5,5.0,October 30 2021,36.0,Job Board,70.0,Y,3.0
EMP0422,michael lin,Male,December 12 1972,Thai,Asia Pacific,Malaysia,Kuala Lumpur,Finance,Finance Analyst,G2,Hybrid,2019-04-19,,Active,Full-time,Y,,,MYR,4.7,9498,10923,2021,2324,4/5,11.5,Yes,34.2,11.0,June 27 2022,54.0,Referral,40.0,Yes,3.0
EMP0423,sarah lee,Female,March 05 1980,Korean,Asia Pacific,Malaysia,Kuala Lumpur,Mktg,Marketing Executive,G2,Hybrid,29/01/2023,,Active,Contractor,Y,,,MYR,4.7,10353,"$11,906",2203,2533,4/5,3.3%,Yes,13.8,7.0,24/05/2024,18.0,Agency,75.0,Yes,4.0
EMP0424,Michelle Ong,NB,May 27 2000,Chinese,Asia Pacific,Malaysia,Kuala Lumpur,Delivery,Senior Delivery Manager,G6,Remote,July 12 2020,-,Resigned,Full Time,NO,Voluntary,Relocation,MYR,4.7,23360,26864,4970,5716,4,2.0,Yes,13.0,2.0,,,Internal Transfer,,Yes,3.0
EMP0425,Tan Brown,Male,28/12/1972,British,Asia Pacific,Malaysia,Kuala Lumpur,Delivery,Delivery Coordinator,G1,Hybrid,07/07/2024,31/12/2024,Resigned,FT,No,Voluntary,Further Studies,MYR,4.7,"$7,611",8753,1619,1862,4/5,9.8%,Yes,,3.0,24/12/2021,5.0,Recruitment Agency,44.0,Yes,4.0
EMP0426,Ong Charoenwong,Female,1970-10-05,Hong Konger,Asia Pacific,Malaysia,Kuala Lumpur,delivery,Delivery Coordinator,G1,Onsite,2021-05-16,,Active,Intern,Yes,,,MYR,4.7,6089,7002,1296,1490,4,0.9,No,65.7,1.0,June 04 2023,25.0,Referral,24.0,N,2.0
EMP0427,Jessica Brown,non-binary,April 26 1978,Indian,Asia Pacific,Malaysia,Kuala Lumpur,it,Tech Lead,G4,Hybrid,21/10/2020,-,Terminated,Full-time,Yes,Involuntary,Misconduct,MYR,4.7,18795,21614,3999,4599,5,14.1,n,41.9,1.0,February 22 2023,15.0,Internal Transfer,89.0,Yes,3.0
EMP0428,Chris Guo,Female,26/12/1987,Thai,Asia Pacific,Malaysia,Kuala Lumpur,Marketing,Marketing Specialist,G3,Remote,31/12/2017,,Active,Full-time,NO,,,MYR,4.7,"$14,762",16976,3141,3612,3,14.9,Yes,29.1,1.0,April 12 2024,32.0,AGENCY,75.0,Yes,3.0
EMP0429,david kim,F,April 02 2000,Malaysian,Asia Pacific,Malaysia,Kuala Lumpur,I.T.,Software Engineer,G2,Remote,April 02 2022,,Active,Contractor,Yes,,,MYR,4.7,9450,10868,2011,2312,4,5.0,Yes,74.1,7.0,June 09 2024,32.0,Agency,52.0,Yes,3.0
EMP0430,lim choi,Male,1972-02-22,Hong Konger,Asia Pacific,Malaysia,Kuala Lumpur,Legal,Legal Counsel,G3,Onsite,08/05/2022,,Active,Full-time,Yes,,,MYR,4.7,13704,15760,2916,3353,4,9.6,No,48.3,5.0,2022-07-24,32.0,linkedin,88.0,no,3.0
EMP0431,Arun Smith,Female,16/11/1972,Indian,Asia Pacific,Malaysia,Kuala Lumpur,Delivery,Project Manager,G3,Remote,2018-08-03,-,Resigned,Contract,Yes,Voluntary,Better Opportunity,MYR,4.7,"13,092",15056,2786,3203,3/5,10.6,Yes,20.2,7.0,June 01 2023,6.0,Internal,23.0,n,3.0
EMP0432,Budi Wong,Male,June 06 1999,Australian,Asia Pacific,Malaysia,Kuala Lumpur,HR Dept,HR Executive,G2,Onsite,30/08/2023,,Active,Full-time,no,,,MYR,4.7,"10,261",11800,2183,2511,3/5,12.3,No,6.5,11.0,05/10/2023,74.0,Referral,50.0,no,2.0
EMP0433,Jin Santos,Female,1985-02-08,Korean,Asia Pacific,Malaysia,Kuala Lumpur,Sales,Sales Manager,G4,Hybrid,01/07/2018,,Active,Full-time,Yes,,,MYR,4.7,18635,21430,3965,4560,1,0.2,Yes,47.6,2.0,2023-03-18,28.0,LinkedIn,43.0,no,4.0
EMP0434,Lee Wijaya,Male,October 06 1977,American,Asia Pacific,Malaysia,Kuala Lumpur,Finance,Finance Manager,G4,Remote,30/11/2018,,Active,Full-time,Yes,,,MYR,4.7,18378,21135,3910,4497,5,2.0,Yes,26.5,2.0,03/02/2022,18.0,Ref,31.0,Yes,2.0
EMP0435,EMMA NGUYEN,Female,1998-09-13,Chinese,Asia Pacific,Malaysia,Kuala Lumpur,Finance,Senior Finance Analyst,G3,Hybrid,06/04/2022,,Active,Full-time,Yes,,,MYR,4.7,"14,701","$16,906",3128,3597,2,2.3%,Yes,65.0,10.0,December 04 2023,45.0,INTERNAL,47.0,No,3.0
EMP0436,Michelle Reyes,Not Declared,30/03/1972,Taiwanese,Asia Pacific,Malaysia,Kuala Lumpur,HR,HR Specialist,G3,Remote,2022-06-09,,Active,Full-time,Yes,,,MYR,4.7,13884,"15,967",2954,3397,3,2.3,Yes,77.8,10.0,31/05/2023,73.0,Referral,29.0,Yes,3.0
EMP0437,Raj Ng,Male,2001-01-21,Chinese,Asia Pacific,Malaysia,Kuala Lumpur,Sales,Account Executive,G2,Hybrid,December 19 2023,,Resigned,Contractor,Yes,Voluntary,Health Reasons,MYR,4.7,9131,10501,1943,2234,4/5,0.2,Yes,46.0,1.0,2022-10-04,,Job Board,94.0,Yes,4.0
EMP0438,CHEN PARK,Not Declared,1976-01-02,Singaporean,Asia Pacific,Malaysia,Kuala Lumpur,DELIVERY,Project Analyst,G2,Hybrid,2022-03-16,,Active,Full-time,Yes,,,MYR,4.7,10475,"12,046",2229,2563,5,6.2%,Yes,48.9,6.0,2024-04-03,31.0,Ref,34.0,Yes,4.0
EMP0439,MIN LEE,Male,1977-12-06,British,Asia Pacific,Malaysia,Kuala Lumpur,Finance,Finance Assistant,G1,Onsite,05/03/2023,,Active,Intern,Yes,,,MYR,4.7,"7,483",8605,1592,1831,2,5.6,Yes,37.1,7.0,October 19 2024,99.0,Agency,28.0,Yes,3.0
EMP0440,Amanda Suwannarat,F,August 11 1998,Filipino,Asia Pacific,Malaysia,Kuala Lumpur,Legal,Legal Manager,G5,Onsite,2016-05-01,,Active,Full-time,Yes,,,MYR,4.7,20272,23313,4313,4960,4/5,1.7,Yes,74.7,3.0,2023-01-02,17.0,Referral,,Yes,
EMP0441,Lakshmi Suzuki,Female,1995-10-23,Korean,Asia Pacific,Malaysia,Kuala Lumpur,Marketing,Marketing Assistant,G1,Onsite,2021-03-26,,Active,Full-time,y,,,MYR,4.7,4612,"5,304",981,1129,5,6.3,Yes,56.3,3.0,January 05 2022,16.0,Recruitment Agency,35.0,Yes,3.0
EMP0442,Arjun Patel,Not Declared,15/04/2001,Filipino,Asia Pacific,Malaysia,Kuala Lumpur,FINANCE,Finance Manager,G4,Remote,2019-07-20,,Active,Full-time,Yes,,,MYR,4.7,"18,959",21803,4034,4639,5,7.5,No,55.2,4.0,2023-03-16,83.0,Job Board,25.0,y,5.0
EMP0443,Chen Wong,Not Declared,03/11/1972,Chinese,Asia Pacific,Malaysia,Kuala Lumpur,IT,Software Engineer,G2,Hybrid,May 29 2024,,Active,fulltime,Yes,,,MYR,4.7,7716,8873,1642,1888,4,10.9,NO,16.7,11.0,December 06 2024,19.0,Agency,24.0,Yes,4.0
EMP0444,Yuki Park,Male,June 09 1997,British,Asia Pacific,Malaysia,Kuala Lumpur,Legal,Legal Counsel,G3,Hybrid,January 10 2022,,Active,Full-time,Yes,,,MYR,4.7,"13,763",15827,2928,3367,5,2.4,Yes,49.8,11.0,June 10 2024,67.0,LinkedIn,53.0,No,4.0
EMP0445,Jessica Nguyen,Not Declared,1995-08-12,Thai,Asia Pacific,Malaysia,Kuala Lumpur,IT,Software Engineer,G2,Remote,August 26 2024,,Active,Contractor,Yes,,,MYR,4.7,9122,10490,1941,2232,3/5,6.9%,No,30.1,7.0,28/12/2024,20.0,Job Board,89.0,Yes,3.0
EMP0446,Arjun Singh,m,19/02/1982,Chinese,Asia Pacific,Malaysia,Kuala Lumpur,Sales,Account Executive,G2,Onsite,2019-01-03,,Active,full time,Yes,,,MYR,4.7,9437,10853,2008,2309,5,12.1,Yes,27.2,9.0,2023-05-01,66.0,Job Board,28.0,Yes,5.0
EMP0447,HARUTO LE,Female,12/05/1995,Malaysian,Asia Pacific,Malaysia,Kuala Lumpur,Sls,Senior Account Executive,G3,Hybrid,2017-08-01,,Active,Full-time,Yes,,,MYR,4.7,14193,16322,3020,3473,1,1.8%,Yes,35.5,11.0,13/03/2022,13.0,referral,30.0,NO,3.0
EMP0448,Lakshmi Suzuki,Female,22/02/1976,Indonesian,Asia Pacific,Malaysia,Kuala Lumpur,I.T.,Tech Lead,G4,Remote,January 11 2019,,Active,Full-time,YES,,,MYR,4.7,16763,19277,3567,4101,5/5,9.7,Yes,64.3,5.0,2024-10-18,38.0,JOB BOARD,51.0,Yes,4.0
EMP0449,Wong Wong,Male,10/03/1991,Malaysian,Asia Pacific,Malaysia,Kuala Lumpur,Sls,Senior Account Executive,G3,Hybrid,10/10/2021,,Active,Contractor,Yes,,,MYR,4.7,"13,603",15643,2894,3328,3,5.2,Yes,55.3,9.0,28/10/2023,25.0,Internal Transfer,36.0,Yes,4.0
EMP0450,Michael Ong,Male,1985-12-30,Japanese,Asia Pacific,Malaysia,Kuala Lumpur,Finance,Finance Analyst,G2,Hybrid,2024-03-04,,Active,Full-time,Yes,,,MYR,4.7,9930,11420,2113,2430,5,6.9,Yes,68.4,10.0,February 21 2023,13.0,referral,83.0,Yes,4.0
EMP0451,MICHAEL NG,Not Declared,03/07/1989,Indian,Asia Pacific,Malaysia,Kuala Lumpur,LEGAL,Senior Legal Counsel,G4,Hybrid,29/12/2021,,Active,Full-time,Yes,,,MYR,4.7,18765,21580,3993,4591,3,4.9,no,65.7,9.0,13/04/2022,19.0,Internal Transfer,60.0,Yes,3.0
EMP0452,Jose Patel,Not Declared,April 12 1996,Japanese,Asia Pacific,Malaysia,Kuala Lumpur,HR,HR Business Partner,G4,Hybrid,25/10/2020,,Active,Full-time,Yes,,,MYR,4.7,17755,20418,3778,4344,3/5,14.0,No,16.4,12.0,24/06/2022,59.0,Job Board,52.0,No,3.0
EMP0453,chen kim,Not Declared,27/12/1974,British,Asia Pacific,Malaysia,Kuala Lumpur,Marketing,Marketing Assistant,G1,Hybrid,2024-03-10,,Active,Intern,Yes,,,MYR,4.7,7435,8550,1582,1819,4,12.6,NO,26.7,9.0,January 20 2023,68.0,Jobboard,74.0,Yes,4.0
EMP0454,Chris Chen,Not Declared,January 09 1981,Hong Konger,Asia Pacific,Malaysia,Kuala Lumpur,IT,Tech Lead,G4,Hybrid,2020-10-10,July 09 2021,Resigned,Full-time,YES,Voluntary,Health Reasons,MYR,4.7,"$17,466",20086,3716,4274,4/5,5.6,Yes,55.5,3.0,February 05 2023,,Agency,83.0,Yes,4.0
EMP0455,Lee Suwannarat,Male,1989-02-19,Singaporean,Asia Pacific,Malaysia,Kuala Lumpur,Marketing,Marketing Assistant,G1,Remote,18/02/2020,,Active,Contractor,Yes,,,MYR,4.7,4564,5249,971,1117,3,13.2,Yes,58.3,4.0,31/03/2024,16.0,Recruitment Agency,82.0,Yes,4.0
EMP0456,Thomas Guo,Female,23/04/1987,British,Asia Pacific,Malaysia,Kuala Lumpur,IT,Software Engineer,G2,Onsite,January 02 2023,-,Resigned,Full-time,no,Voluntary,Further Studies,MYR,4.7,9631,11076,2049,2357,4,12.6,No,10.9,,,80.0,Job Board,58.0,No,4.0
EMP0457,Somchai Sharma,m,September 06 1971,Malaysian,Asia Pacific,Malaysia,Kuala Lumpur,Delivery,Project Manager,G3,Hybrid,27/05/2019,,Active,Full-time,Yes,,,MYR,4.7,13180,15157,2804,3225,3,14.0%,no,11.8,11.0,June 15 2023,71.0,Job Board,89.0,Yes,3.0
EMP0458,maria santoso,Male,1984-09-28,Chinese,Asia Pacific,Malaysia,Kuala Lumpur,Delivery,Delivery Manager,G5,Remote,19/05/2016,February 10 2017,Resigned,Full-time,Yes,Voluntary,Further Studies,MYR,4.7,"$22,085",25398,4699,5404,4,12.3%,No,2.1,3.0,2023-12-07,41.0,Referral,71.0,Yes,4.0
EMP0459,seo singh,MALE,1987-10-05,Indian,Asia Pacific,Malaysia,Kuala Lumpur,Legal,Legal Executive,G2,Remote,December 09 2021,,Resigned,Full-time,n,Voluntary,Personal Reason,MYR,4.7,8020,9223,1706,1962,3,4.2%,Yes,29.7,4.0,,22.0,Referral,24.0,Yes,4.0
EMP0460,Sarah Wong,F,2001-02-15,Taiwanese,Asia Pacific,Malaysia,Kuala Lumpur,Delivery,Project Analyst,G2,Hybrid,25/12/2024,,Active,Contractor,NO,,,MYR,4.7,8217,"9,450",1748,2011,3,6.5,no,20.3,8.0,25/01/2022,23.0,Job Board,36.0,Yes,4.0
EMP0461,ARUN KUMAR,Female,1979-09-13,Hong Konger,Asia Pacific,Malaysia,Kuala Lumpur,IT,IT Support,G1,Onsite,2020-12-04,,Active,Full-time,Yes,,,MYR,4.7,"6,236",7171,1327,1526,3,0.6,Yes,71.2,11.0,2024-03-09,55.0,Referral,47.0,Yes,4.0
EMP0462,budi tan,Male,1974-03-02,Taiwanese,Asia Pacific,Malaysia,Kuala Lumpur,IT,IT Support,G1,Hybrid,10/01/2022,,Active,Intern,Yes,,,MYR,4.7,6881,7913,1464,1684,5,11.0,Yes,27.2,8.0,August 29 2024,89.0,Job Board,41.0,Yes,4.0
EMP0463,TRAN DELA CRUZ,M,08/10/1974,Hong Konger,Asia Pacific,Malaysia,Kuala Lumpur,Delivery,Delivery Coordinator,G1,Hybrid,2023-10-27,,Active,Intern,Yes,,,MYR,4.7,6965,"$8,010",1482,1704,3,9.1,Yes,35.4,8.0,May 26 2024,81.0,Internal Transfer,31.0,N,2.0
EMP0464,DEWI SHARMA,Not Declared,1993-09-25,American,Asia Pacific,Malaysia,Kuala Lumpur,sales,Sales Manager,G4,Hybrid,2018-06-08,,Active,Contractor,Yes,,,MYR,4.7,"19,262","$22,151",4098,4713,3,4.0%,Yes,38.1,1.0,2024-10-29,24.0,referral,82.0,N,3.0
EMP0465,Ji Le,Female,May 05 1990,Malaysian,Asia Pacific,Malaysia,Kuala Lumpur,Marketing,Marketing Assistant,G1,Hybrid,November 04 2024,,Active,Intern,Yes,,,MYR,4.7,7778,8945,1655,1903,2,1.8,No,5.8,2.0,February 27 2024,61.0,Referral,32.0,Yes,4.0
EMP0466,HARUTO KOH,Male,07/10/1996,British,Asia Pacific,Malaysia,Kuala Lumpur,SALES,Regional Sales Manager,G6,Onsite,17/10/2017,2021-01-09,Resigned,Full-time,Yes,Voluntary,Further Studies,MYR,4.7,24495,28169,5212,5993,4,5.5%,yes,45.6,4.0,,,Agency,16.0,Yes,4.0
EMP0467,Lee Singh,NB,1974-02-09,Korean,Asia Pacific,Malaysia,Kuala Lumpur,Marketing,Marketing Executive,G2,Onsite,03/10/2024,31/12/2024,Resigned,full time,Yes,Voluntary,Personal Reason,MYR,4.7,8735,10045,1859,2137,5,7.5%,No,28.1,5.0,30/01/2022,13.0,referral,73.0,Y,3.0
EMP0468,Min Patel,Female,21/01/1971,Singaporean,Asia Pacific,Malaysia,Kuala Lumpur,HR,HR Assistant,G1,Onsite,2024-02-21,,Active,Full-time,Yes,,,MYR,4.7,7373,8479,1569,1804,5/5,3.0,No,47.2,11.0,2024-05-24,16.0,LinkedIn,48.0,No,1.0
EMP0469,Min Yang,Male,1974-10-21,Hong Konger,Asia Pacific,Malaysia,Kuala Lumpur,HR,HR Executive,G2,Hybrid,19/04/2021,,Active,Intern,Yes,,,MYR,4.7,10410,11971,2215,2547,3/5,5.2,No,10.3,7.0,December 31 2024,25.0,Agency,31.0,Yes,3.0
EMP0470,Seo Park,Female,December 21 1997,Thai,Asia Pacific,Malaysia,Kuala Lumpur,IT,Senior Software Engineer,G3,Onsite,September 04 2017,,Active,full time,NO,,,MYR,4.7,11893,13677,2530,2910,5,1.6,Yes,42.0,8.0,2023-09-10,98.0,REFERRAL,49.0,Yes,3.0
EMP0471,Nattaporn Le,Male,21/07/1975,Australian,Asia Pacific,Malaysia,Kuala Lumpur,Delivery,Senior Project Manager,G4,Onsite,2017-11-25,,Active,Full-time,YES,,,MYR,4.7,15978,18375,3400,3910,4,3.5,Yes,55.5,5.0,October 21 2024,89.0,internal,23.0,N,5.0
EMP0472,Arjun Pham,Not Declared,05/01/1989,Singaporean,Asia Pacific,Malaysia,Kuala Lumpur,Sales,Senior Sales Manager,G5,Hybrid,August 31 2020,June 06 2023,Terminated,Full-time,Yes,Involuntary,Performance,MYR,4.7,"$21,041",24197,4477,5148,4,9.3,No,,,January 28 2021,74.0,Job Board,45.0,Yes,4.0
EMP0473,Arjun Müller,non-binary,January 26 1999,Thai,Asia Pacific,Malaysia,Kuala Lumpur,Sales,Regional Sales Manager,G6,Remote,2018-09-08,,Resigned,Expat,Yes,Voluntary,Personal Reason,MYR,4.7,"24,051",27659,5117,5885,4,0.3,No,40.6,8.0,24/08/2023,,Job Board,22.0,y,5.0
EMP0474,Jessica Charoenwong,Male,1990-01-26,American,Asia Pacific,Malaysia,Kuala Lumpur,it,Senior Software Engineer,G3,Remote,29/01/2017,,Active,Full-time,Yes,,,MYR,4.7,11820,13593,2515,2892,4,8.2,No,39.4,9.0,06/03/2022,11.0,Agency,52.0,Yes,3.0
EMP0475,Chen Wang,Male,1981-01-11,Hong Konger,Asia Pacific,Malaysia,Kuala Lumpur,Sales,Regional Sales Manager,G6,Onsite,2016-08-04,,Active,Full-time,Yes,,,MYR,4.7,22658,26057,4821,5544,3,4.5,Yes,9.5,8.0,2022-01-20,30.0,Agency,,n,4.0
EMP0476,Suresh Wang,Female,03/04/1980,Singaporean,Asia Pacific,Malaysia,Kuala Lumpur,Finance,Finance Assistant,G1,Hybrid,2023-02-02,,Active,Intern,Yes,,,MYR,4.7,7744,8906,1648,1895,4,6.1,No,21.6,10.0,2023-11-07,31.0,internal,15.0,Yes,5.0
EMP0477,Jessica Charoenwong,Male,04/07/1980,Hong Konger,Asia Pacific,Malaysia,Kuala Lumpur,Legal,Senior Legal Counsel,G4,Onsite,2020-10-30,,Active,Full-time,Yes,,,MYR,4.7,"$18,840",21666,4009,4610,4,11.4,No,39.1,4.0,February 25 2024,12.0,Agency,70.0,Yes,3.0
EMP0478,Ravi Ong,Male,September 18 1979,Australian,Asia Pacific,Malaysia,Kuala Lumpur,IT,Software Engineer,G2,Onsite,30/01/2021,,Active,Contractor,Yes,,,MYR,4.7,"7,815",8987,1663,1912,3,12.7%,No,55.1,7.0,April 13 2022,25.0,Referral,65.0,Yes,3.0
EMP0479,Ng Choi,Female,1991-05-07,Filipino,Asia Pacific,Malaysia,Kuala Lumpur,Delivery,Delivery Coordinator,G1,Hybrid,2024-12-06,,Active,Full-time,Yes,,,MYR,4.7,"6,017",6920,1280,1472,2/5,13.4,No,64.6,9.0,07/12/2024,99.0,Internal Transfer,37.0,Yes,3.0
EMP0480,wei suwannarat,FEMALE,1988-06-16,Vietnamese,Asia Pacific,Malaysia,Kuala Lumpur,HR,HR Business Partner,G4,Hybrid,2020-10-20,,Active,Full-time,YES,,,MYR,4.7,18828,21652,4006,4607,4,12.9,Y,63.4,5.0,2022-10-29,86.0,Job Board,66.0,NO,4.0
EMP0481,Tran Le,Not Declared,1988-02-17,Hong Konger,Asia Pacific,Thailand,Bangkok,Marketing,Marketing Executive,G2,Hybrid,2020-02-29,2020-09-28,Terminated,Contractor,yes,Involuntary,Performance,THB,36.0,59824,68798,1662,1911,3/5,14.4%,Yes,5.7,4.0,,40.0,Linked In,84.0,Yes,4.0
EMP0482,Min Chen,Female,March 04 1977,Hong Konger,Asia Pacific,Thailand,Bangkok,Lgl,Senior Legal Counsel,G4,Remote,22/01/2017,01/12/2017,Terminated,fulltime,Yes,Involuntary,Misconduct,THB,36.0,123895,142479,3442,3958,4/5,12.3,Yes,,3.0,,79.0,Job Board,26.0,Yes,5.0
EMP0483,Lakshmi Yang,Male,22/04/1990,Korean,Asia Pacific,Thailand,Bangkok,HR,HR Specialist,G3,Hybrid,2017-01-12,,Active,Full-time,Yes,,,THB,36.0,94221,108354,2617,3010,3/5,13.1,Yes,45.5,11.0,2022-07-31,61.0,referral,36.0,Yes,3.0
EMP0484,siti sharma,Female,1999-03-31,Japanese,Asia Pacific,Thailand,Bangkok,Legal,Legal Executive,G2,Hybrid,2021-07-15,,Active,Internship,y,,,THB,36.0,"$74,609",85800,2072,2383,4,0.5%,No,48.1,9.0,2023-08-07,73.0,Referral,46.0,Yes,5.0
EMP0485,Suresh Santos,Non Binary,19/12/1996,Hong Konger,Asia Pacific,Thailand,Bangkok,finance,Finance Director,G6,Hybrid,2020-07-26,,Active,Full-time,Yes,,,THB,36.0,171535,197265,4765,5480,4,4.2,Yes,5.1,3.0,04/07/2023,68.0,Internal Transfer,72.0,Y,2.0
EMP0486,Lim Singh,Female,May 28 1975,Vietnamese,Asia Pacific,Thailand,Bangkok,Sales,Sales Manager,G4,Hybrid,11/10/2018,2022-04-13,Resigned,Full-time,Yes,Voluntary,Relocation,THB,36.0,"$132,424",152288,3678,4230,2,10.4,No,19.1,2.0,,24.0,LinkedIn,71.0,Yes,4.0
EMP0487,Chris Chen,Male,28/07/1983,Japanese,Asia Pacific,Thailand,Bangkok,Mktg,Marketing Specialist,G3,Hybrid,15/04/2021,,Active,Contractor,Yes,,,THB,36.0,90515,104092,2514,2891,3/5,2.6,Yes,46.4,6.0,July 15 2022,42.0,Internal Transfer,36.0,Y,4.0
EMP0488,Li Müller,Female,1975-08-16,Taiwanese,Asia Pacific,Thailand,Bangkok,Marketing,Senior Marketing Specialist,G4,Hybrid,07/06/2019,,Active,Contractor,Yes,,,THB,36.0,123153,141626,3421,3934,3/5,11.8,Yes,46.2,3.0,2023-01-11,88.0,LinkedIn,83.0,Y,4.0
EMP0489,Suresh Kumar,Not Declared,July 01 2001,Taiwanese,Asia Pacific,Thailand,Bangkok,IT,Software Engineer,G2,Hybrid,06/08/2023,,Active,Full-time,Yes,,,THB,36.0,75445,"86,762",2096,2410,3,12.6,No,31.5,4.0,January 15 2023,16.0,agency,17.0,Yes,2.0
EMP0490,Sarah Williams,Male,May 15 1984,Filipino,Asia Pacific,Thailand,Bangkok,legal,Legal Counsel,G3,Remote,13/08/2017,,Active,FT,Yes,,,THB,36.0,"$88,615","101,907",2462,2831,3,10.6%,No,30.9,1.0,29/10/2023,31.0,Ref,69.0,Y,4.0
EMP0491,Sophie Brown,Female,June 23 1993,Indonesian,Asia Pacific,Thailand,Bangkok,Information Technology,Senior Engineering Manager,G6,Hybrid,May 03 2017,,Active,expat,Yes,,,THB,36.0,164821,"189,544",4578,5265,5,12.3,No,65.5,8.0,03/11/2023,87.0,LinkedIn,71.0,Yes,5.0
EMP0492,Haruto Yamamoto,Not Declared,26/06/1970,Indian,Asia Pacific,Thailand,Bangkok,Legal,Legal Manager,G5,Onsite,31/03/2019,,Active,EXPAT,Yes,,,THB,36.0,154426,177590,4290,4933,1/5,10.3,Yes,43.2,12.0,2023-06-30,16.0,LinkedIn,15.0,Yes,5.0
EMP0493,Dewi Jones,Female,1974-03-18,Thai,Asia Pacific,Thailand,Bangkok,Finance,Senior Finance Analyst,G3,Hybrid,16/02/2022,,Active,Full-time,NO,,,THB,36.0,87477,100599,2430,2794,4/5,12.6,No,30.7,7.0,June 10 2023,91.0,Job Board,64.0,no,5.0
EMP0494,Jose Sharma,Not Declared,April 10 1987,Singaporean,Asia Pacific,Thailand,Bangkok,Legal,Legal Director,G6,Hybrid,October 21 2019,-,Resigned,Full-time,Yes,Voluntary,Better Opportunity,THB,36.0,166396,191355,4622,5315,1,7.2,Yes,49.0,1.0,2021-10-05,,Referral,75.0,No,4.0
EMP0495,Lim Müller,Not Declared,1991-08-09,Filipino,Asia Pacific,Thailand,Bangkok,HR,HR Business Partner,G4,Onsite,August 14 2020,2024-07-03,Resigned,Contractor,Yes,Voluntary,Health Reasons,THB,36.0,116908,134444,3247,3735,4,8.4%,NO,32.7,7.0,,15.0,LinkedIn,66.0,Yes,5.0
EMP0496,Meera Chan,Male,1990-10-19,Australian,Asia Pacific,Thailand,Bangkok,Information Technology,Tech Lead,G4,Onsite,June 15 2020,,Active,Full-time,Yes,,,THB,36.0,"$129,595",149034,3600,4140,3,3.1,No,44.7,11.0,2023-04-26,98.0,LinkedIn,45.0,No,5.0
EMP0497,Amanda Lee,female,1980-05-29,Chinese,Asia Pacific,Thailand,Bangkok,Marketing,Senior Marketing Specialist,G4,Onsite,02/10/2019,,Active,Contractor,Yes,,,THB,36.0,"134,287",154430,3730,4290,4,12.3%,Yes,59.1,2.0,2024-04-28,52.0,linkedin,63.0,No,3.0
EMP0498,Sarah Reyes,M,January 07 1990,American,Asia Pacific,Thailand,Bangkok,HR Dept,HR Executive,G2,Onsite,September 26 2019,,Active,Full-time,yes,,,THB,36.0,68189,"$78,417",1894,2178,4,6.2,Yes,70.1,5.0,2023-09-05,86.0,Agency,18.0,Yes,
EMP0499,James Kumar,Not Declared,December 27 1975,British,Asia Pacific,Thailand,Bangkok,HR,HR Executive,G2,Hybrid,2020-12-18,,Active,Intern,Yes,,,THB,36.0,71640,"$82,386",1990,2288,5/5,4.2,Yes,65.0,7.0,12/01/2023,68.0,Agency,77.0,N,1.0
EMP0500,Arun Johnson,MALE,18/03/1981,Hong Konger,Asia Pacific,Thailand,Bangkok,IT,Senior Software Engineer,G3,Hybrid,17/04/2020,,Active,Full-time,Yes,,,THB,36.0,"105,767",121632,2938,3379,5,4.6,Yes,20.9,7.0,June 08 2023,55.0,LinkedIn,71.0,y,3.0
EMP0501,James Ong,f,02/02/1988,Japanese,Asia Pacific,Thailand,Bangkok,IT,Senior Software Engineer,G3,Hybrid,29/10/2017,,Active,Full-time,Yes,,,THB,36.0,99107,113973,2753,3166,3,13.7,No,72.8,3.0,2022-04-14,96.0,Referral,64.0,Yes,4.0
EMP0502,Ng Choi,female,1994-10-19,Korean,Asia Pacific,Thailand,Bangkok,IT,Engineering Manager,G5,Onsite,15/03/2020,,Active,expat,Yes,,,THB,36.0,"145,495",167319,4042,4648,5,6.5%,Yes,22.8,9.0,December 20 2022,14.0,Agency,46.0,Yes,4.0
EMP0503,Dewi Huang,Male,October 02 1982,Korean,Asia Pacific,Thailand,Bangkok,Marketing,Marketing Assistant,G1,Hybrid,2021-04-16,,Active,Intern,Yes,,,THB,36.0,"40,714",46821,1131,1301,5,12.7,no,6.5,10.0,June 09 2024,68.0,Job Board,32.0,Yes,
EMP0504,Arun Park,Male,11/02/1999,British,Asia Pacific,Thailand,Bangkok,Legal,Legal Counsel,G3,Remote,2017-12-15,,Active,Full-time,Yes,,,THB,36.0,100571,115657,2794,3213,1,9.2%,n,75.2,7.0,14/11/2023,98.0,referral,52.0,NO,
EMP0505,Arjun Ong,Not Declared,October 02 1999,Indian,Asia Pacific,Thailand,Bangkok,HR,HR Assistant,G1,Remote,2019-10-18,,Active,Intern,Yes,,,THB,36.0,"$37,641","43,287",1046,1202,3,2.8,no,65.6,5.0,18/07/2023,86.0,Agency,15.0,Yes,1.0
EMP0506,Lim Choi,Female,January 11 1974,Vietnamese,Asia Pacific,Thailand,Bangkok,Delivery,Project Analyst,G2,Remote,22/11/2022,,Active,Full-time,Yes,,,THB,36.0,"60,122",69140,1670,1921,3/5,9.1%,Yes,64.4,9.0,2022-01-03,41.0,Internal Transfer,27.0,Yes,3.0
EMP0507,Dewi Chen,Male,1981-02-25,Hong Konger,Asia Pacific,Thailand,Bangkok,Sales,Sales Manager,G4,Hybrid,09/04/2017,,Active,fulltime,Yes,,,THB,36.0,124948,143690,3471,3991,3,14.1,No,22.1,6.0,2024-03-28,72.0,Agency,17.0,Yes,1.0
EMP0508,Somchai Singh,Not Declared,May 25 1972,Japanese,Asia Pacific,Thailand,Bangkok,Sales,Sales Manager,G4,Hybrid,2022-06-02,,Active,Intern,Yes,,,THB,36.0,119537,"$137,468",3320,3819,5,10.7%,Yes,50.8,9.0,August 01 2023,88.0,LinkedIn,33.0,yes,2.0
EMP0509,Maria Ong,Female,02/06/2000,Singaporean,Asia Pacific,Thailand,Bangkok,IT,Senior Software Engineer,G3,Hybrid,15/02/2020,,Active,Full-time,Yes,,,THB,36.0,"$108,506",124782,3014,3466,2,8.0,No,62.7,11.0,07/02/2023,17.0,LinkedIn,24.0,N,4.0
EMP0510,Siti Park,Male,October 11 1986,Vietnamese,Asia Pacific,Thailand,Bangkok,sales,Senior Account Executive,G3,Hybrid,May 10 2021,,Active,full time,Yes,,,THB,36.0,"$107,775",123941,2994,3443,2/5,3.5%,Yes,22.1,1.0,30/01/2024,14.0,Internal,26.0,Yes,5.0
EMP0511,Sophie Wijaya,Not Declared,June 13 1986,Malaysian,Asia Pacific,Thailand,Bangkok,Sales,Sales Executive,G1,Remote,20/06/2019,,Active,Full-time,Yes,,,THB,36.0,"$43,329",49828,1204,1384,2/5,14.5,Yes,65.9,8.0,August 28 2023,70.0,Agency,95.0,Yes,3.0
EMP0512,Budi Charoenwong,Female,14/01/1977,British,Asia Pacific,Thailand,Bangkok,finance,Senior Finance Analyst,G3,Hybrid,14/07/2022,,Active,Full-time,NO,,,THB,36.0,"$102,286",117629,2841,3267,3/5,3.5,No,11.8,7.0,October 13 2022,38.0,Job Board,,Yes,4.0
EMP0513,Nguyen Suwannarat,Female,August 15 1993,Vietnamese,Asia Pacific,Thailand,Bangkok,Mktg,Marketing Assistant,G1,Hybrid,May 22 2022,,Active,Full-time,Yes,,,THB,36.0,40834,46959,1134,1304,3,4.0,No,77.6,12.0,2024-01-19,29.0,Agency,74.0,NO,4.0
EMP0514,Chan Suzuki,Not Declared,1990-08-20,Filipino,Asia Pacific,Thailand,Bangkok,Marketing,Senior Marketing Manager,G6,Onsite,2015-07-21,,Terminated,Expat,Yes,Involuntary,Misconduct,THB,36.0,160644,184741,4462,5132,4,8.5,Y,25.9,3.0,22/10/2021,48.0,Job Board,32.0,Yes,4.0
EMP0515,Chan Lee,Not Declared,1985-03-03,Taiwanese,Asia Pacific,Thailand,Bangkok,Finance,Finance Assistant,G1,Onsite,30/03/2019,,Active,Intern,Yes,,,THB,36.0,"$56,798",65318,1578,1814,2/5,9.3,Yes,64.7,9.0,26/07/2023,36.0,Referral,78.0,Yes,4.0
EMP0516,SURESH LIU,Non Binary,03/12/1979,Australian,Asia Pacific,Thailand,Bangkok,HR,HR Assistant,G1,Onsite,October 04 2021,,Active,Full-time,Yes,,,THB,36.0,51563,59297,1432,1647,3,9.4,No,73.4,8.0,July 09 2024,52.0,Referral,24.0,Yes,4.0
EMP0517,TAN LE,m,1998-09-21,Vietnamese,Asia Pacific,Thailand,Bangkok,Sales,Sales Manager,G4,Hybrid,July 25 2022,,Active,Full-time,Yes,,,THB,36.0,136345,156797,3787,4355,3,11.4,Yes,36.5,7.0,10/10/2022,43.0,LinkedIn,70.0,Yes,
EMP0518,Lee Tanaka,Not Declared,05/10/1979,Hong Konger,Asia Pacific,Thailand,Bangkok,Delivery,Senior Project Manager,G4,Onsite,2020-02-12,,Active,Contract,Yes,,,THB,36.0,117357,"$134,961",3260,3749,4/5,10.6,Yes,48.8,10.0,October 08 2023,83.0,LinkedIn,91.0,YES,3.0
EMP0519,Jose Liu,Female,1980-03-24,Thai,Asia Pacific,Thailand,Bangkok,HR,HR Assistant,G1,Hybrid,January 19 2024,,Active,Full-time,Yes,,,THB,36.0,"$55,061",63320,1529,1759,3,13.6%,No,77.9,12.0,15/09/2023,95.0,Recruitment Agency,35.0,YES,4.0
EMP0520,Ng Ng,Female,1995-10-26,Taiwanese,Asia Pacific,Thailand,Bangkok,Lgl,Legal Counsel,G3,Onsite,2020-01-16,,Active,Full-time,YES,,,THB,36.0,"93,290","$107,283",2591,2980,3,6.7,Yes,62.9,7.0,January 30 2023,90.0,Internal Transfer,15.0,Yes,4.0
EMP0521,Jose Jones,Not Declared,18/11/1987,Indonesian,Asia Pacific,Thailand,Bangkok,Legal,Senior Legal Counsel,G4,Remote,2020-12-13,19/04/2024,Terminated,Full Time,Yes,Involuntary,Misconduct,THB,36.0,124774,143490,3466,3986,3,7.8,No,51.4,0.0,2023-04-30,20.0,LinkedIn,47.0,Yes,4.0
EMP0522,ji reyes,Not Declared,20/05/1983,Japanese,Asia Pacific,Thailand,Bangkok,Legal,Legal Executive,G2,Onsite,August 12 2023,,Active,Full-time,no,,,THB,36.0,72148,82970,2004,2305,4,8.1,N,21.0,10.0,2023-07-24,77.0,Referral,89.0,Yes,4.0
EMP0523,Meera Dela Cruz,Female,1983-06-03,Chinese,Asia Pacific,Thailand,Bangkok,HR,HR Specialist,G3,Onsite,July 02 2019,,Active,Full-time,Yes,,,THB,36.0,106819,"122,842",2967,3412,4/5,9.4,YES,14.7,7.0,January 03 2022,25.0,Internal Transfer,33.0,Yes,2.0
EMP0524,Michael Le,Female,April 07 1986,Hong Konger,Asia Pacific,Thailand,Bangkok,Legal,Legal Director,G6,Onsite,2015-10-01,,Active,Full-time,Yes,,,THB,36.0,166915,191952,4637,5332,5,7.8,Yes,4.3,9.0,2022-09-22,86.0,Agency,81.0,Yes,5.0
EMP0525,Budi Kim,Female,20/08/1978,Korean,Asia Pacific,Thailand,Bangkok,HR,HR Executive,G2,Remote,May 25 2021,,Active,Full-time,Yes,,,THB,36.0,71853,"82,631",1996,2295,3,14.7%,Yes,71.9,2.0,August 17 2024,59.0,referral,33.0,No,5.0
EMP0526,Min Brown,Not Declared,July 16 1972,Singaporean,Asia Pacific,Thailand,Bangkok,Delivery,Senior Project Manager,G4,Hybrid,January 23 2020,,Active,CTR,Yes,,,THB,36.0,"130,564",150149,3627,4171,3,10.1,Yes,65.6,8.0,October 24 2023,73.0,LinkedIn,71.0,Yes,3.0
EMP0527,tan dela cruz,Not Declared,1979-06-05,Chinese,Asia Pacific,Thailand,Bangkok,Lgl,Legal Counsel,G3,Hybrid,November 21 2022,,Active,Full-time,Yes,,,THB,36.0,85905,98791,2386,2744,3/5,1.2,Yes,34.3,2.0,05/01/2023,20.0,Int Transfer,,Yes,4.0
EMP0528,RAVI SUZUKI,Male,11/02/1972,Vietnamese,Asia Pacific,Thailand,Bangkok,Marketing,Marketing Assistant,G1,Onsite,12/08/2020,,Active,Full-time,Yes,,,THB,36.0,38543,44324,1071,1231,3,10.6,No,68.6,11.0,September 15 2023,65.0,JOB BOARD,46.0,Yes,
EMP0529,wong chan,f,1985-04-06,Taiwanese,Asia Pacific,Thailand,Bangkok,HR,HR Business Partner,G4,Hybrid,May 15 2017,,Active,Full Time,Yes,,,THB,36.0,128095,147309,3558,4092,4,10.1,No,43.3,12.0,28/07/2023,34.0,Agency,80.0,Yes,2.0
EMP0530,Suresh Wang,Not Declared,1998-08-29,Vietnamese,Asia Pacific,Thailand,Bangkok,Sales,Senior Account Executive,G3,Onsite,06/08/2018,,Terminated,Full-time,Yes,Involuntary,Redundancy,THB,36.0,108932,125272,3026,3480,4,4.4,No,49.2,6.0,February 14 2021,,Referral,93.0,YES,4.0
EMP0531,Jose Choi,Female,28/10/1998,Indian,Asia Pacific,Thailand,Bangkok,Sales,Account Executive,G2,Hybrid,March 20 2023,,Active,Contractor,Yes,,,THB,36.0,"$57,155",65728,1588,1826,3,11.1,YES,48.3,7.0,19/02/2022,95.0,referral,64.0,Yes,3.0
EMP0532,David Wang,Male,February 23 1988,Hong Konger,Asia Pacific,Thailand,Bangkok,Marketing,Marketing Assistant,G1,Remote,2020-02-10,,Active,Full-time,Yes,,,THB,36.0,"$53,107",61073,1475,1696,4,5.8,No,57.6,5.0,February 21 2023,72.0,Job Board,31.0,Yes,3.0
EMP0533,chan wong,Male,1988-08-23,Filipino,Asia Pacific,Thailand,Bangkok,IT,Senior Software Engineer,G3,Remote,23/08/2021,,Active,Full-time,Yes,,,THB,36.0,88849,"$102,176",2468,2838,3,5.9,Y,17.2,1.0,October 03 2022,81.0,Referral,43.0,Yes,2.0
EMP0534,Tran Tran,Not Declared,1977-05-14,Malaysian,Asia Pacific,Thailand,Bangkok,Fin,Finance Manager,G4,Hybrid,30/05/2020,2024-12-31,Resigned,Contract,Yes,Voluntary,Relocation,THB,36.0,"124,710",143416,3464,3984,3,1.9,Yes,46.9,6.0,November 17 2022,61.0,Referral,71.0,Yes,5.0
EMP0535,michael lim,Not Declared,1980-04-04,Hong Konger,Asia Pacific,Thailand,Bangkok,hr,HR Executive,G2,Remote,28/09/2019,,Active,FT,Yes,,,THB,36.0,64571,74257,1794,2063,4/5,1.3,No,26.2,4.0,2022-11-01,42.0,linked in,90.0,Yes,4.0
EMP0536,Ahmad Pham,Male,July 23 1984,Australian,Asia Pacific,Thailand,Bangkok,HR,HR Executive,G2,Hybrid,2023-08-17,,Active,Full-time,Yes,,,THB,36.0,74705,"85,911",2075,2386,3,8.2%,Yes,11.4,10.0,2024-04-10,67.0,Agency,31.0,y,2.0
EMP0537,Arjun Wong,Female,January 14 1985,Taiwanese,Asia Pacific,Thailand,Bangkok,Delivery,Delivery Manager,G5,Onsite,2016-07-19,,Active,Full Time,Yes,,,THB,36.0,"$143,300",164795,3981,4578,4,0.4%,NO,6.8,6.0,04/06/2022,33.0,internal,17.0,yes,4.0
EMP0538,Siti Chen,Female,18/12/1993,Thai,Asia Pacific,Thailand,Bangkok,Finance,Finance Analyst,G2,Hybrid,2020-12-14,,Active,fulltime,Yes,,,THB,36.0,78429,90193,2179,2505,2,3.2,Yes,49.4,6.0,April 23 2024,71.0,Agency,53.0,Yes,4.0
EMP0539,Ji Tran,Not Declared,29/07/1998,Taiwanese,Asia Pacific,Thailand,Bangkok,Legal,Legal Executive,G2,Remote,2022-12-30,,Active,Full-time,Yes,,,THB,36.0,63531,73061,1765,2029,3/5,5.8,No,32.2,6.0,16/05/2022,34.0,Job Board,62.0,Yes,4.0
EMP0540,Ng Suwannarat,FEMALE,08/05/1979,Chinese,Asia Pacific,Thailand,Bangkok,Marketing,Senior Marketing Specialist,G4,Hybrid,October 20 2020,,Active,Full-time,Yes,,,THB,36.0,120361,"138,415",3343,3845,5,11.3,Yes,74.2,3.0,02/09/2023,19.0,Job Board,73.0,Yes,4.0
EMP0541,Ji Liu,Not Declared,June 26 1999,Australian,Asia Pacific,Thailand,Bangkok,IT,IT Support,G1,Onsite,10/08/2024,,Active,Full-time,Yes,,,THB,36.0,"$51,759",59523,1438,1653,4,10.4,YES,22.6,8.0,03/03/2023,53.0,Job Board,36.0,no,5.0
EMP0542,Meera Johnson,f,October 26 1998,Thai,Asia Pacific,Thailand,Bangkok,Sales,Sales Executive,G1,Hybrid,April 29 2022,,Active,Full-time,Yes,,,THB,36.0,55012,63264,1528,1757,3,1.6,Yes,74.7,10.0,September 08 2023,11.0,job board,48.0,Yes,5.0
EMP0543,Nguyen Lee,Not Declared,March 28 1971,Australian,Asia Pacific,Thailand,Bangkok,IT,Tech Lead,G4,Onsite,January 20 2020,,Active,full time,Yes,,,THB,36.0,133604,"$153,645",3711,4268,3,3.5,no,20.4,11.0,08/05/2024,85.0,Referral,50.0,Yes,2.0
EMP0544,WONG GUO,Male,February 19 1972,British,Asia Pacific,Thailand,Bangkok,Legal,Senior Legal Counsel,G4,Remote,08/06/2017,,Active,Full-time,Yes,,,THB,36.0,"136,661","157,160",3796,4366,5/5,13.9,Yes,45.4,1.0,2022-05-29,89.0,Internal Transfer,,Yes,5.0
EMP0545,Kavya Li,Not Declared,22/02/1987,Singaporean,Asia Pacific,Thailand,Bangkok,H.R.,HR Executive,G2,Hybrid,December 20 2019,,Active,Contractor,Yes,,,THB,36.0,76546,"88,028",2126,2445,4,1.5,No,74.4,1.0,October 05 2022,37.0,Job Board,15.0,Yes,4.0
EMP0546,Jin Ng,Male,November 09 1994,Japanese,Asia Pacific,Thailand,Bangkok,hr,HR Assistant,G1,Hybrid,31/03/2020,,Active,Intern,Yes,,,THB,36.0,51779,59546,1438,1654,5,2.5,NO,13.0,5.0,09/04/2022,17.0,Referral,57.0,Yes,4.0
EMP0547,Chan Williams,Not Declared,13/08/2001,Hong Konger,Asia Pacific,Thailand,Bangkok,Legal,Legal Counsel,G3,Hybrid,2020-03-02,2023-02-19,Terminated,Full-time,Yes,Involuntary,Contract Ended,THB,36.0,"$100,588",115676,2794,3213,4,6.5,N,24.1,8.0,October 26 2021,15.0,LinkedIn,64.0,Yes,3.0
EMP0548,EMMA NGUYEN,non-binary,December 19 1989,Japanese,Asia Pacific,Thailand,Bangkok,sales,Sales Executive,G1,Hybrid,August 14 2023,,Active,full time,Yes,,,THB,36.0,49136,56506,1365,1570,5,12.1,no,14.3,3.0,2022-01-16,52.0,Ref,29.0,Yes,4.0
EMP0549,Suresh Chen,Male,August 09 2001,Australian,Asia Pacific,Thailand,Bangkok,Finance,Finance Analyst,G2,Remote,2022-07-11,December 31 2024,Terminated,Full-time,No,Involuntary,Performance,THB,36.0,"55,684",64037,1547,1779,5/5,4.3,Yes,21.6,0.0,August 10 2023,2.0,Internal Transfer,,Yes,3.0
EMP0550,ng yang,Male,1977-11-11,Australian,Asia Pacific,Thailand,Bangkok,Delivery,Project Manager,G3,Hybrid,29/06/2019,,Active,Contractor,NO,,,THB,36.0,107405,123516,2983,3431,4,14.5,No,21.3,9.0,August 25 2022,70.0,LinkedIn,94.0,yes,3.0
EMP0551,Seo Suzuki,Not Declared,1998-08-08,Singaporean,Asia Pacific,Indonesia,Jakarta,Delivery,Project Analyst,G2,Onsite,October 24 2023,,Active,FT,Yes,,,IDR,15600.0,"$20,798,385",23918143,1333,1533,3,6.9,Yes,61.5,6.0,28/06/2024,90.0,LinkedIn,33.0,Yes,3.0
EMP0552,Meera Jones,M,1984-06-29,Japanese,Asia Pacific,Indonesia,Jakarta,Sales,Sales Executive,G1,Onsite,2021-09-11,21/02/2024,Resigned,Intern,Yes,Voluntary,Better Opportunity,IDR,15600.0,"12,595,405",14484716,807,929,3,1.9%,Yes,14.8,1.0,2022-11-24,23.0,Internal Transfer,64.0,Yes,5.0
EMP0553,James Kim,Male,1982-07-16,Singaporean,Asia Pacific,Indonesia,Jakarta,Sales,Sales Executive,G1,Hybrid,2020-01-07,,Active,Full-time,Yes,,,IDR,15600.0,12844054,"14,770,662",823,947,3,2.1%,NO,27.0,7.0,2024-08-08,59.0,referral,60.0,Yes,5.0
EMP0554,WONG TANAKA,Not Declared,September 26 1980,Taiwanese,Asia Pacific,Indonesia,Jakarta,Finance,Finance Analyst,G2,Hybrid,June 18 2024,,Active,Full-time,Yes,,,IDR,15600.0,"20,909,713","$24,046,170",1340,1541,1,10.6,Yes,36.7,7.0,2022-10-27,27.0,agency,50.0,N,4.0
EMP0555,Lee Yang,Not Declared,May 21 1973,Thai,Asia Pacific,Indonesia,Jakarta,Legal,Legal Executive,G2,Onsite,30/09/2021,,Active,full time,Yes,,,IDR,15600.0,"21,602,467",24842837,1385,1592,3,11.4,yes,50.7,2.0,2022-06-14,70.0,job board,68.0,Yes,3.0
EMP0556,Yuki Brown,F,1971-01-29,Filipino,Asia Pacific,Indonesia,Jakarta,delivery,Senior Project Manager,G4,Hybrid,October 05 2019,,Active,Full-time,Yes,,,IDR,15600.0,54642111,62838428,3503,4028,4,8.8,Yes,14.5,11.0,2024-11-24,75.0,Internal Transfer,43.0,No,3.0
EMP0557,Chen Suzuki,Not Declared,19/01/1987,Filipino,Asia Pacific,Indonesia,Jakarta,MARKETING,Marketing Executive,G2,Onsite,22/11/2021,,Active,Full-time,Yes,,,IDR,15600.0,22563647,25948194,1446,1663,4,6.2,Yes,71.1,6.0,07/03/2023,93.0,Referral,,Yes,5.0
EMP0558,Ji Jones,Female,2000-03-04,Filipino,Asia Pacific,Indonesia,Jakarta,Legal,Legal Manager,G5,Onsite,10/08/2019,,Active,Full-time,Yes,,,IDR,15600.0,"64,661,180","74,360,357",4145,4767,3,2.5%,No,47.9,12.0,23/01/2024,85.0,LinkedIn,95.0,y,
EMP0559,Koh Suwannarat,Not Declared,1989-10-10,Hong Konger,Asia Pacific,Indonesia,Jakarta,Sales,Account Executive,G2,Remote,October 26 2019,,Active,Full-time,Yes,,,IDR,15600.0,25275233,29066518,1620,1863,4/5,5.6,Yes,15.2,4.0,2023-08-23,90.0,Job Board,15.0,Y,4.0
EMP0560,Lim Patel,Female,March 16 1984,Australian,Asia Pacific,Indonesia,Jakarta,Delivery,Delivery Manager,G5,Hybrid,December 29 2019,,Active,Full-time,no,,,IDR,15600.0,68539215,78820097,4394,5053,4,12.7,No,65.4,7.0,15/02/2023,10.0,LINKEDIN,34.0,Yes,2.0
EMP0561,Lim Park,FEMALE,17/08/1998,Australian,Asia Pacific,Indonesia,Jakarta,Del,Project Analyst,G2,Remote,2021-11-03,,Active,FT,Yes,,,IDR,15600.0,"$25,249,655",29037103,1619,1861,5,2.0,Yes,32.2,7.0,July 28 2023,61.0,LinkedIn,39.0,Yes,4.0
EMP0562,Amanda Müller,Male,1982-10-28,Thai,Asia Pacific,Indonesia,Jakarta,DELIVERY,Delivery Coordinator,G1,Hybrid,September 18 2021,,Active,Full-time,Yes,,,IDR,15600.0,19734558,22694742,1265,1455,3/5,10.3,No,18.5,11.0,2022-07-31,35.0,Referral,73.0,Yes,3.0
EMP0563,Wong Li,non-binary,24/08/1993,Korean,Asia Pacific,Indonesia,Jakarta,Marketing,Marketing Specialist,G3,Hybrid,February 26 2018,,Active,Full-time,y,,,IDR,15600.0,40583823,"46,671,396",2602,2992,3,14.7,Yes,36.1,2.0,August 20 2024,84.0,Job Board,89.0,Yes,4.0
EMP0564,Ji Koh,Not Declared,03/11/1992,Indian,Asia Pacific,Indonesia,Jakarta,Legal,Legal Executive,G2,Onsite,22/01/2020,,Active,fulltime,Yes,,,IDR,15600.0,25792385,"29,661,243",1653,1901,4,1.0,NO,65.9,7.0,2024-05-26,59.0,Internal Transfer,15.0,Yes,1.0
EMP0565,dewi smith,Male,March 14 1970,Japanese,Asia Pacific,Indonesia,Jakarta,Marketing,Marketing Specialist,G3,Remote,February 01 2017,,Active,Full-time,Yes,,,IDR,15600.0,"$40,076,304","46,087,750",2569,2954,5,12.6%,Y,62.2,4.0,December 08 2022,96.0,Job Board,29.0,no,3.0
EMP0566,Ong Le,Male,24/08/1985,Korean,Asia Pacific,Indonesia,Jakarta,Delivery,Project Manager,G3,Remote,January 20 2018,-,Resigned,Contractor,Yes,Voluntary,Personal Reason,IDR,15600.0,38842088,44668401,2490,2863,4/5,5.2%,no,24.4,,2023-02-13,19.0,Agency,17.0,Yes,3.0
EMP0567,Sophie Singh,Female,June 15 1991,Taiwanese,Asia Pacific,Indonesia,Jakarta,FINANCE,Senior Finance Analyst,G3,Hybrid,April 14 2018,-,Terminated,Full-time,Yes,Involuntary,Contract Ended,IDR,15600.0,45117791,51885460,2892,3326,3,0.5,Yes,33.6,4.0,20/11/2022,69.0,Referral,51.0,Yes,3.0
EMP0568,Sarah Singh,Male,1992-03-13,Korean,Asia Pacific,Indonesia,Jakarta,Finance,Finance Manager,G4,Hybrid,August 23 2018,,Active,contract,Yes,,,IDR,15600.0,"53,565,579","$61,600,416",3434,3949,3/5,12.9,Yes,16.6,12.0,2024-10-17,70.0,Agency,,y,4.0
EMP0569,Ng Patel,Male,1980-07-08,Indonesian,Asia Pacific,Indonesia,Jakarta,IT,Tech Lead,G4,Hybrid,2019-04-03,,Active,Contractor,Yes,,,IDR,15600.0,"$49,710,607",57167198,3187,3665,4,8.8,y,49.2,4.0,2022-05-16,60.0,Internal Transfer,15.0,Yes,5.0
EMP0570,Tan Johnson,Male,1980-11-16,Japanese,Asia Pacific,Indonesia,Jakarta,Information Technology,Software Engineer,G2,Onsite,December 04 2019,,Active,Full-time,Yes,,,IDR,15600.0,27557382,31690989,1766,2031,4,5.2,No,61.8,5.0,28/07/2024,90.0,Agency,15.0,YES,3.0
EMP0571,koh pham,Female,1997-03-15,Malaysian,Asia Pacific,Indonesia,Jakarta,IT,Senior Engineering Manager,G6,Onsite,01/03/2016,,Active,Full-time,Yes,,,IDR,15600.0,76157345,87580947,4882,5614,5,7.6,Yes,70.1,3.0,December 23 2024,59.0,Referral,45.0,Yes,4.0
EMP0572,Lim Ng,Female,November 03 1973,Filipino,Asia Pacific,Indonesia,Jakarta,Sales,Account Executive,G2,Onsite,January 03 2019,,Active,Full-time,Yes,,,IDR,15600.0,23025968,26479863,1476,1697,3,8.0%,Yes,29.9,8.0,10/09/2024,52.0,Job Board,92.0,Yes,1.0
EMP0573,RAJ YAMAMOTO,Male,23/06/1996,British,Asia Pacific,Indonesia,Jakarta,Legal,Legal Manager,G5,Remote,28/12/2020,,Active,Full-time,Yes,,,IDR,15600.0,62595017,"71,984,270",4013,4614,5/5,7.9,Yes,70.4,6.0,2022-03-31,10.0,Int Transfer,49.0,Yes,4.0
EMP0574,Priya Jones,Not Declared,12/01/1971,Filipino,Asia Pacific,Indonesia,Jakarta,Delivery,Project Manager,G3,Hybrid,January 13 2019,2024-02-07,Resigned,Full-time,Yes,Voluntary,Health Reasons,IDR,15600.0,"44,851,737",51579498,2875,3306,1,14.3,Yes,,,20/12/2021,52.0,Job Board,88.0,Yes,5.0
EMP0575,Somchai Patel,Not Declared,February 11 1992,Japanese,Asia Pacific,Indonesia,Jakarta,Finance,Finance Analyst,G2,Hybrid,07/03/2023,,Active,Full-time,Yes,,,IDR,15600.0,20995522,24144850,1346,1548,3,6.4,Yes,44.8,7.0,2023-12-26,93.0,Int Transfer,49.0,Yes,4.0
EMP0576,AMANDA BROWN,Not Declared,26/04/1997,Thai,Asia Pacific,Indonesia,Jakarta,Finance,Finance Analyst,G2,Onsite,June 13 2021,,Active,Full-time,y,,,IDR,15600.0,23704825,27260549,1520,1747,5,10.9,No,56.5,9.0,March 06 2022,42.0,Agency,22.0,NO,4.0
EMP0577,Nattaporn Yang,female,1999-12-02,Taiwanese,Asia Pacific,Indonesia,Jakarta,Del,Delivery Coordinator,G1,Hybrid,18/07/2020,April 09 2022,Terminated,Full-time,Yes,Involuntary,Redundancy,IDR,15600.0,16767017,19282070,1075,1236,3,5.2,No,5.7,3.0,13/10/2021,48.0,Referral,77.0,Yes,3.0
EMP0578,Chen Chen,Not Declared,22/04/1986,Vietnamese,Asia Pacific,Indonesia,Jakarta,Finance,Senior Finance Analyst,G3,Hybrid,02/11/2020,,Active,intern,Yes,,,IDR,15600.0,"$43,356,020",49859423,2779,3196,5,12.0%,No,51.6,10.0,2023-04-21,39.0,LinkedIn,53.0,Yes,4.0
EMP0579,Fang Smith,Male,30/01/1989,Thai,Asia Pacific,Indonesia,Jakarta,HR,HR Executive,G2,Hybrid,20/11/2021,,Active,Full-time,Yes,,,IDR,15600.0,29266336,33656286,1876,2157,3/5,2.4,Yes,74.9,7.0,25/04/2023,18.0,Job Board,45.0,No,5.0
EMP0580,Emma Chan,Male,27/10/1993,American,Asia Pacific,Indonesia,Jakarta,Marketing,Marketing Specialist,G3,Hybrid,2020-11-10,,Active,Contractor,NO,,,IDR,15600.0,"38,000,987",43701135,2436,2801,3,2.2,Yes,22.4,5.0,January 21 2024,14.0,Referral,45.0,Yes,4.0
EMP0581,Lakshmi Wijaya,male,September 17 1971,Taiwanese,Asia Pacific,Indonesia,Jakarta,Delivery,Delivery Manager,G5,Hybrid,2016-03-15,,Active,Full-time,YES,,,IDR,15600.0,69151846,"79,524,623",4433,5098,2,10.1,Yes,13.6,6.0,12/05/2022,92.0,referral,80.0,Yes,4.0
EMP0582,Arun Müller,Female,1970-01-17,Vietnamese,Asia Pacific,Indonesia,Jakarta,DELIVERY,Project Analyst,G2,Hybrid,March 15 2021,,Active,Full-time,Yes,,,IDR,15600.0,"$20,828,884","23,953,217",1335,1535,4/5,2.7,Yes,53.1,12.0,02/12/2024,32.0,Job Board,19.0,No,3.0
EMP0583,Ong Santoso,Male,1994-01-24,Korean,Asia Pacific,Indonesia,Jakarta,Delivery,Delivery Coordinator,G1,Onsite,January 30 2020,31/12/2024,Resigned,Full-time,N,Voluntary,Better Opportunity,IDR,15600.0,18083946,20796538,1159,1333,2,3.7%,Yes,,2.0,,53.0,Referral,45.0,Yes,4.0
EMP0584,HARUTO SUZUKI,Not Declared,July 30 1996,Korean,Asia Pacific,Indonesia,Jakarta,Legal,Legal Counsel,G3,Hybrid,09/07/2017,,Active,Full Time,Yes,,,IDR,15600.0,"35,570,730","$40,906,340",2280,2622,4,1.5,Yes,40.0,1.0,July 24 2024,20.0,Referral,61.0,Yes,
EMP0585,Fang Reyes,Male,02/09/1997,Filipino,Asia Pacific,Indonesia,Jakarta,Legal,Legal Executive,G2,Onsite,2024-02-01,,Active,Full-time,Yes,,,IDR,15600.0,25299478,29094400,1622,1865,4,12.2,NO,55.4,9.0,2024-04-30,78.0,Job Board,60.0,Yes,4.0
EMP0586,Ravi Le,Male,18/07/1983,Thai,Asia Pacific,Indonesia,Jakarta,Sales,Account Executive,G2,Hybrid,04/10/2023,,Active,Full-time,no,,,IDR,15600.0,23659791,27208760,1517,1744,4,1.1,N,63.2,11.0,September 03 2023,26.0,LinkedIn,52.0,Yes,3.0
EMP0587,Wei Singh,M,1991-10-27,Taiwanese,Asia Pacific,Indonesia,Jakarta,Marketing,Marketing Manager,G5,Hybrid,July 18 2017,,Active,full time,n,,,IDR,15600.0,65248817,"75,036,140",4183,4810,5/5,11.2%,N,76.6,10.0,August 21 2022,70.0,REFERRAL,22.0,Yes,3.0
EMP0588,Thomas Kim,Not Declared,1999-06-08,Thai,Asia Pacific,Indonesia,Jakarta,Sales,Senior Account Executive,G3,Onsite,13/01/2022,,Active,Full-time,Yes,,,IDR,15600.0,36497369,41971974,2340,2691,5/5,1.6,Yes,25.2,7.0,2023-11-19,99.0,Agency,27.0,Yes,3.0
EMP0589,Fang Santoso,m,03/08/1988,Australian,Asia Pacific,Indonesia,Jakarta,I.T.,Senior Software Engineer,G3,Hybrid,2022-09-09,,Active,Full-time,Yes,,,IDR,15600.0,44911658,"$51,648,407",2879,3311,4,10.3%,Yes,48.1,10.0,April 20 2022,45.0,Referral,29.0,Yes,1.0
EMP0590,Ravi Sharma,Not Declared,11/07/1972,Malaysian,Asia Pacific,Indonesia,Jakarta,Information Technology,Tech Lead,G4,Onsite,2021-03-02,,Active,Full-time,Yes,,,IDR,15600.0,51630934,59375574,3310,3806,4,13.6,No,21.8,10.0,11/09/2022,24.0,Agency,42.0,Yes,5.0
EMP0591,Nguyen Wong,Female,September 04 1971,Australian,Asia Pacific,Indonesia,Jakarta,Del,Project Manager,G3,Onsite,06/12/2019,,Active,Full-time,Yes,,,IDR,15600.0,37035114,42590381,2374,2730,4,3.8%,Yes,27.9,4.0,April 18 2022,64.0,LinkedIn,75.0,YES,4.0
EMP0592,Sophie Brown,MALE,September 28 1984,Taiwanese,Asia Pacific,Indonesia,Jakarta,Sales,Senior Sales Manager,G5,Hybrid,21/09/2015,,Active,Full Time,Yes,,,IDR,15600.0,"$72,373,657",83229706,4639,5335,3,14.0,Yes,40.3,3.0,2022-09-05,53.0,Ref,16.0,no,3.0
EMP0593,budi tran,Not Declared,22/02/1982,Indian,Asia Pacific,Indonesia,Jakarta,DELIVERY,Senior Delivery Manager,G6,Hybrid,February 18 2018,,Resigned,FT,Yes,Voluntary,Personal Reason,IDR,15600.0,74683950,85886542,4787,5506,5,1.4%,No,39.4,6.0,2021-01-17,46.0,LINKEDIN,59.0,Yes,4.0
EMP0594,Maria Liu,Not Declared,August 18 1996,Indian,Asia Pacific,Indonesia,Jakarta,HR,HR Specialist,G3,Hybrid,April 15 2021,,Active,Full-time,Yes,,,IDR,15600.0,42288878,"48,632,210",2711,3117,5/5,9.0,NO,47.3,4.0,20/04/2023,58.0,LinkedIn,26.0,Yes,4.0
EMP0595,Dewi Lin,Not Declared,April 27 1980,Malaysian,Asia Pacific,Indonesia,Jakarta,Legal,Legal Executive,G2,Hybrid,November 27 2024,,Resigned,Full-time,Yes,Voluntary,Personal Reason,IDR,15600.0,22264385,"$25,604,043",1427,1641,3,8.4,Yes,8.0,0.0,23/02/2022,67.0,Internal Transfer,35.0,No,4.0
EMP0596,Suresh Li,Female,February 29 1988,Indonesian,Asia Pacific,Indonesia,Jakarta,HR,HR Executive,G2,Remote,2024-11-12,,Active,Full-time,yes,,,IDR,15600.0,27058894,"31,117,728",1735,1995,4,4.1,Yes,76.2,4.0,2023-07-17,99.0,Internal,63.0,Yes,4.0
EMP0597,somchai johnson,Female,1991-07-21,British,Asia Pacific,Indonesia,Jakarta,Legal,Legal Counsel,G3,Hybrid,19/10/2020,,Active,Full-time,Yes,,,IDR,15600.0,39505789,45431657,2532,2912,1,1.4,Yes,26.2,10.0,2023-01-06,28.0,Ref,62.0,Yes,4.0
EMP0598,Somchai Wong,F,1973-03-27,Vietnamese,Asia Pacific,Indonesia,Jakarta,sales,Sales Manager,G4,Remote,2021-12-31,December 13 2023,Terminated,Full-time,Yes,Involuntary,Redundancy,IDR,15600.0,"$59,077,299",67938894,3787,4355,5,6.4,Yes,49.9,1.0,2022-05-26,23.0,REFERRAL,67.0,Yes,4.0
EMP0599,kevin wijaya,FEMALE,15/08/1990,Indonesian,Asia Pacific,Indonesia,Jakarta,Marketing,Marketing Executive,G2,Hybrid,04/06/2021,,Active,full time,Yes,,,IDR,15600.0,"20,834,495",23959669,1336,1536,3,6.3,Yes,55.7,4.0,June 13 2023,46.0,Internal Transfer,46.0,y,4.0
EMP0600,Yuki Johnson,m,07/11/1992,Hong Konger,Asia Pacific,Indonesia,Jakarta,Marketing,Marketing Manager,G5,Remote,2017-12-21,30/08/2022,Terminated,Expat,No,Involuntary,Redundancy,IDR,15600.0,"70,948,860",81591189,4548,5230,4,2.1,yes,,4.0,2021-02-26,63.0,Job Board,68.0,no,3.0
EMP0601,Koh Sharma,Female,1987-11-15,Indonesian,Asia Pacific,Indonesia,Jakarta,Delivery,Project Manager,G3,Onsite,2019-12-15,,Active,Full-time,YES,,,IDR,15600.0,"$45,682,958",52535402,2928,3368,3,9.9,Yes,30.0,3.0,15/02/2023,88.0,Ref,70.0,No,5.0
EMP0602,Suresh Müller,Female,07/02/1984,Australian,Asia Pacific,Indonesia,Jakarta,HR,HR Specialist,G3,Onsite,2022-01-09,,Active,Contractor,NO,,,IDR,15600.0,39551958,45484752,2535,2916,3,4.6,Yes,74.2,9.0,16/04/2024,56.0,LinkedIn,74.0,Yes,4.0
EMP0603,LIM ONG,Male,October 05 1995,Korean,Asia Pacific,Indonesia,Jakarta,Finance,Senior Finance Analyst,G3,Remote,2020-07-16,,Active,Full-time,Yes,,,IDR,15600.0,37427485,43041608,2399,2759,4,2.6%,Yes,23.3,6.0,18/05/2022,29.0,LinkedIn,63.0,Y,4.0
EMP0604,Ng Ong,female,09/12/1998,Malaysian,Asia Pacific,Indonesia,Jakarta,Sales,Account Executive,G2,Onsite,23/07/2023,2024-12-31,Resigned,Full-time,Yes,Voluntary,Further Studies,IDR,15600.0,22584962,25972706,1448,1665,3,7.6,Yes,,3.0,May 07 2023,43.0,LinkedIn,94.0,No,3.0
EMP0605,Amanda Chen,Female,1997-11-06,Indian,Asia Pacific,Indonesia,Jakarta,Fin,Senior Finance Analyst,G3,Onsite,28/06/2020,2022-01-04,Terminated,Full Time,No,Involuntary,Contract Ended,IDR,15600.0,35389153,40697526,2269,2609,3/5,5.8,Yes,58.9,,2021-07-30,70.0,Internal Transfer,45.0,No,5.0
EMP0606,MARIA ONG,Male,1983-10-14,Thai,Asia Pacific,Indonesia,Jakarta,HR,HR Specialist,G3,Onsite,2018-02-13,,Active,contract,Yes,,,IDR,15600.0,"$44,869,753","51,600,216",2876,3308,3,9.2,N,62.4,6.0,2024-07-24,47.0,Job Board,54.0,Yes,3.0
EMP0607,Lee Dela Cruz,MALE,October 10 1970,Singaporean,Asia Pacific,Indonesia,Jakarta,Sales,Senior Sales Manager,G5,Hybrid,October 21 2017,,Active,Full-time,Yes,,,IDR,15600.0,"65,939,815","75,830,787",4227,4861,2,12.4,No,15.5,2.0,October 19 2024,42.0,Job Board,63.0,Y,3.0
EMP0608,Michelle Yang,Male,1977-01-31,Indian,Asia Pacific,Indonesia,Jakarta,HR,HR Assistant,G1,Remote,2021-12-30,,Active,Intern,Yes,,,IDR,15600.0,17907385,"$20,593,493",1148,1320,3,2.9%,Yes,13.3,10.0,2023-12-18,18.0,Agency,20.0,Yes,5.0
EMP0609,Chen Pham,Female,March 28 1990,Japanese,Asia Pacific,Indonesia,Jakarta,IT,Tech Lead,G4,Hybrid,06/04/2017,,Active,Full-time,Yes,,,IDR,15600.0,54830833,63055458,3515,4042,4,7.6,Yes,77.2,5.0,2023-02-23,13.0,Job Board,60.0,Y,4.0
EMP0610,Kavya Singh,Male,1978-09-06,Chinese,Asia Pacific,Indonesia,Jakarta,IT,IT Support,G1,Hybrid,February 08 2022,,Active,Intern,YES,,,IDR,15600.0,19603026,22543480,1257,1445,4,9.2,Yes,5.3,6.0,September 06 2022,78.0,Agency,81.0,N,3.0
EMP0611,Michael Chan,Not Declared,November 12 1984,Korean,Asia Pacific,Indonesia,Jakarta,Finance,Finance Assistant,G1,Hybrid,2021-11-13,,Active,Contractor,y,,,IDR,15600.0,14094219,"$16,208,352",903,1039,4,11.2,Yes,64.8,7.0,November 02 2022,63.0,Referral,83.0,Yes,3.0
EMP0612,Jin Jones,f,15/07/1992,Singaporean,Asia Pacific,Indonesia,Jakarta,Marketing,Marketing Manager,G5,Hybrid,15/06/2017,,Active,Full-time,YES,,,IDR,15600.0,64513968,74191063,4136,4756,3,8.6%,Yes,10.0,6.0,2023-02-15,17.0,Job Board,59.0,Yes,4.0
EMP0613,Lakshmi Liu,Female,04/01/1985,Malaysian,Asia Pacific,Indonesia,Jakarta,Legal,Legal Counsel,G3,Onsite,2017-10-22,,Active,contract,Yes,,,IDR,15600.0,39660765,"45,609,880",2542,2924,5,9.2,Yes,49.5,4.0,2022-01-17,92.0,LinkedIn,41.0,Yes,3.0
EMP0614,David Brown,Not Declared,1972-03-10,Hong Konger,Asia Pacific,Indonesia,Jakarta,Delivery,Project Manager,G3,Hybrid,2017-07-21,2023-09-21,Resigned,Intern,Yes,Voluntary,Personal Reason,IDR,15600.0,38096139,43810560,2442,2808,1,12.6,NO,44.9,8.0,September 23 2023,,Agency,49.0,Yes,
EMP0615,Dewi Liu,Male,18/11/1996,Korean,Asia Pacific,Indonesia,Jakarta,FINANCE,Finance Manager,G4,Hybrid,2018-09-21,,Active,Contractor,Yes,,,IDR,15600.0,49530450,56960017,3175,3651,5,13.2,No,77.7,12.0,22/03/2023,60.0,LinkedIn,73.0,YES,3.0
EMP0616,SURESH MÜLLER,Female,October 22 1986,Indonesian,Asia Pacific,Philippines,Manila,HR,HR Executive,G2,Hybrid,10/06/2022,,Active,FT,Yes,,,PHP,56.0,50370,57925,899,1034,2,13.8,Yes,17.5,11.0,16/05/2023,57.0,Agency,75.0,N,3.0
EMP0617,Arun Wong,Male,February 13 1996,Thai,Asia Pacific,Philippines,Manila,Sales,Senior Account Executive,G3,Hybrid,September 15 2019,,Active,Full-time,NO,,,PHP,56.0,75460,"86,779",1348,1550,4,7.0,No,54.5,2.0,10/09/2022,95.0,Agency,44.0,Yes,3.0
EMP0618,Jose Huang,Male,October 17 1997,Taiwanese,Asia Pacific,Philippines,Manila,Legal,Legal Executive,G2,Onsite,08/03/2023,,Active,Full-time,y,,,PHP,56.0,61755,71018,1103,1268,4,11.8,no,40.9,10.0,10/09/2023,85.0,AGENCY,27.0,Yes,3.0
EMP0619,Thomas Yang,Female,February 07 1992,Taiwanese,Asia Pacific,Philippines,Manila,Marketing,Marketing Specialist,G3,Remote,May 25 2018,,Active,Full-time,Yes,,,PHP,56.0,"82,688",95091,1477,1698,5,7.8,Yes,75.4,6.0,04/04/2024,13.0,Job Board,,NO,1.0
EMP0620,MARIA LIN,Male,1974-12-05,Korean,Asia Pacific,Philippines,Manila,Sales,Account Executive,G2,Onsite,2023-10-04,,Active,Full-time,Yes,,,PHP,56.0,53309,"$61,305",952,1095,3/5,6.4,No,32.0,11.0,31/12/2023,73.0,INTERNAL,77.0,Yes,4.0
EMP0621,Min Smith,Male,1984-01-26,Vietnamese,Asia Pacific,Philippines,Manila,Delivery,Senior Project Manager,G4,Hybrid,14/09/2017,,Active,Internship,Yes,,,PHP,56.0,115515,132842,2063,2372,3,11.5%,No,54.7,11.0,April 16 2022,92.0,Referral,95.0,Yes,5.0
EMP0622,Nguyen Zhang,Male,19/10/1978,Japanese,Asia Pacific,Philippines,Manila,Sales,Account Executive,G2,Onsite,2020-11-12,,Active,Full-time,Yes,,,PHP,56.0,53802,"$61,872",961,1105,5/5,8.8,No,45.5,3.0,November 14 2023,83.0,Agency,55.0,Yes,4.0
EMP0623,Thomas Ng,m,28/10/2000,Indonesian,Asia Pacific,Philippines,Manila,Finance,Finance Assistant,G1,Onsite,05/06/2021,,Terminated,Full-time,no,Involuntary,Redundancy,PHP,56.0,46282,"53,224",826,950,3,10.1,Yes,15.7,3.0,July 01 2022,72.0,LinkedIn,36.0,N,1.0
EMP0624,Lee Brown,Male,July 21 1998,Filipino,Asia Pacific,Philippines,Manila,Finance,Finance Director,G6,Hybrid,28/02/2018,,Resigned,Full-time,Yes,Voluntary,Health Reasons,PHP,56.0,"141,549",162781,2528,2907,4,0.7%,No,23.2,5.0,10/06/2022,37.0,LinkedIn,25.0,Yes,5.0
EMP0625,Chan Suzuki,Male,15/07/1975,Chinese,Asia Pacific,Philippines,Manila,HR,HR Business Partner,G4,Onsite,February 13 2018,-,Terminated,Full Time,NO,Involuntary,Misconduct,PHP,56.0,98607,113398,1761,2025,3,3.7,NO,23.9,,18/12/2021,0.0,Referral,88.0,Yes,4.0
EMP0626,Ahmad Brown,Female,December 06 1986,Hong Konger,Asia Pacific,Philippines,Manila,Finance,Finance Manager,G4,Hybrid,30/10/2018,,Active,Full-time,n,,,PHP,56.0,114397,131557,2043,2349,4,2.3,Yes,18.4,10.0,2023-11-08,43.0,Internal Transfer,87.0,Yes,3.0
EMP0627,Haruto Kumar,Female,May 14 1981,Chinese,Asia Pacific,Philippines,Manila,Sales,Account Executive,G2,Hybrid,January 10 2024,,Active,Full-time,Yes,,,PHP,56.0,"$61,371",70577,1096,1260,3/5,12.5,Yes,69.8,7.0,05/05/2022,11.0,Agency,56.0,No,4.0
EMP0628,Thomas Charoenwong,Female,November 04 1981,British,Asia Pacific,Philippines,Manila,Legal,Legal Assistant,G1,Hybrid,24/02/2022,December 31 2024,Resigned,Contractor,Yes,Voluntary,Further Studies,PHP,56.0,47317,"54,415",845,972,3,12.8,NO,,,08/01/2023,57.0,Agency,67.0,Yes,2.0
EMP0629,Ong Singh,Not Declared,20/06/1970,Hong Konger,Asia Pacific,Philippines,Manila,Marketing,Marketing Executive,G2,Onsite,29/11/2022,,Active,Full-time,Yes,,,PHP,56.0,54927,63166,981,1128,4/5,10.9,Yes,69.8,11.0,2024-04-15,16.0,Internal Transfer,67.0,Yes,4.0
EMP0630,Thomas Wang,Male,1972-06-22,Vietnamese,Asia Pacific,Philippines,Manila,Sales,Account Executive,G2,Hybrid,September 15 2023,,Active,Full-time,Yes,,,PHP,56.0,46900,53935,838,963,4,13.5,No,25.8,3.0,20/04/2023,27.0,Referral,33.0,n,3.0
EMP0631,Chris Santos,Male,10/11/1996,Thai,Asia Pacific,Philippines,Manila,HR,HR Assistant,G1,Hybrid,18/07/2019,,Active,Full-time,Yes,,,PHP,56.0,"$46,304",53250,827,951,3,13.3,NO,25.8,8.0,2023-11-29,32.0,LinkedIn,95.0,Yes,4.0
EMP0632,Jin Choi,Female,02/06/1994,Filipino,Asia Pacific,Philippines,Manila,HR Dept,HR Business Partner,G4,Hybrid,2018-06-17,,Active,Full-time,Yes,,,PHP,56.0,97753,112416,1746,2007,3,13.5,N,77.6,6.0,01/04/2024,97.0,Referral,88.0,Yes,4.0
EMP0633,Ji Ng,Not Declared,1994-12-22,Chinese,Asia Pacific,Philippines,Manila,HR,HR Specialist,G3,Hybrid,June 19 2017,,Active,FT,Yes,,,PHP,56.0,"$78,020",89723,1393,1602,2/5,14.1%,n,16.1,12.0,08/01/2022,17.0,Job Board,61.0,No,3.0
EMP0634,MIN SANTOS,Not Declared,April 29 1985,Thai,Asia Pacific,Philippines,Manila,Delivery,Project Manager,G3,Hybrid,March 06 2021,,Active,Full-time,Yes,,,PHP,56.0,"89,292","$102,686",1594,1834,4/5,3.2,Yes,53.0,7.0,11/04/2022,82.0,Agency,91.0,Y,4.0
EMP0635,Chen Wang,Male,07/05/1975,British,Asia Pacific,Philippines,Manila,Marketing,Marketing Executive,G2,Hybrid,18/07/2021,December 31 2024,Terminated,Full-time,Yes,Involuntary,Contract Ended,PHP,56.0,57960,66654,1035,1190,4,8.9,Yes,56.3,5.0,2021-06-08,17.0,Internal Transfer,25.0,Yes,1.0
EMP0636,Ahmad Kim,Male,02/02/2001,Australian,Asia Pacific,Philippines,Manila,Finance,Finance Analyst,G2,Onsite,2021-08-23,,Active,Contractor,Yes,,,PHP,56.0,60416,69478,1079,1241,3,2.6,No,26.6,11.0,September 19 2023,28.0,agency,94.0,No,3.0
EMP0637,CHRIS HUANG,f,August 16 1975,Thai,Asia Pacific,Philippines,Manila,IT,Senior Software Engineer,G3,Remote,May 06 2017,,Active,Full-time,Yes,,,PHP,56.0,71440,82156,1276,1467,2,10.5%,Yes,40.3,3.0,August 13 2023,89.0,Job board,32.0,Y,3.0
EMP0638,Yuki Pham,Female,16/01/1992,British,Asia Pacific,Philippines,Manila,Legal,Legal Counsel,G3,Remote,September 27 2017,,Active,Full-time,Yes,,,PHP,56.0,83458,"$95,977",1490,1714,3,14.7,Y,78.9,5.0,2024-07-07,82.0,Referral,83.0,Yes,5.0
EMP0639,Koh Pham,Male,1988-01-24,Indonesian,Asia Pacific,Philippines,Manila,HR,HR Assistant,G1,Hybrid,07/03/2019,,Active,intern,n,,,PHP,56.0,40223,46256,718,826,3,12.6,Yes,69.7,11.0,October 01 2023,37.0,Job Board,46.0,y,3.0
EMP0640,Ong Yamamoto,MALE,08/06/1982,Indonesian,Asia Pacific,Philippines,Manila,Sales,Account Executive,G2,Onsite,2022-11-21,,Active,fulltime,Yes,,,PHP,56.0,"$60,128",69147,1074,1235,3,3.0,NO,66.8,2.0,30/03/2023,32.0,job board,58.0,Yes,4.0
EMP0641,James Koh,Female,April 20 1974,British,Asia Pacific,Philippines,Manila,hr,HR Specialist,G3,Hybrid,2020-12-31,05/02/2022,Resigned,Full-time,Yes,Voluntary,Health Reasons,PHP,56.0,74296,85440,1327,1526,4,10.3,Yes,18.3,,2023-01-31,68.0,Referral,80.0,Yes,
EMP0642,Tran Charoenwong,Female,1986-01-21,Vietnamese,Asia Pacific,Philippines,Manila,hr,Senior HR Business Partner,G5,Hybrid,02/08/2017,,Active,Full-time,yes,,,PHP,56.0,"130,492",150066,2330,2680,5,6.1,Yes,63.6,2.0,April 20 2024,22.0,LinkedIn,83.0,Yes,4.0
EMP0643,Dewi Ng,Female,28/01/1971,American,Asia Pacific,Philippines,Manila,Marketing,Marketing Assistant,G1,Hybrid,November 19 2019,,Active,Contractor,Yes,,,PHP,56.0,35852,"41,230",640,736,2,0.8,Yes,15.3,9.0,December 10 2024,55.0,Linked In,41.0,Yes,5.0
EMP0644,Wong Tanaka,Female,December 23 1994,Chinese,Asia Pacific,Philippines,Manila,Sales,Account Executive,G2,Hybrid,21/05/2019,2024-12-31,Terminated,Full-time,Yes,Involuntary,Performance,PHP,56.0,"65,123",74891,1163,1337,3/5,2.3,Yes,25.2,,February 28 2021,18.0,Job Board,81.0,Yes,5.0
EMP0645,Michelle Charoenwong,Male,08/10/1973,Filipino,Asia Pacific,Philippines,Manila,Legal,Legal Executive,G2,Hybrid,2023-02-05,,Active,Contractor,Yes,,,PHP,56.0,52323,"$60,171",934,1074,5,1.3,Yes,51.6,8.0,06/03/2023,63.0,referral,,Yes,5.0
EMP0646,Nguyen Wijaya,Female,March 15 2000,Indian,Asia Pacific,Philippines,Manila,HR,Senior HR Business Partner,G5,Hybrid,August 24 2015,,Active,Full-time,N,,,PHP,56.0,"$133,861",153940,2390,2749,3,0.4,Yes,30.0,10.0,March 06 2022,56.0,linkedin,90.0,No,4.0
EMP0647,Budi Ong,Not Declared,13/10/1983,Hong Konger,Asia Pacific,Philippines,Manila,FINANCE,Finance Director,G6,Onsite,February 12 2018,-,Terminated,Full-time,Yes,Involuntary,Misconduct,PHP,56.0,"136,802",157322,2443,2809,4,10.4,Yes,47.9,,2023-07-16,51.0,LinkedIn,,Yes,
EMP0648,David Müller,Male,09/02/1985,Australian,Asia Pacific,Philippines,Manila,IT,Senior Software Engineer,G3,Onsite,2018-04-16,,Active,Contract,Yes,,,PHP,56.0,73792,84861,1318,1515,4,4.4,Yes,52.3,1.0,21/02/2024,82.0,Job Board,32.0,NO,5.0
EMP0649,Priya Ong,Male,November 28 1993,Singaporean,Asia Pacific,Philippines,Manila,DELIVERY,Project Analyst,G2,Onsite,13/05/2020,,Active,Contractor,Yes,,,PHP,56.0,"$58,336",67086,1042,1198,3,8.6,Yes,10.5,5.0,2024-07-19,94.0,LinkedIn,87.0,Yes,3.0
EMP0650,AHMAD TRAN,Male,17/02/1993,Australian,Asia Pacific,Philippines,Manila,HR,Senior HR Business Partner,G5,Hybrid,01/11/2018,,Active,Contractor,Yes,,,PHP,56.0,"122,129",140448,2181,2508,3,1.7,No,54.8,5.0,01/10/2023,51.0,Internal Transfer,15.0,Yes,2.0
EMP0651,Sarah Williams,Female,1996-11-24,Thai,Asia Pacific,Philippines,Manila,Sales,Sales Executive,G1,Hybrid,May 29 2021,-,Terminated,CTR,Yes,Involuntary,Redundancy,PHP,56.0,"46,351","53,304",828,952,3,1.6,Yes,59.9,2.0,09/04/2023,6.0,Job Board,,NO,4.0
EMP0652,MIN SANTOS,Female,1970-12-16,Singaporean,Asia Pacific,Philippines,Manila,Legal,Legal Counsel,G3,Hybrid,15/05/2020,,Active,Contractor,Yes,,,PHP,56.0,83962,96556,1499,1724,4,7.8,Yes,23.2,2.0,2024-08-15,11.0,Referral,28.0,YES,5.0
EMP0653,Thomas Li,Female,1972-05-03,Singaporean,Asia Pacific,Philippines,Manila,Legal,Legal Counsel,G3,Remote,2020-01-03,,Active,Full-time,Yes,,,PHP,56.0,90685,104288,1619,1862,3,12.7,Yes,25.2,4.0,April 23 2023,70.0,Internal Transfer,87.0,Yes,5.0
EMP0654,Haruto Yang,female,1979-08-15,Korean,Asia Pacific,Philippines,Manila,IT,Tech Lead,G4,Onsite,2022-02-13,December 31 2024,Terminated,Full-time,Yes,Involuntary,Redundancy,PHP,56.0,106156,"122,079",1896,2180,4/5,13.9,Yes,33.6,8.0,06/11/2022,19.0,Internal Transfer,76.0,Yes,4.0
EMP0655,sophie suzuki,Male,1987-06-07,Indian,Asia Pacific,Philippines,Manila,Legal,Legal Assistant,G1,Remote,28/02/2023,,Active,Intern,Yes,,,PHP,56.0,35513,"$40,840",634,729,4,8.0,Yes,5.2,5.0,November 03 2023,42.0,LinkedIn,44.0,Yes,4.0
EMP0656,ARJUN KUMAR,Male,1974-12-26,Taiwanese,Asia Pacific,Philippines,Manila,Sales,Sales Manager,G4,Remote,04/10/2021,,Active,Full-time,Yes,,,PHP,56.0,"107,958",124152,1928,2217,3,3.9,Yes,62.6,10.0,19/11/2024,17.0,LINKEDIN,15.0,no,4.0
EMP0657,Wong Nguyen,f,02/05/2000,American,Asia Pacific,Philippines,Manila,IT,Engineering Manager,G5,Onsite,August 18 2019,September 04 2023,Terminated,Expat,Yes,Involuntary,Misconduct,PHP,56.0,118936,136776,2124,2442,5/5,8.2,No,,1.0,2023-03-26,10.0,Job Board,95.0,YES,5.0
EMP0658,Chan Yamamoto,Male,1985-05-26,Indian,Asia Pacific,Philippines,Manila,sales,Senior Sales Manager,G5,Remote,2019-07-06,-,Resigned,EXPAT,yes,Voluntary,Further Studies,PHP,56.0,129600,"$149,040",2314,2661,4,4.8,No,18.8,6.0,June 13 2022,42.0,Referral,95.0,N,4.0
EMP0659,Lim Lee,NB,26/06/1991,American,Asia Pacific,Philippines,Manila,Marketing,Marketing Assistant,G1,Onsite,September 14 2020,,Active,Full-time,Yes,,,PHP,56.0,46591,53580,832,957,5,7.0,Yes,17.6,12.0,23/03/2024,46.0,LinkedIn,39.0,Yes,4.0
EMP0660,Chen Wang,Male,1981-06-07,Korean,Asia Pacific,Philippines,Manila,IT,Software Engineer,G2,Hybrid,2024-05-17,-,Terminated,Full-time,Yes,Involuntary,Contract Ended,PHP,56.0,53353,61356,953,1096,5,6.9,n,,8.0,November 25 2021,2.0,LinkedIn,61.0,Yes,4.0
EMP0661,Ahmad Lee,M,22/02/1989,Indonesian,Asia Pacific,Philippines,Manila,Sales,Senior Sales Manager,G5,Hybrid,January 11 2015,,Active,Full-time,NO,,,PHP,56.0,"129,844","$149,321",2319,2666,4,8.3,Yes,39.7,11.0,2022-05-23,49.0,referral,70.0,Yes,3.0
EMP0662,Arjun Kumar,male,08/04/1990,Indian,Asia Pacific,Philippines,Manila,Finance,Finance Analyst,G2,Hybrid,2024-12-06,,Active,fulltime,Yes,,,PHP,56.0,50058,"57,567",894,1028,3,2.1%,No,24.9,8.0,09/11/2023,83.0,internal,70.0,Yes,5.0
EMP0663,Jin Santos,Female,March 12 1970,Singaporean,Asia Pacific,Philippines,Manila,Delivery,Project Manager,G3,Onsite,18/09/2020,,Active,Full-time,Yes,,,PHP,56.0,85827,"98,701",1533,1763,2,6.1,Yes,75.8,12.0,December 15 2022,56.0,Internal Transfer,27.0,yes,
EMP0664,Maria Müller,m,16/06/1990,Taiwanese,Asia Pacific,Philippines,Manila,IT,Senior Software Engineer,G3,Hybrid,2020-01-16,,Terminated,Full-time,NO,Involuntary,Misconduct,PHP,56.0,84777,"97,494",1514,1741,4,0.7,Yes,,2.0,17/10/2022,35.0,REFERRAL,84.0,Yes,2.0
EMP0665,James Wong,Male,04/07/1986,Korean,Asia Pacific,Philippines,Manila,Legal,Legal Director,G6,Onsite,2019-02-01,,Active,Full-time,Yes,,,PHP,56.0,140270,"$161,310",2505,2881,4,8.5,Yes,37.8,10.0,30/06/2022,20.0,Referral,90.0,Yes,4.0
EMP0666,Priya Li,Male,February 22 1978,Australian,Asia Pacific,Philippines,Manila,Sales,Account Executive,G2,Onsite,20/03/2023,31/12/2024,Resigned,Full-time,Yes,Voluntary,Relocation,PHP,56.0,56402,64862,1007,1158,4,7.7,Yes,41.2,4.0,05/08/2021,60.0,Internal Transfer,76.0,NO,4.0
EMP0667,Ng Huang,Not Declared,1997-07-30,Chinese,Asia Pacific,Philippines,Manila,IT,Senior Software Engineer,G3,Onsite,2019-11-24,December 31 2024,Terminated,Contractor,Yes,Involuntary,Misconduct,PHP,56.0,89181,102558,1593,1831,1,0.1,Yes,36.9,4.0,2022-10-03,72.0,Agency,54.0,Yes,2.0
EMP0668,Ji Charoenwong,Not Declared,May 23 1979,American,Asia Pacific,Philippines,Manila,Marketing,Marketing Specialist,G3,Hybrid,2021-10-24,-,Resigned,Full-time,yes,Voluntary,Health Reasons,PHP,56.0,84570,97255,1510,1737,4/5,1.1,Yes,49.4,0.0,08/03/2022,,JOB BOARD,27.0,Yes,4.0
EMP0669,Kavya Suzuki,Not Declared,09/12/1984,Taiwanese,Asia Pacific,Philippines,Manila,Sales,Sales Executive,G1,Hybrid,20/07/2020,,Active,Contractor,Yes,,,PHP,56.0,35352,40655,631,726,3,6.9,Yes,55.0,6.0,2022-09-01,36.0,Job board,91.0,no,5.0
EMP0670,Siti Ng,Female,November 28 1981,American,Asia Pacific,Philippines,Manila,Sales,Account Executive,G2,Onsite,May 24 2023,,Active,Full-time,N,,,PHP,56.0,57270,65860,1023,1176,3/5,9.9,Yes,52.2,8.0,30/01/2022,86.0,Agency,,N,3.0
EMP0671,Ananya Charoenwong,Female,1992-05-11,Vietnamese,Asia Pacific,Philippines,Manila,Sales,Senior Account Executive,G3,Remote,06/06/2019,,Active,Full-time,Yes,,,PHP,56.0,79449,"$91,366",1419,1632,5,8.6,Yes,24.0,7.0,2022-03-14,13.0,Referral,46.0,Yes,4.0
EMP0672,Suresh Sharma,Female,January 25 1971,American,Asia Pacific,Philippines,Manila,Delivery,Delivery Coordinator,G1,Onsite,2020-12-08,,Active,Full-time,N,,,PHP,56.0,44467,"$51,137",794,913,3,9.2,Yes,49.5,3.0,2022-08-23,44.0,linked in,39.0,yes,5.0
EMP0673,Michelle Tan,non-binary,17/06/1980,Taiwanese,Asia Pacific,Philippines,Manila,IT,Senior Software Engineer,G3,Hybrid,August 10 2017,,Active,FT,Yes,,,PHP,56.0,77733,"89,393",1388,1596,4,8.0,N,16.7,9.0,October 25 2022,16.0,Referral,81.0,Yes,1.0
EMP0674,somchai johnson,Female,May 15 1985,Indian,Asia Pacific,Philippines,Manila,Legal,Legal Counsel,G3,Onsite,2019-10-24,,Active,Full-time,yes,,,PHP,56.0,"81,977","94,274",1464,1683,1,0.1,No,50.1,7.0,14/10/2023,53.0,Job Board,21.0,No,5.0
EMP0675,wei charoenwong,Female,06/05/1973,Taiwanese,Asia Pacific,Philippines,Manila,Mktg,Marketing Manager,G5,Hybrid,18/06/2019,,Active,Full-time,Yes,,,PHP,56.0,"121,525","139,754",2170,2496,4,14.5%,Yes,27.2,8.0,January 24 2024,67.0,Referral,82.0,n,3.0
EMP0676,wei wu,Male,18/01/2001,Chinese,Asia Pacific,Vietnam,Hanoi,sales,Sales Manager,G4,Hybrid,25/02/2018,,Active,Full-time,yes,,,VND,24500.0,"$56,910,329",65446878,2323,2671,2,14.2,Y,25.7,5.0,2023-04-09,30.0,Internal Transfer,71.0,no,3.0
EMP0677,arun brown,male,20/07/2001,Taiwanese,Asia Pacific,Vietnam,Ho Chi Minh City,Marketing,Marketing Executive,G2,Hybrid,06/12/2020,,Resigned,Full-time,Yes,Voluntary,Health Reasons,VND,24500.0,33064165,38023790,1350,1552,4/5,12.9,n,35.9,7.0,June 06 2022,13.0,Referral,93.0,Yes,4.0
EMP0678,Jin Santos,Non Binary,January 24 1990,Filipino,Asia Pacific,Vietnam,Hanoi,Marketing,Marketing Assistant,G1,Onsite,20/01/2019,,Active,Intern,Yes,,,VND,24500.0,21462607,"$24,681,998",876,1007,2,11.9,Yes,54.0,6.0,02/12/2024,37.0,Job Board,25.0,Yes,2.0
EMP0679,Sarah Johnson,Male,May 12 1974,American,Asia Pacific,Vietnam,Ho Chi Minh City,HR,HR Assistant,G1,Remote,October 23 2024,,Active,FT,Yes,,,VND,24500.0,"17,036,531",19592011,695,800,4/5,6.2,Yes,42.9,9.0,21/10/2023,64.0,Referral,60.0,Yes,4.0
EMP0680,WONG TAN,F,April 20 1983,Chinese,Asia Pacific,Vietnam,Hanoi,Sales,Account Executive,G2,Remote,2020-02-22,,Active,fulltime,Y,,,VND,24500.0,26718072,30725783,1091,1254,4/5,4.2,n,23.4,12.0,28/07/2023,50.0,Job Board,,Yes,4.0
EMP0681,Lee Liu,Not Declared,July 16 1993,Vietnamese,Asia Pacific,Vietnam,Hanoi,IT,Software Engineer,G2,Hybrid,22/11/2021,,Active,Contractor,Yes,,,VND,24500.0,"36,101,352",41516555,1474,1695,3,0.1,No,74.4,3.0,2023-03-13,47.0,LinkedIn,92.0,Yes,3.0
EMP0682,chen reyes,Male,1986-02-26,Filipino,Asia Pacific,Vietnam,Ho Chi Minh City,Marketing,Senior Marketing Specialist,G4,Onsite,11/09/2019,,Active,Contractor,n,,,VND,24500.0,"$61,845,691",71122545,2524,2903,3,9.9,Yes,23.2,1.0,10/10/2023,97.0,linkedin,31.0,Yes,5.0
EMP0683,Nguyen Tan,Male,1994-05-21,Korean,Asia Pacific,Vietnam,Ho Chi Minh City,HR,HR Specialist,G3,Onsite,June 23 2022,,Active,Full-time,Y,,,VND,24500.0,"$48,474,175",55745301,1979,2275,3,4.8,No,30.4,9.0,10/11/2023,56.0,Job Board,70.0,Yes,2.0
EMP0684,Haruto Tanaka,Not Declared,05/08/1993,Japanese,Asia Pacific,Vietnam,Ho Chi Minh City,Legal,Legal Executive,G2,Remote,2024-12-21,,Active,Intern,Yes,,,VND,24500.0,26424435,"$30,388,100",1079,1240,3,3.6,No,67.8,3.0,2024-07-31,18.0,Referral,35.0,No,4.0
EMP0685,Koh Dela Cruz,MALE,16/09/1976,Singaporean,Asia Pacific,Vietnam,Hanoi,Marketing,Senior Marketing Manager,G6,Hybrid,July 16 2017,,Active,Expat,NO,,,VND,24500.0,72381933,83239223,2954,3398,4/5,6.1%,No,21.3,4.0,June 29 2023,67.0,Agency,62.0,Yes,4.0
EMP0686,David Choi,Female,1971-01-07,Thai,Asia Pacific,Vietnam,Hanoi,Delivery,Project Analyst,G2,Hybrid,September 16 2020,,Active,Full-time,Yes,,,VND,24500.0,35495715,40820072,1449,1666,4,10.9,No,20.9,10.0,July 10 2024,90.0,Jobboard,52.0,Yes,5.0
EMP0687,Somchai Guo,Male,19/04/1979,Indian,Asia Pacific,Vietnam,Ho Chi Minh City,Delivery,Project Analyst,G2,Remote,29/10/2020,,Active,Full-time,Yes,,,VND,24500.0,29713392,"$34,170,401",1213,1395,3,10.3%,Yes,54.1,7.0,2022-11-28,32.0,Internal Transfer,55.0,YES,5.0
EMP0688,Ji Müller,Female,June 13 1976,Chinese,Asia Pacific,Vietnam,Hanoi,Finance,Finance Analyst,G2,Onsite,August 07 2019,December 09 2020,Resigned,Full-time,No,Voluntary,Personal Reason,VND,24500.0,29856143,34334564,1219,1401,3,6.9,N,,0.0,,39.0,Internal Transfer,24.0,No,3.0
EMP0689,Lim Yang,NB,07/11/2001,Taiwanese,Asia Pacific,Vietnam,Hanoi,hr,HR Specialist,G3,Onsite,March 18 2020,,Active,Contractor,no,,,VND,24500.0,45542363,52373717,1859,2138,5/5,10.3,Y,68.8,6.0,21/10/2022,83.0,LinkedIn,82.0,Yes,4.0
EMP0690,Somchai Williams,Non Binary,1994-07-14,Indian,Asia Pacific,Vietnam,Ho Chi Minh City,Lgl,Legal Director,G6,Remote,2019-01-24,,Active,Full-time,Yes,,,VND,24500.0,79074353,90935506,3228,3712,2,2.5,No,70.7,5.0,20/01/2022,76.0,Referral,70.0,Yes,4.0
EMP0691,somchai zhang,Male,1976-11-25,Indonesian,Asia Pacific,Vietnam,Ho Chi Minh City,legal,Legal Counsel,G3,Onsite,23/12/2017,,Active,Intern,YES,,,VND,24500.0,41171042,47346698,1680,1933,3,14.4,No,23.9,9.0,2024-01-22,53.0,Ref,94.0,Yes,4.0
EMP0692,michelle sharma,non-binary,1997-01-07,Singaporean,Asia Pacific,Vietnam,Ho Chi Minh City,Marketing,Marketing Specialist,G3,Onsite,August 16 2021,,Active,Full-time,no,,,VND,24500.0,41007861,"47,159,040",1674,1925,4,1.6%,Yes,48.8,9.0,November 12 2022,16.0,Referral,65.0,No,4.0
EMP0693,Lakshmi Chen,Female,January 13 1983,Singaporean,Asia Pacific,Vietnam,Ho Chi Minh City,Lgl,Senior Legal Counsel,G4,Hybrid,April 24 2019,,Active,Contractor,Yes,,,VND,24500.0,61278484,70470257,2501,2876,3,14.3,Yes,32.0,1.0,October 06 2024,17.0,Internal Transfer,65.0,yes,4.0
EMP0694,Maria Wu,m,1978-06-07,Japanese,Asia Pacific,Vietnam,Hanoi,Sales,Senior Account Executive,G3,Remote,23/04/2019,,Active,Full-time,yes,,,VND,24500.0,43851229,"$50,428,913",1790,2058,1,8.9,Y,73.5,7.0,2024-03-24,72.0,Referral,32.0,No,4.0
EMP0695,Ravi Santos,Not Declared,1992-01-09,Thai,Asia Pacific,Vietnam,Ho Chi Minh City,Legal,Legal Manager,G5,Onsite,01/12/2016,,Active,Full-time,Yes,,,VND,24500.0,70714968,81322213,2886,3319,4,7.4,Yes,68.7,6.0,October 17 2022,72.0,Internal Transfer,50.0,y,3.0
EMP0696,Sarah Koh,M,30/07/1981,Korean,Asia Pacific,Vietnam,Hanoi,Finance,Senior Finance Analyst,G3,Hybrid,28/06/2020,-,Resigned,Full-time,No,Voluntary,Health Reasons,VND,24500.0,41813789,48085857,1707,1963,3/5,7.4,no,,7.0,12/12/2021,38.0,LinkedIn,60.0,Yes,
EMP0697,HARUTO WANG,Not Declared,19/06/1977,Filipino,Asia Pacific,Vietnam,Hanoi,Delivery,Senior Project Manager,G4,Hybrid,10/01/2020,,Active,Full-time,Yes,,,VND,24500.0,54735325,"$62,945,624",2234,2569,4,7.5,N,42.5,5.0,April 20 2023,55.0,LinkedIn,18.0,Y,4.0
EMP0698,Min Kim,Not Declared,26/02/1991,American,Asia Pacific,Vietnam,Ho Chi Minh City,Legal,Senior Legal Counsel,G4,Onsite,2021-12-28,,Resigned,Full-time,Yes,Voluntary,Health Reasons,VND,24500.0,61147442,70319558,2496,2870,5,4.9,n,58.8,4.0,,46.0,Job board,61.0,Yes,3.0
EMP0699,Jose Guo,Male,September 05 1983,Japanese,Asia Pacific,Vietnam,Hanoi,Finance,Senior Finance Analyst,G3,Hybrid,May 05 2021,,Active,Full-time,Yes,,,VND,24500.0,40487157,46560231,1653,1900,2,11.1,No,68.0,12.0,2023-12-26,86.0,Referral,36.0,N,3.0
EMP0700,Chan Chan,Male,December 15 1988,Thai,Asia Pacific,Vietnam,Hanoi,Delivery,Project Manager,G3,Onsite,09/07/2017,,Active,FT,y,,,VND,24500.0,43887282,"$50,470,374",1791,2060,5,1.6,No,51.3,11.0,November 23 2023,50.0,LinkedIn,45.0,n,5.0
EMP0701,Chan Santoso,Female,1995-09-27,Chinese,Asia Pacific,Vietnam,Ho Chi Minh City,HR,HR Business Partner,G4,Remote,2021-08-26,,Active,Contractor,Yes,,,VND,24500.0,"$58,677,022","67,478,575",2395,2754,5,7.1,No,30.0,9.0,September 24 2022,90.0,linkedin,74.0,No,4.0
EMP0702,KEVIN KOH,Non Binary,July 10 1990,Indonesian,Asia Pacific,Vietnam,Hanoi,Sales,Account Executive,G2,Remote,2024-06-27,,Active,Full-time,Yes,,,VND,24500.0,34054025,39162129,1390,1598,4,8.2,NO,29.6,12.0,2023-01-14,32.0,Job Board,86.0,Yes,4.0
EMP0703,Kavya Patel,Female,June 24 1988,Korean,Asia Pacific,Vietnam,Hanoi,HR,HR Assistant,G1,Hybrid,2021-04-12,,Active,Intern,Yes,,,VND,24500.0,22239345,25575247,908,1044,5,6.9,Yes,34.6,11.0,20/12/2024,22.0,LinkedIn,15.0,Yes,5.0
EMP0704,MIN LEE,Male,07/08/1995,American,Asia Pacific,Vietnam,Hanoi,Mktg,Marketing Executive,G2,Onsite,November 18 2023,,Active,full time,Yes,,,VND,24500.0,30628684,"35,222,987",1250,1438,3,10.3%,Yes,30.4,8.0,2023-08-10,71.0,Agency,65.0,N,4.0
EMP0705,Emma Santos,M,August 13 1972,Malaysian,Asia Pacific,Vietnam,Hanoi,Finance,Finance Manager,G4,Onsite,14/11/2019,2024-07-10,Terminated,Full-time,Yes,Involuntary,Misconduct,VND,24500.0,"59,493,771",68417837,2428,2793,1,14.9,No,46.5,,18/11/2022,,Internal Transfer,34.0,Yes,4.0
EMP0706,James Jones,Male,July 26 1981,Indian,Asia Pacific,Vietnam,Hanoi,Finance,Senior Finance Analyst,G3,Onsite,2018-10-15,,Active,contract,y,,,VND,24500.0,41451129,47668798,1692,1946,2,11.8%,No,20.7,11.0,2022-12-28,27.0,Internal Transfer,19.0,Yes,4.0
EMP0707,Chris Müller,Female,June 21 1986,Filipino,Asia Pacific,Vietnam,Ho Chi Minh City,Delivery,Senior Project Manager,G4,Hybrid,18/06/2022,,Active,Contractor,Yes,,,VND,24500.0,52181470,"$60,008,690",2130,2449,3,6.6,Yes,64.9,11.0,2024-02-01,78.0,LinkedIn,68.0,Yes,1.0
EMP0708,JIN LE,Male,December 30 2001,Indian,Asia Pacific,Vietnam,Ho Chi Minh City,Delivery,Senior Project Manager,G4,Onsite,October 22 2021,,Active,Full-time,Yes,,,VND,24500.0,"$54,173,453",62299471,2211,2543,4,2.0,No,20.2,10.0,19/03/2022,30.0,Job Board,92.0,Yes,4.0
EMP0709,ng singh,Male,09/10/1987,Filipino,Asia Pacific,Vietnam,Hanoi,I.T.,Engineering Manager,G5,Onsite,31/05/2015,,Active,Full-time,NO,,,VND,24500.0,73400857,84410986,2996,3445,3,7.1,No,67.0,10.0,2024-12-25,49.0,Referral,60.0,Yes,4.0
EMP0710,Jose Suzuki,Male,1994-12-15,Hong Konger,Asia Pacific,Vietnam,Hanoi,Legal,Legal Executive,G2,Hybrid,19/11/2023,,Active,Contractor,Yes,,,VND,24500.0,28113218,32330201,1147,1320,3,7.7,Yes,8.1,12.0,2022-07-06,11.0,Referral,74.0,n,3.0
EMP0711,Wei Li,Male,1997-01-21,Singaporean,Asia Pacific,Vietnam,Hanoi,Legal,Legal Counsel,G3,Hybrid,April 04 2017,,Active,Full-time,Yes,,,VND,24500.0,47982120,55179438,1958,2252,3,4.6,No,38.0,9.0,February 09 2023,70.0,INTERNAL,61.0,Yes,4.0
EMP0712,Jessica Koh,Female,12/07/1989,Hong Konger,Asia Pacific,Vietnam,Hanoi,Sales,Account Executive,G2,Onsite,August 15 2021,,Active,Full-time,Yes,,,VND,24500.0,35224704,40508410,1438,1653,4,11.8,No,28.7,9.0,03/03/2022,69.0,Job Board,26.0,Yes,4.0
EMP0713,Yuki Lee,M,20/09/1976,Malaysian,Asia Pacific,Vietnam,Hanoi,HR,HR Specialist,G3,Hybrid,09/11/2018,,Active,Full-time,no,,,VND,24500.0,"47,105,096",54170860,1923,2211,3,3.8,Yes,29.1,2.0,2023-01-18,84.0,Agency,45.0,Yes,4.0
EMP0714,jin zhang,Male,March 01 1985,Singaporean,Asia Pacific,Vietnam,Hanoi,Sales,Account Executive,G2,Onsite,2022-12-09,,Active,Full-time,Yes,,,VND,24500.0,"31,278,168",35969893,1277,1468,5,1.1,yes,52.6,1.0,2023-09-12,21.0,Internal Transfer,42.0,Yes,4.0
EMP0715,Siti Wong,Female,November 21 1990,Australian,Asia Pacific,Vietnam,Hanoi,Marketing,Marketing Assistant,G1,Onsite,26/04/2023,,Active,INTERN,Yes,,,VND,24500.0,17242411,19828773,704,809,3,8.5%,Yes,18.4,7.0,February 05 2024,13.0,Recruitment Agency,88.0,Yes,5.0
EMP0716,Fang Singh,Male,03/12/1996,Filipino,Asia Pacific,Vietnam,Ho Chi Minh City,HR Dept,HR Executive,G2,Hybrid,29/07/2020,,Active,Full-time,Yes,,,VND,24500.0,"$32,045,470",36852290,1308,1504,3,2.0,Yes,75.6,5.0,March 26 2022,70.0,referral,24.0,No,3.0
EMP0717,Arjun Dela Cruz,Female,April 18 1973,Filipino,Asia Pacific,Vietnam,Ho Chi Minh City,Legal,Legal Counsel,G3,Hybrid,April 28 2018,,Active,Full-time,N,,,VND,24500.0,45739489,52600412,1867,2147,4,13.5,No,14.0,11.0,April 17 2023,89.0,Internal Transfer,43.0,Yes,3.0
EMP0718,Nguyen Singh,Female,1998-05-29,Australian,Asia Pacific,Vietnam,Ho Chi Minh City,Marketing,Senior Marketing Specialist,G4,Remote,January 11 2021,,Active,fulltime,Yes,,,VND,24500.0,52727063,60636122,2152,2475,4,12.6,No,4.4,2.0,09/04/2024,81.0,linked in,86.0,NO,4.0
EMP0719,Kevin Sharma,Male,20/01/2001,Vietnamese,Asia Pacific,Vietnam,Hanoi,legal,Legal Executive,G2,Onsite,June 21 2021,,Active,Full-time,Yes,,,VND,24500.0,35561347,40895549,1451,1669,3,9.8%,no,14.8,5.0,10/06/2022,37.0,Int Transfer,52.0,no,5.0
EMP0720,Ong Dela Cruz,Female,16/02/1996,American,Asia Pacific,Vietnam,Hanoi,HR,HR Assistant,G1,Hybrid,2024-01-01,,Active,contract,Yes,,,VND,24500.0,24188972,27817318,987,1135,3/5,11.5,Yes,37.1,4.0,24/09/2023,64.0,Referral,66.0,Yes,4.0
EMP0721,Chan Lim,Female,1978-01-16,Malaysian,Asia Pacific,Vietnam,Hanoi,Legal,Legal Executive,G2,Remote,2019-01-03,,Active,Full-time,Yes,,,VND,24500.0,31483797,36206367,1285,1478,4,9.0,NO,38.4,2.0,2024-01-12,96.0,LinkedIn,34.0,Yes,4.0
EMP0722,WEI SUZUKI,M,1995-12-16,Thai,Asia Pacific,Vietnam,Ho Chi Minh City,Legal,Legal Manager,G5,Onsite,2018-02-09,,Active,Contractor,Yes,,,VND,24500.0,63881090,73463254,2607,2999,5,12.1,Yes,64.0,9.0,2023-04-01,34.0,Referral,74.0,Yes,4.0
EMP0723,Priya Lin,Male,1983-12-10,Indian,Asia Pacific,Vietnam,Hanoi,IT,Software Engineer,G2,Onsite,18/11/2023,,Active,Contractor,NO,,,VND,24500.0,"29,810,868",34282498,1217,1399,3,14.6,No,70.2,3.0,04/05/2024,29.0,agency,83.0,Yes,5.0
EMP0724,Fang Ong,NB,May 17 1978,Chinese,Asia Pacific,Vietnam,Hanoi,Information Technology,Software Engineer,G2,Hybrid,April 20 2024,-,Resigned,Full-time,no,Voluntary,Health Reasons,VND,24500.0,33400400,"$38,410,460",1363,1568,4,6.7%,No,,5.0,17/03/2022,31.0,Recruitment Agency,28.0,Yes,3.0
EMP0725,Dewi Santoso,Female,March 02 1982,American,Asia Pacific,Vietnam,Hanoi,Finance,Finance Analyst,G2,Hybrid,16/05/2020,,Active,Full-time,Yes,,,VND,24500.0,28411649,32673396,1160,1334,3,4.1,Yes,38.3,10.0,June 04 2024,86.0,Job Board,,Yes,
EMP0726,Michael Müller,Male,March 10 1975,Indonesian,Asia Pacific,Vietnam,Hanoi,Marketing,Marketing Specialist,G3,Onsite,10/06/2019,24/05/2022,Terminated,full time,No,Involuntary,Performance,VND,24500.0,41240823,47426946,1683,1936,2/5,2.5,Yes,15.8,,January 29 2021,17.0,LINKEDIN,82.0,Y,4.0
EMP0727,Ong Huang,Male,January 24 1996,British,Asia Pacific,Vietnam,Hanoi,Finance,Senior Finance Manager,G5,Remote,2016-11-06,,Active,Full-time,Yes,,,VND,24500.0,"71,030,599",81685189,2899,3334,2,3.9,No,49.5,4.0,January 23 2022,92.0,Agency,70.0,Yes,2.0
EMP0728,michelle zhang,Not Declared,05/07/1999,Thai,Asia Pacific,Vietnam,Hanoi,Sales,Sales Manager,G4,Hybrid,07/12/2019,,Active,Full-time,Yes,,,VND,24500.0,56093506,64507532,2290,2633,3/5,8.4,Yes,61.5,1.0,2023-09-21,60.0,Referral,47.0,Yes,2.0
EMP0729,Seo Ng,Female,February 03 1985,Hong Konger,Asia Pacific,Vietnam,Hanoi,IT,Software Engineer,G2,Hybrid,29/10/2024,,Active,fulltime,Yes,,,VND,24500.0,31956743,"$36,750,254",1304,1500,3,8.4,yes,67.3,5.0,2022-07-02,54.0,internal,59.0,Yes,4.0
EMP0730,Nguyen Charoenwong,Male,October 23 1983,Thai,Asia Pacific,Vietnam,Hanoi,Finance,Finance Manager,G4,Remote,2022-08-08,,Active,Full-time,Yes,,,VND,24500.0,54770105,"$62,985,621",2236,2571,4,0.2,Yes,59.2,7.0,July 19 2022,82.0,Job Board,47.0,Yes,1.0
EMP0731,Priya Tanaka,m,09/01/1972,Japanese,Asia Pacific,China,Beijing,finance,Finance Manager,G4,Hybrid,June 05 2020,,Active,Full-time,Yes,,,CNY,7.25,"$40,667",46767,5609,6451,4,8.5,Yes,16.0,5.0,14/01/2024,66.0,Job board,61.0,Yes,4.0
EMP0732,Seo Müller,Not Declared,1998-09-30,Taiwanese,Asia Pacific,China,Shanghai,Marketing,Marketing Specialist,G3,Hybrid,16/11/2022,,Active,Full-time,Yes,,,CNY,7.25,28908,33244,3987,4585,3,5.7,No,69.5,10.0,August 24 2023,85.0,Referral,67.0,Yes,2.0
EMP0733,Kavya Yang,Female,July 06 1973,Indonesian,Asia Pacific,China,Shanghai,legal,Senior Legal Counsel,G4,Hybrid,December 21 2021,,Resigned,Contractor,Yes,Voluntary,Better Opportunity,CNY,7.25,41760,48024,5760,6624,4/5,0.1,No,44.9,5.0,June 14 2022,2.0,Job Board,59.0,Yes,2.0
EMP0734,Nattaporn Singh,Female,1979-05-18,Singaporean,Asia Pacific,China,Shanghai,Sales,Senior Sales Manager,G5,Hybrid,May 02 2019,17/09/2022,Resigned,Full-time,Yes,Voluntary,Personal Reason,CNY,7.25,"53,797","$61,867",7420,8533,3,7.7,No,34.9,4.0,2023-08-15,34.0,job board,19.0,n,5.0
EMP0735,Jin Sharma,Not Declared,1974-12-11,Taiwanese,Asia Pacific,China,Shanghai,Sales,Senior Account Executive,G3,Hybrid,2022-10-22,31/12/2024,Resigned,Full-time,N,Voluntary,Health Reasons,CNY,7.25,35525,40854,4900,5635,5,0.3,Yes,53.4,5.0,August 27 2023,17.0,Agency,,Y,4.0
EMP0736,Suresh Wong,Female,1974-04-04,British,Asia Pacific,China,Shanghai,Finance,Senior Finance Analyst,G3,Hybrid,March 07 2022,,Active,Full-time,Yes,,,CNY,7.25,"32,134","$36,954",4432,5097,5,14.4%,n,60.0,4.0,May 24 2023,55.0,Internal Transfer,57.0,No,5.0
EMP0737,Lee Pham,Female,1992-12-24,Malaysian,Asia Pacific,China,Beijing,Sales,Sales Executive,G1,Onsite,09/12/2022,,Active,Full-time,Yes,,,CNY,7.25,"16,246",18683,2241,2577,4,10.4,Yes,26.1,5.0,22/09/2022,53.0,Internal Transfer,16.0,Yes,4.0
EMP0738,Michelle Choi,Female,1996-05-11,Malaysian,Asia Pacific,China,Shanghai,HR,HR Executive,G2,Remote,2019-05-18,02/10/2024,Resigned,Full-time,Yes,Voluntary,Personal Reason,CNY,7.25,"$22,040",25346,3040,3496,2,11.1,Yes,38.9,6.0,2022-03-25,,Internal Transfer,36.0,NO,5.0
EMP0739,Tan Suzuki,Male,19/01/1995,American,Asia Pacific,China,Beijing,Legal,Legal Assistant,G1,Hybrid,November 18 2019,,Active,Intern,Yes,,,CNY,7.25,14862,17091,2050,2357,4,10.4,Yes,43.3,1.0,2023-09-09,58.0,LinkedIn,19.0,Yes,2.0
EMP0740,Tan Lin,Not Declared,16/09/1974,Indonesian,Asia Pacific,China,Shanghai,Sales,Sales Executive,G1,Hybrid,08/02/2021,,Resigned,Intern,No,Voluntary,Relocation,CNY,7.25,"$9,859","11,338",1360,1564,3,13.1,Yes,25.1,8.0,June 12 2021,27.0,LinkedIn,80.0,Yes,4.0
EMP0741,Maria Singh,Male,10/05/1999,Thai,Asia Pacific,China,Beijing,LEGAL,Legal Counsel,G3,Hybrid,September 23 2020,31/12/2024,Terminated,Full-time,Yes,Involuntary,Redundancy,CNY,7.25,30008,"$34,509",4139,4760,4,12.9,Yes,39.8,5.0,15/07/2023,75.0,Agency,38.0,Yes,3.0
EMP0742,Dewi Yamamoto,Female,1990-09-19,American,Asia Pacific,China,Shanghai,Legal,Legal Manager,G5,Hybrid,2016-06-27,,Active,Full-time,Yes,,,CNY,7.25,53037,"$60,993",7315,8413,4,7.3,y,31.7,4.0,05/12/2023,91.0,Ref,70.0,Yes,4.0
EMP0743,Arjun Charoenwong,Female,1985-02-02,Chinese,Asia Pacific,China,Beijing,Finance,Finance Manager,G4,Hybrid,October 09 2020,,Active,Contractor,N,,,CNY,7.25,"41,260",47449,5691,6545,3,1.8,No,76.7,11.0,16/03/2023,28.0,Job Board,68.0,n,5.0
EMP0744,Kavya Ong,Non Binary,19/03/1987,American,Asia Pacific,China,Shanghai,H.R.,HR Business Partner,G4,Remote,September 18 2021,,Active,Full-time,Yes,,,CNY,7.25,45656,52504,6297,7242,4/5,7.6%,Yes,55.6,2.0,2022-03-10,43.0,Internal Transfer,25.0,Yes,3.0
EMP0745,Amanda Lee,Male,07/02/1995,Chinese,Asia Pacific,China,Beijing,Marketing,Marketing Executive,G2,Hybrid,January 17 2024,,Active,Full-time,Yes,,,CNY,7.25,20270,23310,2796,3215,3,6.1%,No,24.7,3.0,17/01/2022,59.0,Agency,26.0,Yes,4.0
EMP0746,Lee Suwannarat,Not Declared,1991-04-13,Vietnamese,Asia Pacific,China,Beijing,Sales,Senior Sales Manager,G5,Onsite,November 22 2016,,Active,Full-time,Yes,,,CNY,7.25,52002,59802,7173,8249,3,14.2,Yes,50.3,10.0,November 17 2023,32.0,agency,70.0,Yes,3.0
EMP0747,Chris Wong,Not Declared,18/07/1976,Malaysian,Asia Pacific,China,Shanghai,Delivery,Senior Project Manager,G4,Hybrid,July 03 2022,-,Resigned,Full-time,Yes,Voluntary,Further Studies,CNY,7.25,44076,50687,6079,6991,2,5.8%,No,24.8,8.0,2023-10-13,4.0,Agency,56.0,N,5.0
EMP0748,Tan Brown,Female,1998-09-02,Thai,Asia Pacific,China,Beijing,MARKETING,Marketing Executive,G2,Remote,2020-11-09,,Active,Full-time,NO,,,CNY,7.25,17733,20393,2446,2813,5,5.3,No,64.8,3.0,March 28 2022,16.0,Referral,80.0,Yes,4.0
EMP0749,Tan Nguyen,M,1978-05-03,Korean,Asia Pacific,China,Beijing,marketing,Marketing Specialist,G3,Remote,August 10 2021,,Active,Full-time,Yes,,,CNY,7.25,34347,39499,4738,5448,4,10.4,Yes,25.2,4.0,23/02/2023,59.0,LinkedIn,79.0,Yes,5.0
EMP0750,Chan Wong,NB,April 03 1989,Australian,Asia Pacific,China,Shanghai,HR,HR Business Partner,G4,Hybrid,26/08/2022,,Active,Contractor,Yes,,,CNY,7.25,45479,52301,6273,7214,1/5,7.3,NO,60.4,6.0,10/09/2022,30.0,Job Board,91.0,Yes,5.0
EMP0751,Emma Reyes,Female,11/11/1987,British,Asia Pacific,China,Shanghai,hr,HR Executive,G2,Hybrid,23/08/2023,,Active,Intern,Yes,,,CNY,7.25,17024,"19,578",2348,2700,4,3.8,Yes,29.7,7.0,2024-07-24,95.0,LinkedIn,66.0,YES,2.0
EMP0752,Haruto Williams,Not Declared,February 02 1979,Japanese,Asia Pacific,China,Beijing,Finance,Finance Director,G6,Onsite,2017-02-07,,Active,Full Time,Yes,,,CNY,7.25,59033,67888,8142,9364,3,9.4,Yes,44.3,12.0,2023-10-17,97.0,Job Board,22.0,No,3.0
EMP0753,Meera Huang,Female,08/11/2001,Thai,Asia Pacific,China,Beijing,MARKETING,Marketing Specialist,G3,Hybrid,2019-06-26,,Active,Full-time,Yes,,,CNY,7.25,"30,277","34,819",4176,4803,3,14.7,Y,22.1,6.0,14/09/2024,74.0,Agency,39.0,Yes,1.0
EMP0754,David Choi,Male,July 09 1979,American,Asia Pacific,China,Beijing,DELIVERY,Senior Project Manager,G4,Hybrid,March 13 2021,,Active,Full-time,YES,,,CNY,7.25,40790,46908,5626,6470,3,0.6,Yes,41.5,12.0,30/04/2023,97.0,Internal Transfer,23.0,N,4.0
EMP0755,Chan Yang,female,1976-09-11,Korean,Asia Pacific,China,Beijing,Legal,Legal Counsel,G3,Hybrid,2022-07-31,-,Terminated,Contractor,YES,Involuntary,Contract Ended,CNY,7.25,27343,"$31,444",3771,4337,4,9.7,y,43.3,2.0,2021-09-21,66.0,Job Board,23.0,Yes,5.0
EMP0756,DAVID KIM,Not Declared,September 19 1990,Vietnamese,Asia Pacific,China,Beijing,Sales,Senior Account Executive,G3,Onsite,December 13 2017,,Active,Full-time,Yes,,,CNY,7.25,28356,"$32,609",3911,4498,3,1.9,No,12.0,6.0,2024-05-24,68.0,Internal Transfer,54.0,Yes,4.0
EMP0757,Ng Yamamoto,Female,31/08/1982,Korean,Asia Pacific,China,Shanghai,Marketing,Senior Marketing Specialist,G4,Hybrid,July 19 2017,,Active,Full-time,Yes,,,CNY,7.25,41525,47754,5728,6587,3,12.2,Yes,52.6,4.0,14/01/2024,59.0,Internal Transfer,29.0,Yes,4.0
EMP0758,ravi chen,Male,1971-08-15,British,Asia Pacific,China,Shanghai,HR,HR Specialist,G3,Onsite,08/11/2019,,Active,Full-time,Yes,,,CNY,7.25,28477,32749,3928,4517,4,1.7%,Yes,35.9,10.0,2023-01-23,29.0,Ref,42.0,Yes,4.0
EMP0759,Michelle Jones,Not Declared,23/07/1975,Australian,Asia Pacific,China,Beijing,Finance,Senior Finance Analyst,G3,Onsite,March 18 2019,,Active,Full-time,Yes,,,CNY,7.25,31001,35651,4276,4917,4,2.5%,Yes,48.0,2.0,2024-06-21,68.0,Internal Transfer,16.0,Yes,3.0
EMP0760,Ananya Pham,male,09/09/1985,Malaysian,Asia Pacific,China,Shanghai,Marketing,Marketing Manager,G5,Hybrid,15/09/2018,,Active,Full-time,Yes,,,CNY,7.25,51369,59074,7085,8148,5,6.9,Yes,24.6,1.0,21/01/2023,44.0,Agency,60.0,no,4.0
EMP0761,li pham,Female,07/08/1996,Vietnamese,Asia Pacific,China,Beijing,Legal,Legal Counsel,G3,Hybrid,08/09/2018,-,Terminated,full time,Yes,Involuntary,Contract Ended,CNY,7.25,35045,40302,4834,5559,4,3.2,Yes,37.7,7.0,20/10/2022,25.0,Internal Transfer,24.0,Yes,4.0
EMP0762,Wei Wong,Male,30/04/1985,Korean,Asia Pacific,China,Shanghai,legal,Senior Legal Counsel,G4,Hybrid,October 21 2019,,Active,Full-time,Yes,,,CNY,7.25,"$44,600",51290,6152,7074,2/5,6.7%,N,21.4,7.0,February 24 2024,92.0,Internal Transfer,48.0,Y,
EMP0763,wei lee,Male,1991-11-15,Indonesian,Asia Pacific,China,Shanghai,IT,IT Support,G1,Remote,14/10/2022,,Active,Full-time,Yes,,,CNY,7.25,9755,11218,1346,1547,4,13.6,Yes,18.6,11.0,February 08 2023,49.0,Agency,16.0,Yes,5.0
EMP0764,dewi tanaka,M,March 27 1996,British,Asia Pacific,China,Shanghai,HR,HR Specialist,G3,Onsite,October 18 2018,2022-04-27,Resigned,Full-time,Yes,Voluntary,Health Reasons,CNY,7.25,33489,38512,4619,5312,3,7.7%,YES,54.1,1.0,2021-12-11,12.0,LinkedIn,18.0,Yes,2.0
EMP0765,Wong Suwannarat,M,September 04 1988,Thai,Asia Pacific,China,Shanghai,Legal,Senior Legal Counsel,G4,Remote,July 07 2020,,Active,FT,Yes,,,CNY,7.25,38586,"$44,374",5322,6121,4,13.4,Y,8.7,6.0,09/10/2022,30.0,Agency,83.0,Yes,3.0
EMP0766,ravi nguyen,Not Declared,06/01/1989,Vietnamese,Asia Pacific,China,Beijing,Sales,Sales Executive,G1,Hybrid,2019-05-02,,Active,fulltime,Yes,,,CNY,7.25,16684,"19,187",2301,2646,3,14.9,No,54.2,9.0,07/10/2024,68.0,Job Board,75.0,n,4.0
EMP0767,Sarah Le,Male,June 17 1985,Thai,Asia Pacific,China,Beijing,Finance,Senior Finance Analyst,G3,Remote,25/11/2021,,Active,Full-time,Yes,,,CNY,7.25,31665,36415,4368,5023,4,8.9,Yes,68.1,12.0,2023-04-25,62.0,Agency,43.0,Yes,4.0
EMP0768,Min Santoso,Female,06/03/1999,Malaysian,Asia Pacific,China,Beijing,Human Resources,HR Specialist,G3,Onsite,October 17 2017,,Active,Contractor,Yes,,,CNY,7.25,32912,37849,4540,5221,4,10.1,No,28.2,5.0,2024-08-15,75.0,Agency,,Yes,4.0
EMP0769,Wei Suwannarat,Female,April 10 1973,Hong Konger,Asia Pacific,China,Beijing,Sales,Sales Manager,G4,Onsite,2020-02-13,,Active,fulltime,Yes,,,CNY,7.25,40725,46834,5617,6460,3,1.5,No,66.7,12.0,March 12 2022,77.0,INTERNAL,52.0,Yes,4.0
EMP0770,Somchai Wang,Female,May 21 1976,Indian,Asia Pacific,China,Beijing,Finance,Finance Analyst,G2,Remote,June 17 2024,,Active,Contractor,Yes,,,CNY,7.25,20718,23826,2858,3286,5,0.6%,No,71.1,11.0,2022-12-20,29.0,Internal Transfer,81.0,Yes,4.0
EMP0771,Maria Tanaka,FEMALE,03/10/1979,Australian,Asia Pacific,China,Shanghai,Human Resources,HR Executive,G2,Hybrid,2020-03-06,2024-12-31,Terminated,Contractor,Yes,Involuntary,Misconduct,CNY,7.25,"$22,930",26369,3163,3637,3,14.6,No,1.6,8.0,,19.0,Job Board,62.0,Yes,5.0
EMP0772,Emma Wang,NB,30/09/1995,Vietnamese,Asia Pacific,China,Shanghai,sales,Senior Sales Manager,G5,Hybrid,2016-06-09,,Active,Contractor,Yes,,,CNY,7.25,51840,"$59,616",7150,8223,4,3.8,No,27.3,3.0,August 02 2022,14.0,Agency,20.0,Yes,3.0
EMP0773,Suresh Santoso,Female,1975-11-08,Taiwanese,Asia Pacific,China,Shanghai,HR,HR Specialist,G3,Onsite,28/07/2022,-,Resigned,Full-time,No,Voluntary,Further Studies,CNY,7.25,34435,"$39,600",4750,5462,3,7.2,No,,8.0,,18.0,Job Board,35.0,Yes,3.0
EMP0774,Ong Singh,non-binary,June 27 1999,Filipino,Asia Pacific,China,Shanghai,sales,Account Executive,G2,Hybrid,March 14 2020,,Active,Full-time,Yes,,,CNY,7.25,19494,22418,2689,3092,3,2.9%,n,62.3,9.0,October 29 2023,31.0,Jobboard,19.0,no,3.0
EMP0775,Emma Patel,Female,February 08 1986,Taiwanese,Asia Pacific,China,Beijing,Delivery,Project Analyst,G2,Onsite,2022-08-02,-,Terminated,Full-time,Yes,Involuntary,Misconduct,CNY,7.25,"22,652",26050,3124,3593,4,7.9%,No,52.6,2.0,2021-08-05,3.0,LinkedIn,32.0,no,
EMP0776,Michelle Smith,Male,1993-05-29,Filipino,Asia Pacific,China,Shanghai,Legal,Legal Director,G6,Remote,May 31 2016,,Active,Expat,Yes,,,CNY,7.25,"$60,000",69000,8276,9517,3,10.4,Yes,35.5,2.0,August 24 2022,82.0,LinkedIn,74.0,Yes,3.0
EMP0777,Somchai Suzuki,m,04/08/1979,Taiwanese,Asia Pacific,China,Shanghai,Sales,Sales Executive,G1,Onsite,2020-02-19,,Active,INTERN,Yes,,,CNY,7.25,13989,"$16,087",1930,2219,4,14.0%,Yes,23.8,10.0,2022-11-26,36.0,LinkedIn,82.0,Yes,4.0
EMP0778,Li Koh,Female,23/02/1982,Malaysian,Asia Pacific,China,Beijing,Delivery,Senior Project Manager,G4,Remote,2022-04-06,,Terminated,FT,Yes,Involuntary,Performance,CNY,7.25,43043,49499,5937,6827,3,1.9,No,38.2,,2021-02-25,2.0,LinkedIn,46.0,Yes,3.0
EMP0779,maria smith,Female,November 16 1974,Taiwanese,Asia Pacific,China,Beijing,Legal,Senior Legal Counsel,G4,Hybrid,2018-08-04,,Active,Full Time,NO,,,CNY,7.25,42082,48394,5804,6675,5,4.9,Yes,62.0,6.0,November 12 2022,46.0,Referral,94.0,Yes,3.0
EMP0780,KEVIN KIM,m,29/03/1992,Indonesian,Asia Pacific,China,Shanghai,HR,Senior HR Business Partner,G5,Onsite,2020-01-22,,Active,Expat,Yes,,,CNY,7.25,53039,"$60,995",7316,8413,4,13.7,Yes,25.3,12.0,August 27 2024,54.0,Job Board,50.0,Yes,4.0
EMP0781,Ananya Jones,Male,1995-03-26,Indonesian,Asia Pacific,China,Beijing,Del,Delivery Manager,G5,Hybrid,February 17 2016,,Active,Full-time,Y,,,CNY,7.25,"53,522",61550,7382,8490,1/5,2.4,Yes,65.5,6.0,February 10 2023,64.0,LinkedIn,70.0,Y,4.0
EMP0782,Fang Patel,Male,July 09 2000,Korean,Asia Pacific,China,Shanghai,Sales,Senior Account Executive,G3,Onsite,14/09/2022,,Active,Contractor,Yes,,,CNY,7.25,29465,"$33,885",4064,4674,3,8.4%,no,56.1,4.0,May 25 2024,18.0,Job Board,48.0,Yes,3.0
EMP0783,Sarah Johnson,non-binary,April 03 1980,Indian,Asia Pacific,China,Beijing,Sales,Sales Executive,G1,Remote,2020-10-23,31/12/2024,Terminated,Full-time,Yes,Involuntary,Performance,CNY,7.25,"$16,679",19181,2301,2646,3,0.5,NO,16.7,5.0,23/07/2021,,Internal Transfer,79.0,Yes,1.0
EMP0784,Jessica Brown,Male,April 03 1979,Hong Konger,Asia Pacific,China,Beijing,Finance,Finance Analyst,G2,Hybrid,July 27 2021,-,Terminated,Contractor,Yes,Involuntary,Performance,CNY,7.25,18637,21433,2571,2956,3,11.2,Yes,20.7,,,,Job Board,23.0,Yes,4.0
EMP0785,Wei Choi,Male,09/12/1972,Chinese,Asia Pacific,China,Beijing,IT,Software Engineer,G2,Hybrid,May 08 2021,,Active,Contract,Yes,,,CNY,7.25,"23,912","$27,499",3298,3793,5/5,1.6%,Yes,40.2,4.0,18/07/2023,95.0,agency,21.0,No,4.0
EMP0786,Tran Kim,Female,July 29 1985,Indian,Asia Pacific,China,Beijing,Finance,Senior Finance Analyst,G3,Onsite,04/06/2017,,Active,Full-time,Yes,,,CNY,7.25,"34,003",39103,4690,5394,4,13.6,No,43.2,8.0,2023-12-20,20.0,Recruitment Agency,94.0,Yes,1.0
EMP0787,Jin Jones,non-binary,06/06/2001,Japanese,Asia Pacific,China,Beijing,IT,Software Engineer,G2,Remote,2019-01-21,,Active,Full Time,Yes,,,CNY,7.25,17647,20294,2434,2799,3,4.5,n,37.3,4.0,11/03/2024,47.0,Agency,31.0,no,5.0
EMP0788,Suresh Ng,Female,1974-10-13,Filipino,Asia Pacific,China,Beijing,sales,Senior Sales Manager,G5,Hybrid,18/05/2015,,Resigned,Full-time,Yes,Voluntary,Further Studies,CNY,7.25,"$50,195",57724,6923,7962,4,14.4,no,48.7,2.0,2022-08-17,40.0,Internal Transfer,89.0,Yes,3.0
EMP0789,Wei Tran,Female,06/10/1971,Vietnamese,Asia Pacific,China,Beijing,Delivery,Project Manager,G3,Hybrid,2022-09-16,,Active,Contract,NO,,,CNY,7.25,33783,38850,4660,5359,3/5,6.5,No,48.8,1.0,2023-03-28,70.0,Referral,41.0,No,3.0
EMP0790,Li Kumar,Male,December 19 1984,American,Asia Pacific,China,Shanghai,IT,Tech Lead,G4,Hybrid,09/07/2017,,Active,Full-time,Yes,,,CNY,7.25,"39,322","45,220",5424,6237,5/5,1.1,No,22.7,11.0,2024-04-10,40.0,Referral,80.0,Yes,4.0
EMP0791,JI JOHNSON,Male,18/06/1982,Korean,Asia Pacific,China,Beijing,Marketing,Marketing Assistant,G1,Remote,March 08 2022,,Active,Full-time,Y,,,CNY,7.25,9726,"11,185",1342,1543,4/5,12.4,No,22.1,12.0,July 27 2024,49.0,linkedin,76.0,Yes,5.0
EMP0792,Suresh Müller,male,05/10/1988,Malaysian,Asia Pacific,China,Shanghai,Delivery,Project Analyst,G2,Hybrid,October 21 2020,,Active,Full-time,Yes,,,CNY,7.25,21634,24879,2984,3432,4,12.0,No,66.1,3.0,09/09/2022,38.0,LinkedIn,,Yes,5.0
EMP0793,Wei Le,NB,June 04 1996,British,Asia Pacific,China,Shanghai,Finance,Senior Finance Analyst,G3,Hybrid,24/06/2020,,Active,Full-time,N,,,CNY,7.25,31330,"36,030",4321,4970,4,10.0,Yes,65.9,6.0,August 28 2024,75.0,Job Board,47.0,n,4.0
EMP0794,Sarah Williams,Female,1976-05-11,Indian,Asia Pacific,China,Beijing,hr,HR Specialist,G3,Onsite,24/08/2021,,Active,Contractor,y,,,CNY,7.25,34120,39238,4706,5412,3,10.2%,no,36.8,11.0,July 19 2023,13.0,Jobboard,32.0,Yes,4.0
EMP0795,Chris Suwannarat,FEMALE,06/05/1984,Indonesian,Asia Pacific,China,Beijing,Finance,Finance Manager,G4,Hybrid,28/05/2021,,Active,Full-time,Yes,,,CNY,7.25,39245,45132,5413,6225,4,14.0,Yes,57.8,9.0,March 09 2023,39.0,Job Board,84.0,Yes,4.0
EMP0796,WONG NGUYEN,Not Declared,1976-04-26,Indonesian,Asia Pacific,China,Shanghai,Delivery,Project Analyst,G2,Onsite,2020-03-30,,Resigned,CTR,Yes,Voluntary,Better Opportunity,CNY,7.25,"20,342",23393,2806,3227,5,8.9,Yes,56.2,6.0,2023-01-12,39.0,Int Transfer,70.0,Y,4.0
EMP0797,Tran Wijaya,non-binary,November 11 1971,Taiwanese,Asia Pacific,China,Beijing,Legal,Legal Manager,G5,Hybrid,02/06/2018,,Active,expat,Yes,,,CNY,7.25,49950,57442,6890,7923,3,0.5,Yes,36.3,4.0,2023-04-28,64.0,AGENCY,,Yes,3.0
EMP0798,RAJ SANTOSO,Female,July 22 1986,Singaporean,Asia Pacific,China,Shanghai,Sales,Regional Sales Manager,G6,Onsite,2017-10-07,,Active,Contractor,Yes,,,CNY,7.25,60000,69000,8276,9517,4,13.2,Yes,39.4,3.0,27/06/2023,34.0,Agency,40.0,Yes,1.0
EMP0799,Thomas Tan,Female,1980-02-08,Indonesian,Asia Pacific,China,Shanghai,Legal,Legal Executive,G2,Hybrid,03/02/2020,,Active,Full-time,Yes,,,CNY,7.25,"20,401",23461,2814,3236,3,10.3,Yes,64.7,10.0,19/09/2022,65.0,Referral,21.0,Yes,3.0
EMP0800,thomas brown,NB,18/02/1973,British,Asia Pacific,China,Shanghai,Finance,Senior Finance Analyst,G3,Hybrid,April 04 2018,,Active,Full-time,Yes,,,CNY,7.25,"$35,447",40764,4889,5623,3/5,3.6,No,31.6,8.0,29/06/2022,95.0,Referral,26.0,Yes,5.0
EMP0801,David Yamamoto,FEMALE,1996-05-21,Australian,Asia Pacific,Hong Kong,Hong Kong,Legal,Legal Assistant,G1,Onsite,13/03/2024,,Active,Intern,yes,,,HKD,7.82,34552,39735,4418,5081,3,10.8,Yes,15.9,9.0,07/04/2022,86.0,Internal Transfer,72.0,No,4.0
EMP0802,Budi Santos,Female,30/05/1975,Vietnamese,Asia Pacific,Hong Kong,Hong Kong,Finance,Senior Finance Analyst,G3,Remote,2017-04-24,,Active,Full-time,Yes,,,HKD,7.82,"$62,613",72005,8007,9208,3,2.8,Yes,32.8,11.0,April 26 2024,87.0,Internal Transfer,23.0,Yes,4.0
EMP0803,Arun Wijaya,Female,September 04 1984,Japanese,Asia Pacific,Hong Kong,Hong Kong,I.T.,IT Support,G1,Onsite,2024-01-08,,Active,Intern,Yes,,,HKD,7.82,29332,33732,3751,4314,3/5,4.1,Yes,14.6,1.0,November 24 2022,27.0,REFERRAL,48.0,Y,4.0
EMP0804,Tran Singh,Male,March 24 1986,Taiwanese,Asia Pacific,Hong Kong,Hong Kong,Sales,Sales Executive,G1,Onsite,November 11 2020,,Active,Intern,Yes,,,HKD,7.82,21459,"24,678",2744,3156,5,10.0,No,47.2,3.0,18/06/2023,12.0,Job Board,90.0,Yes,2.0
EMP0805,Suresh Pham,Male,May 09 1989,American,Asia Pacific,Hong Kong,Hong Kong,Delivery,Senior Project Manager,G4,Hybrid,2021-08-01,,Resigned,Full-time,no,Voluntary,Personal Reason,HKD,7.82,81594,93833,10434,11999,4,2.5,Yes,,2.0,20/10/2021,59.0,Referral,95.0,no,5.0
EMP0806,Dewi Suzuki,Female,25/11/1973,Chinese,Asia Pacific,Hong Kong,Hong Kong,HR,HR Manager,G6,Hybrid,2019-05-01,,Active,Expat,Yes,,,HKD,7.82,118089,135802,15101,17366,5,14.1,Yes,16.9,5.0,2023-06-06,90.0,Referral,94.0,Yes,4.0
EMP0807,Nattaporn Brown,MALE,1976-01-25,Taiwanese,Asia Pacific,Hong Kong,Hong Kong,Sales,Sales Manager,G4,Hybrid,16/07/2022,,Active,full time,Yes,,,HKD,7.82,86448,99415,11055,12713,4,12.1,Y,55.2,3.0,2022-11-24,94.0,linkedin,42.0,YES,3.0
EMP0808,Michelle Suzuki,Female,1978-05-27,Singaporean,Asia Pacific,Hong Kong,Hong Kong,Sales,Sales Executive,G1,Onsite,2021-09-30,,Active,Full-time,Yes,,,HKD,7.82,27971,32167,3577,4113,3,13.6,No,5.0,12.0,2022-01-12,72.0,Internal Transfer,25.0,No,3.0
EMP0809,Dewi Smith,Male,1990-11-13,Taiwanese,Asia Pacific,Hong Kong,Hong Kong,HR,Senior HR Business Partner,G5,Hybrid,2020-05-30,2021-04-10,Terminated,Full-time,Yes,Involuntary,Redundancy,HKD,7.82,105439,"121,255",13483,15506,4,12.9,YES,17.0,1.0,,9.0,linked in,,Yes,3.0
EMP0810,ng le,Male,06/07/1977,American,Asia Pacific,Hong Kong,Hong Kong,IT,Senior Software Engineer,G3,Hybrid,2017-12-08,,Active,full time,Yes,,,HKD,7.82,57583,66220,7364,8468,3,13.8,No,60.4,7.0,October 05 2022,96.0,LINKEDIN,27.0,no,5.0
EMP0811,MEERA WANG,Female,27/03/1971,Vietnamese,Asia Pacific,Hong Kong,Hong Kong,Legal,Senior Legal Counsel,G4,Onsite,2022-08-18,,Active,Full-time,Yes,,,HKD,7.82,82878,"$95,310",10598,12188,3,0.9%,n,42.3,7.0,2024-07-14,65.0,LinkedIn,86.0,Y,1.0
EMP0812,arun singh,Not Declared,06/08/1980,Indian,Asia Pacific,Hong Kong,Hong Kong,HR,HR Executive,G2,Onsite,16/09/2019,,Active,Contractor,Yes,,,HKD,7.82,42312,48659,5411,6222,3,5.8,Yes,71.3,10.0,March 22 2022,43.0,Referral,66.0,Yes,4.0
EMP0813,TAN GUO,Female,July 06 1972,Vietnamese,Asia Pacific,Hong Kong,Hong Kong,Delivery,Senior Project Manager,G4,Hybrid,2020-05-04,,Active,Full-time,Yes,,,HKD,7.82,"$80,162",92186,10251,11788,5,7.8,Yes,73.5,2.0,2023-07-16,84.0,Agency,78.0,Yes,4.0
EMP0814,sophie sharma,Male,08/11/1999,Malaysian,Asia Pacific,Hong Kong,Hong Kong,Marketing,Marketing Assistant,G1,Remote,June 04 2022,,Resigned,Full-time,N,Voluntary,Further Studies,HKD,7.82,"$31,930",36720,4083,4696,2,13.8,no,11.0,8.0,28/04/2022,40.0,Referral,36.0,Yes,3.0
EMP0815,James Lin,non-binary,30/12/1994,Malaysian,Asia Pacific,Hong Kong,Hong Kong,Legal,Senior Legal Counsel,G4,Onsite,2020-11-21,,Active,Full-time,no,,,HKD,7.82,"77,404",89015,9898,11383,4,6.2,Yes,16.6,3.0,27/08/2024,32.0,Referral,54.0,n,4.0
EMP0816,emma chan,Female,1971-06-11,Thai,Asia Pacific,Hong Kong,Hong Kong,legal,Legal Executive,G2,Onsite,2020-04-25,30/03/2024,Resigned,Full-time,Yes,Voluntary,Better Opportunity,HKD,7.82,37058,42617,4739,5450,3,13.3%,Yes,19.9,2.0,June 15 2021,43.0,Agency,95.0,n,4.0
EMP0817,Ng Chan,Not Declared,26/09/1997,Chinese,Asia Pacific,Hong Kong,Hong Kong,IT,Software Engineer,G2,Hybrid,2019-01-09,,Active,Full-time,YES,,,HKD,7.82,"$37,286",42879,4768,5483,3,14.2,Yes,44.2,5.0,September 10 2024,90.0,Referral,45.0,Yes,5.0
EMP0818,David Pham,Male,08/07/1998,Australian,Asia Pacific,Hong Kong,Hong Kong,Legal,Legal Counsel,G3,Hybrid,14/05/2021,,Active,FT,Yes,,,HKD,7.82,"68,943","$79,284",8816,10139,4/5,6.2%,No,73.4,10.0,2022-07-29,89.0,referral,23.0,no,5.0
EMP0819,ravi patel,Female,28/05/1977,Chinese,Asia Pacific,Hong Kong,Hong Kong,Sales,Senior Account Executive,G3,Onsite,26/09/2022,,Active,intern,Yes,,,HKD,7.82,57581,66218,7363,8468,3/5,8.3,No,24.1,12.0,2023-08-28,23.0,LinkedIn,94.0,Yes,4.0
EMP0820,Jin Wang,Female,December 19 1995,Indonesian,Asia Pacific,Hong Kong,Hong Kong,Finance,Senior Finance Analyst,G3,Onsite,2020-01-25,,Active,Full-time,Yes,,,HKD,7.82,63419,"$72,932",8110,9326,3,13.4,No,57.4,10.0,October 28 2024,25.0,Referral,,Yes,4.0
EMP0821,Meera Tran,Male,1995-07-24,Singaporean,Asia Pacific,Hong Kong,Hong Kong,Fin,Finance Analyst,G2,Onsite,30/06/2020,,Active,Full Time,Yes,,,HKD,7.82,45665,"52,515",5840,6715,4/5,14.5,Yes,5.1,10.0,08/05/2024,29.0,Agency,65.0,NO,5.0
EMP0822,Suresh Yang,Female,October 03 1986,Malaysian,Asia Pacific,Hong Kong,Hong Kong,Legal,Legal Executive,G2,Onsite,April 11 2024,,Active,contractor,NO,,,HKD,7.82,50766,58381,6492,7466,3,12.3,n,35.7,11.0,13/01/2024,80.0,Agency,43.0,Yes,4.0
EMP0823,Michael Tanaka,male,1997-11-12,Thai,Asia Pacific,Hong Kong,Hong Kong,Marketing,Senior Marketing Specialist,G4,Hybrid,26/10/2018,,Active,Full-time,Yes,,,HKD,7.82,84240,96876,10772,12388,4,8.8,No,50.9,3.0,04/05/2022,84.0,Internal Transfer,19.0,Yes,3.0
EMP0824,David Liu,Male,1984-01-04,Indian,Asia Pacific,Hong Kong,Hong Kong,Delivery,Project Manager,G3,Hybrid,September 01 2017,,Active,Full-time,Yes,,,HKD,7.82,62233,71568,7958,9152,3,4.0%,Yes,9.2,10.0,October 17 2024,57.0,Referral,81.0,Yes,3.0
EMP0825,Kevin Wijaya,Male,26/09/1993,Taiwanese,Asia Pacific,Hong Kong,Hong Kong,Legal,Legal Executive,G2,Hybrid,10/01/2021,,Active,Full-time,Yes,,,HKD,7.82,50322,57870,6435,7400,2/5,7.1,Yes,7.7,3.0,2022-05-17,13.0,Referral,77.0,Yes,4.0
EMP0826,Lim Nguyen,Male,November 03 1974,American,Asia Pacific,Hong Kong,Hong Kong,hr,HR Assistant,G1,Onsite,March 02 2023,2024-12-31,Resigned,Full-time,Yes,Voluntary,Health Reasons,HKD,7.82,23118,"$26,586",2956,3400,5,1.2,Yes,4.2,8.0,February 28 2021,11.0,Agency,,Yes,1.0
EMP0827,somchai guo,Not Declared,07/05/1990,Malaysian,Asia Pacific,Hong Kong,Hong Kong,HR,HR Executive,G2,Hybrid,02/09/2022,2024-12-31,Resigned,Contractor,no,Voluntary,Better Opportunity,HKD,7.82,48357,55611,6184,7111,5,7.6,Yes,6.7,2.0,2023-12-23,45.0,LinkedIn,90.0,N,4.0
EMP0828,siti wijaya,Male,11/08/1993,Filipino,Asia Pacific,Hong Kong,Hong Kong,IT,Senior Software Engineer,G3,Hybrid,February 08 2017,,Active,contractor,no,,,HKD,7.82,63409,"72,920",8109,9325,3,10.3,No,13.5,11.0,09/09/2023,44.0,LINKEDIN,93.0,YES,4.0
EMP0829,Min Guo,Female,May 08 1996,Hong Konger,Asia Pacific,Hong Kong,Hong Kong,FINANCE,Finance Manager,G4,Hybrid,January 04 2020,,Active,Full-time,NO,,,HKD,7.82,"79,037",90893,10107,11623,3,9.7%,No,58.1,11.0,February 17 2023,88.0,Internal Transfer,77.0,Yes,5.0
EMP0830,Priya Yamamoto,Male,1987-05-29,Thai,Asia Pacific,Hong Kong,Hong Kong,IT,Senior Software Engineer,G3,Onsite,February 26 2021,,Active,Full-time,Yes,,,HKD,7.82,57642,66288,7371,8477,5,3.3,Yes,35.6,4.0,19/01/2023,22.0,Agency,80.0,Yes,4.0
EMP0831,Kevin Yang,Female,1978-11-22,Australian,Asia Pacific,Hong Kong,Hong Kong,MARKETING,Marketing Specialist,G3,Hybrid,2018-10-26,,Active,Full-time,Yes,,,HKD,7.82,"$67,305",77401,8607,9898,3,13.1,No,17.7,6.0,June 10 2022,48.0,Referral,30.0,Yes,4.0
EMP0832,Haruto Kumar,MALE,18/10/1977,Malaysian,Asia Pacific,Hong Kong,Hong Kong,HR,HR Specialist,G3,Hybrid,2019-04-25,,Active,Full-time,Yes,,,HKD,7.82,63162,72636,8077,9288,3,11.0,Yes,50.2,5.0,13/05/2022,10.0,Recruitment Agency,19.0,Yes,4.0
EMP0833,RAVI LIM,Male,March 24 1994,Singaporean,Asia Pacific,Hong Kong,Hong Kong,Delivery,Senior Project Manager,G4,Onsite,19/08/2021,,Active,Intern,Yes,,,HKD,7.82,85315,98112,10910,12546,3,9.7%,No,8.9,2.0,12/07/2022,69.0,Referral,25.0,Yes,2.0
EMP0834,Wei Ng,F,1997-05-31,Singaporean,Asia Pacific,Hong Kong,Hong Kong,Delivery,Project Analyst,G2,Remote,May 07 2019,,Active,Contractor,Yes,,,HKD,7.82,38909,"44,745",4976,5722,4,3.0,No,54.2,3.0,29/05/2023,77.0,Referral,72.0,No,4.0
EMP0835,CHRIS SUZUKI,Female,March 06 1977,Japanese,Asia Pacific,Hong Kong,Hong Kong,Delivery,Project Manager,G3,Onsite,2018-11-25,-,Resigned,Contractor,Yes,Voluntary,Relocation,HKD,7.82,62491,71865,7991,9190,4/5,3.7,No,21.1,5.0,,13.0,Referral,64.0,Yes,3.0
EMP0836,Michael Reyes,Male,30/08/1980,American,Asia Pacific,Hong Kong,Hong Kong,Marketing,Marketing Specialist,G3,Hybrid,October 24 2020,,Active,Full-time,Yes,,,HKD,7.82,"$70,128","$80,647",8968,10313,1,13.4%,No,57.0,10.0,2023-12-11,75.0,Job Board,33.0,N,4.0
EMP0837,Wong Ong,NB,February 07 1992,Chinese,Asia Pacific,Hong Kong,Hong Kong,HR Dept,HR Manager,G6,Hybrid,July 26 2016,July 26 2019,Resigned,Full-time,No,Voluntary,Better Opportunity,HKD,7.82,109318,125716,13979,16076,4,8.7,Yes,25.7,2.0,13/02/2022,18.0,Agency,63.0,Yes,4.0
EMP0838,Yuki Nguyen,Male,25/06/1996,Korean,Asia Pacific,Hong Kong,Hong Kong,Legal,Legal Executive,G2,Remote,21/12/2024,-,Terminated,Full-time,Yes,Involuntary,Redundancy,HKD,7.82,"36,289","$41,732",4641,5337,3,3.2%,Yes,48.0,6.0,,40.0,Internal,19.0,Yes,3.0
EMP0839,Maria Nguyen,Male,April 19 1998,Thai,Asia Pacific,Hong Kong,Hong Kong,Delivery,Project Manager,G3,Remote,09/08/2019,,Active,Contractor,Yes,,,HKD,7.82,"56,269","$64,709",7196,8275,4,1.6,NO,44.4,10.0,February 14 2024,55.0,Internal Transfer,28.0,Yes,
EMP0840,arun le,Not Declared,1982-09-06,Australian,Asia Pacific,Hong Kong,Hong Kong,Sales,Account Executive,G2,Onsite,29/05/2019,,Active,Full Time,Yes,,,HKD,7.82,47933,55123,6130,7049,3,8.1,YES,35.8,8.0,March 08 2024,87.0,LINKEDIN,64.0,y,4.0
EMP0841,Tan Liu,Female,August 27 2001,Singaporean,Asia Pacific,Hong Kong,Hong Kong,Fin,Finance Analyst,G2,Hybrid,November 14 2020,,Active,Contractor,Yes,,,HKD,7.82,41023,"$47,176",5246,6033,3/5,1.2,Yes,20.9,2.0,09/06/2022,83.0,Internal Transfer,58.0,Yes,5.0
EMP0842,Chen Müller,Male,08/09/1980,Taiwanese,Asia Pacific,Hong Kong,Hong Kong,Sls,Sales Executive,G1,Hybrid,29/11/2023,,Active,Full-time,Yes,,,HKD,7.82,29744,34206,3804,4374,4,4.0,Yes,54.3,3.0,February 14 2024,39.0,Jobboard,66.0,N,4.0
EMP0843,Lee Suzuki,Male,September 21 2001,Australian,Asia Pacific,Hong Kong,Hong Kong,Sls,Senior Account Executive,G3,Onsite,February 26 2018,,Active,Contractor,Yes,,,HKD,7.82,62803,72223,8031,9236,5,11.8%,Yes,30.2,6.0,July 30 2024,49.0,Job Board,19.0,no,4.0
EMP0844,Koh Santoso,M,April 08 1979,Japanese,Asia Pacific,Hong Kong,Hong Kong,Marketing,Marketing Specialist,G3,Hybrid,2021-01-12,,Active,Full-time,Yes,,,HKD,7.82,63118,72586,8071,9282,3,4.8,No,29.6,8.0,December 22 2024,94.0,Referral,83.0,Yes,3.0
EMP0845,Somchai Brown,Male,September 03 1979,Taiwanese,Asia Pacific,Hong Kong,Hong Kong,IT,IT Support,G1,Onsite,February 17 2022,,Active,Full-time,N,,,HKD,7.82,32314,37161,4132,4752,4/5,6.2,Yes,79.3,4.0,09/09/2022,82.0,Referral,88.0,No,4.0
EMP0846,Lakshmi Lee,Not Declared,September 21 1980,Australian,Asia Pacific,Hong Kong,Hong Kong,Legal,Senior Legal Counsel,G4,Remote,22/11/2020,,Active,Full-time,Y,,,HKD,7.82,90903,"$104,538",11624,13368,3,2.3,Yes,28.8,5.0,January 19 2022,38.0,Job Board,84.0,No,3.0
EMP0847,Tan Chan,FEMALE,April 08 1972,Taiwanese,Asia Pacific,Hong Kong,Hong Kong,Delivery,Project Manager,G3,Hybrid,2018-11-28,,Active,Contractor,y,,,HKD,7.82,58630,67424,7497,8622,4,9.8,Yes,39.5,11.0,14/03/2023,45.0,LinkedIn,46.0,Yes,3.0
EMP0848,Jin Koh,Male,2000-06-30,Singaporean,Asia Pacific,Hong Kong,Hong Kong,Finance,Senior Finance Manager,G5,Onsite,06/02/2016,,Active,full time,Yes,,,HKD,7.82,99606,"$114,547",12737,14648,3,11.3,Yes,24.8,6.0,2023-09-19,17.0,LinkedIn,57.0,Yes,5.0
EMP0849,Emma Dela Cruz,Female,1988-10-15,Hong Konger,Asia Pacific,Hong Kong,Hong Kong,HR,HR Specialist,G3,Hybrid,2020-10-06,,Resigned,Full-time,n,Voluntary,Further Studies,HKD,7.82,56130,64549,7178,8254,3,7.4%,Yes,28.2,2.0,June 01 2023,70.0,AGENCY,42.0,Yes,3.0
EMP0850,Nguyen Nguyen,Male,1979-12-23,Taiwanese,Asia Pacific,Hong Kong,Hong Kong,Finance,Finance Manager,G4,Onsite,November 10 2019,,Active,FT,n,,,HKD,7.82,81963,"$94,257",10481,12053,4,1.0,Yes,64.8,9.0,06/12/2022,36.0,Internal Transfer,15.0,Yes,5.0
EMP0851,Ravi Patel,Male,December 16 2001,Indian,Asia Pacific,Taiwan,Taipei,Legal,Senior Legal Counsel,G4,Hybrid,24/04/2020,,Active,Full-time,Yes,,,TWD,31.5,192098,220913,6098,7013,4,5.5,No,16.8,5.0,2024-03-24,83.0,Referral,79.0,n,4.0
EMP0852,Tan Nguyen,female,20/12/1994,Filipino,Asia Pacific,Taiwan,Taipei,Delivery,Project Analyst,G2,Onsite,July 11 2019,-,Resigned,Full Time,Yes,Voluntary,Personal Reason,TWD,31.5,86942,99983,2760,3174,1,4.7,Yes,28.0,,,,Agency,75.0,Yes,3.0
EMP0853,Michael Le,Not Declared,December 22 1986,Filipino,Asia Pacific,Taiwan,Taipei,IT,Engineering Manager,G5,Hybrid,June 01 2019,,Active,Full-time,Yes,,,TWD,31.5,205217,"$236,000",6515,7492,5/5,7.0,Yes,4.5,2.0,04/01/2022,27.0,Internal Transfer,79.0,Yes,5.0
EMP0854,James Wu,Female,1995-02-24,Thai,Asia Pacific,Taiwan,Taipei,Mktg,Marketing Manager,G5,Onsite,09/02/2016,,Active,Full-time,Yes,,,TWD,31.5,212981,244928,6761,7775,3,2.2,n,46.1,4.0,2023-11-24,32.0,Job Board,35.0,Yes,4.0
EMP0855,Ahmad Zhang,Not Declared,December 06 1991,British,Asia Pacific,Taiwan,Taipei,Delivery,Project Analyst,G2,Hybrid,2024-06-27,2024-12-31,Resigned,Full-time,Yes,Voluntary,Further Studies,TWD,31.5,"89,712",103169,2848,3275,4,9.0,Yes,58.6,7.0,2022-04-23,8.0,LINKEDIN,47.0,Yes,5.0
EMP0856,Ong Müller,Not Declared,21/06/1990,Taiwanese,Asia Pacific,Taiwan,Taipei,IT,Tech Lead,G4,Remote,February 18 2018,,Active,Full-time,Yes,,,TWD,31.5,"$165,783",190650,5263,6052,3/5,4.6,Yes,6.4,9.0,November 11 2023,50.0,Internal Transfer,68.0,Yes,5.0
EMP0857,Lee Lee,non-binary,14/11/1972,Hong Konger,Asia Pacific,Taiwan,Taipei,IT,IT Support,G1,Hybrid,25/11/2022,,Active,Intern,Yes,,,TWD,31.5,55447,"63,764",1760,2024,3,7.0,Yes,57.7,5.0,16/03/2023,51.0,Job Board,82.0,YES,5.0
EMP0858,Arjun Smith,Male,December 10 1989,Japanese,Asia Pacific,Taiwan,Taipei,Marketing,Marketing Specialist,G3,Onsite,23/10/2018,,Active,Full-time,Yes,,,TWD,31.5,139934,160924,4442,5109,3,11.9,Yes,74.2,12.0,02/07/2023,33.0,Internal Transfer,88.0,Yes,5.0
EMP0859,Wong Koh,f,1973-01-01,American,Asia Pacific,Taiwan,Taipei,hr,HR Business Partner,G4,Hybrid,2018-08-09,,Active,Full-time,Yes,,,TWD,31.5,161553,185786,5129,5898,3,12.1,Yes,46.4,4.0,01/04/2024,10.0,LinkedIn,43.0,Yes,5.0
EMP0860,lim williams,Female,1979-07-22,Korean,Asia Pacific,Taiwan,Taipei,Legal,Legal Assistant,G1,Hybrid,22/02/2024,,Active,Full-time,Yes,,,TWD,31.5,75004,86255,2381,2738,4,3.2%,Yes,11.7,12.0,13/04/2024,52.0,Referral,36.0,Yes,3.0
EMP0861,Kevin Lee,Male,05/08/2000,Malaysian,Asia Pacific,Taiwan,Taipei,IT,Senior Software Engineer,G3,Onsite,2018-03-17,,Active,Full-time,Yes,,,TWD,31.5,129491,"148,915",4111,4727,4,2.8,No,22.1,1.0,23/08/2024,30.0,Referral,22.0,N,3.0
EMP0862,Siti Williams,M,May 28 1986,Chinese,Asia Pacific,Taiwan,Taipei,HR,HR Executive,G2,Remote,30/01/2024,,Active,Full Time,Yes,,,TWD,31.5,88406,101667,2807,3228,4,12.9%,No,73.4,9.0,28/02/2024,37.0,Agency,32.0,Yes,2.0
EMP0863,Lim Park,Male,1984-04-06,Chinese,Asia Pacific,Taiwan,Taipei,IT,Senior Software Engineer,G3,Hybrid,2021-10-31,,Active,Full-time,no,,,TWD,31.5,123986,142584,3936,4526,4,0.9,Yes,64.8,10.0,2024-07-03,73.0,AGENCY,89.0,Yes,3.0
EMP0864,Ahmad Santos,F,1973-06-14,Indonesian,Asia Pacific,Taiwan,Taipei,Finance,Senior Finance Manager,G5,Onsite,October 13 2017,,Active,Full-time,Yes,,,TWD,31.5,223854,257432,7106,8172,4,13.5,No,7.0,11.0,November 10 2024,19.0,LinkedIn,82.0,Yes,4.0
EMP0865,yuki müller,Not Declared,March 15 1981,Singaporean,Asia Pacific,Taiwan,Taipei,Delivery,Delivery Coordinator,G1,Hybrid,February 18 2019,,Active,Full-time,Yes,,,TWD,31.5,77439,89055,2458,2827,1,1.8,Yes,20.5,12.0,2022-02-21,41.0,LinkedIn,29.0,Yes,3.0
EMP0866,DEWI REYES,Male,July 19 1998,Australian,Asia Pacific,Taiwan,Taipei,Finance,Senior Finance Manager,G5,Remote,January 10 2020,,Active,expat,Yes,,,TWD,31.5,"200,245","230,282",6357,7311,2,10.6,No,30.4,9.0,January 25 2023,46.0,Referral,49.0,Yes,4.0
EMP0867,Tran Reyes,Female,1992-12-24,Taiwanese,Asia Pacific,Taiwan,Taipei,H.R.,HR Executive,G2,Remote,15/11/2022,,Active,Contractor,Yes,,,TWD,31.5,106851,122879,3392,3901,4,11.3,Yes,11.6,5.0,December 22 2023,14.0,Job Board,87.0,Yes,5.0
EMP0868,Meera Wijaya,f,May 29 1994,Filipino,Asia Pacific,Taiwan,Taipei,HR,HR Specialist,G3,Onsite,27/08/2022,,Active,Full-time,N,,,TWD,31.5,147420,169533,4680,5382,1,3.3,Y,66.0,5.0,16/10/2022,71.0,Job Board,60.0,Yes,3.0
EMP0869,Tran Park,Not Declared,2001-07-26,Japanese,Asia Pacific,Taiwan,Taipei,Legal,Legal Director,G6,Remote,2015-05-15,-,Terminated,Full-time,Yes,Involuntary,Contract Ended,TWD,31.5,250000,287500,7937,9127,3/5,8.5,Yes,8.0,4.0,April 03 2022,53.0,Agency,51.0,Yes,2.0
EMP0870,Tan Tan,MALE,July 26 1973,Taiwanese,Asia Pacific,Taiwan,Taipei,Sales,Sales Executive,G1,Onsite,September 17 2024,,Active,FT,n,,,TWD,31.5,72632,83527,2306,2652,3,0.3,YES,45.5,8.0,September 01 2024,81.0,Agency,39.0,Yes,3.0
EMP0871,CHEN WONG,Female,August 11 1993,Thai,Asia Pacific,Taiwan,Taipei,IT,Senior Engineering Manager,G6,Onsite,15/02/2017,,Active,Full-time,Yes,,,TWD,31.5,236014,271416,7493,8616,4,7.3%,No,70.4,3.0,2022-02-02,78.0,Agency,95.0,NO,4.0
EMP0872,DEWI REYES,Female,December 20 2001,Taiwanese,Asia Pacific,Taiwan,Taipei,delivery,Project Manager,G3,Hybrid,2021-12-29,,Active,Full-time,Yes,,,TWD,31.5,144348,166000,4582,5270,4/5,11.4,Yes,37.0,12.0,28/04/2024,77.0,LinkedIn,88.0,Yes,4.0
EMP0873,yuki lin,Not Declared,02/01/1987,American,Asia Pacific,Taiwan,Taipei,sales,Account Executive,G2,Onsite,18/12/2019,,Active,Full-time,Yes,,,TWD,31.5,"$96,924",111463,3077,3539,4,11.9,Yes,45.8,11.0,2022-09-10,12.0,LinkedIn,47.0,Yes,4.0
EMP0874,Wei Guo,Male,2001-12-28,Thai,Asia Pacific,Taiwan,Taipei,Delivery,Delivery Manager,G5,Remote,January 22 2018,,Active,Full-time,Yes,,,TWD,31.5,"$224,222",257855,7118,8186,5,4.4,No,56.6,7.0,2024-05-17,41.0,Referral,81.0,Yes,
EMP0875,Ong Johnson,Female,06/12/1989,Malaysian,Asia Pacific,Taiwan,Taipei,Lgl,Legal Manager,G5,Hybrid,October 03 2018,,Active,Full-time,Yes,,,TWD,31.5,197016,226568,6254,7193,4,0.1,No,48.9,10.0,08/07/2022,33.0,job board,24.0,Yes,3.0
EMP0876,Ravi Lee,male,July 09 1986,Filipino,Asia Pacific,Taiwan,Taipei,IT,Senior Software Engineer,G3,Onsite,July 26 2017,,Active,Full-time,Yes,,,TWD,31.5,124327,142976,3947,4539,5,12.7,Yes,58.3,6.0,2023-10-30,58.0,Job Board,55.0,y,4.0
EMP0877,Wong Santos,Male,25/10/1974,Japanese,Asia Pacific,Taiwan,Taipei,Marketing,Marketing Executive,G2,Hybrid,06/05/2022,,Active,Full-time,Yes,,,TWD,31.5,101305,116501,3216,3698,4,1.0,Yes,29.6,7.0,March 22 2023,100.0,LINKEDIN,40.0,Yes,3.0
EMP0878,Fang Ng,FEMALE,May 05 1998,Taiwanese,Asia Pacific,Taiwan,Taipei,Delivery,Project Analyst,G2,Hybrid,October 17 2020,,Active,Full-time,Yes,,,TWD,31.5,81183,93360,2577,2964,4,4.8,NO,33.8,8.0,August 18 2024,73.0,Agency,81.0,Yes,2.0
EMP0879,Nguyen Chan,Female,05/11/1992,Hong Konger,Asia Pacific,Taiwan,Taipei,Finance,Senior Finance Analyst,G3,Hybrid,04/10/2018,,Active,Full-time,Yes,,,TWD,31.5,136013,"156,415",4318,4966,4,1.1,Yes,10.4,3.0,19/05/2022,57.0,Ref,62.0,Y,4.0
EMP0880,Michelle Wong,MALE,July 26 1980,Indonesian,Asia Pacific,Taiwan,Taipei,Finance,Senior Finance Analyst,G3,Onsite,2022-08-02,,Active,Full-time,NO,,,TWD,31.5,"124,215",142847,3943,4535,4,9.0,Yes,40.8,3.0,20/04/2024,57.0,Agency,78.0,Yes,3.0
EMP0881,jose park,Male,10/05/1984,Chinese,Asia Pacific,Taiwan,Taipei,HR,HR Assistant,G1,Hybrid,July 07 2024,,Active,Intern,Yes,,,TWD,31.5,60985,"70,133",1936,2226,2,3.2,Yes,62.7,9.0,2024-05-24,44.0,Job Board,52.0,Yes,5.0
EMP0882,SITI SANTOSO,male,02/10/1991,Thai,Asia Pacific,Taiwan,Taipei,Finance,Senior Finance Analyst,G3,Hybrid,06/07/2020,2022-04-19,Terminated,Full-time,Yes,Involuntary,Redundancy,TWD,31.5,122087,140400,3876,4457,3,9.4,No,25.6,4.0,September 24 2023,78.0,Job Board,88.0,Yes,3.0
EMP0883,Lee Wijaya,Male,January 30 1975,Japanese,Asia Pacific,Taiwan,Taipei,Delivery,Project Manager,G3,Remote,18/12/2019,,Active,Intern,Yes,,,TWD,31.5,149039,"$171,395",4731,5441,2,6.5,No,28.3,6.0,07/09/2024,33.0,Job Board,45.0,Yes,3.0
EMP0884,Wong Park,Male,1975-09-10,Korean,Asia Pacific,Taiwan,Taipei,Finance,Finance Manager,G4,Onsite,April 27 2017,,Active,Contractor,Y,,,TWD,31.5,160113,184130,5083,5845,3,11.1,Yes,32.9,9.0,2024-01-17,36.0,Agency,23.0,Yes,5.0
EMP0885,Chan Wijaya,f,1984-01-28,American,Asia Pacific,Taiwan,Taipei,SALES,Senior Account Executive,G3,Onsite,03/10/2018,,Active,Full-time,Yes,,,TWD,31.5,121733,139993,3865,4444,3/5,0.0,Yes,41.1,11.0,29/10/2023,67.0,Internal Transfer,85.0,Yes,4.0
EMP0886,Jose Kumar,Male,2000-10-11,Taiwanese,Asia Pacific,Taiwan,Taipei,Legal,Legal Executive,G2,Onsite,23/12/2023,,Active,Full-time,Yes,,,TWD,31.5,"80,978",93125,2571,2956,4/5,14.6,No,62.8,1.0,June 17 2022,12.0,Job Board,38.0,Yes,3.0
EMP0887,Thomas Lee,Female,1994-11-01,Australian,Asia Pacific,Taiwan,Taipei,Delivery,Delivery Manager,G5,Onsite,September 03 2020,,Active,Full-time,YES,,,TWD,31.5,212027,243831,6731,7741,4/5,11.5,No,65.3,6.0,05/02/2023,77.0,Agency,76.0,Yes,5.0
EMP0888,Thomas Singh,Male,1991-09-09,British,Asia Pacific,Taiwan,Taipei,MARKETING,Marketing Manager,G5,Hybrid,29/09/2016,-,Terminated,Full-time,Yes,Involuntary,Redundancy,TWD,31.5,203509,234035,6461,7430,5,6.4,Yes,,5.0,10/03/2021,21.0,Internal Transfer,69.0,Yes,5.0
EMP0889,Maria Yang,Female,August 06 1991,American,Asia Pacific,Taiwan,Taipei,Delivery,Delivery Coordinator,G1,Hybrid,02/01/2021,December 31 2024,Resigned,Full-time,N,Voluntary,Health Reasons,TWD,31.5,"$62,363",71717,1980,2277,3,4.9%,Yes,29.1,5.0,02/11/2021,,LinkedIn,29.0,Yes,3.0
EMP0890,Ahmad Ong,Male,2001-08-10,Thai,Asia Pacific,Taiwan,Taipei,IT,Tech Lead,G4,Hybrid,June 19 2017,,Active,Contractor,Yes,,,TWD,31.5,178247,204984,5659,6507,1,9.6,Yes,13.9,8.0,2022-02-17,47.0,Internal Transfer,19.0,No,4.0
EMP0891,David Pham,Not Declared,May 13 1974,Vietnamese,Asia Pacific,Taiwan,Taipei,HR,HR Specialist,G3,Hybrid,22/09/2017,,Active,Contractor,Yes,,,TWD,31.5,146972,169018,4666,5366,4,3.9%,Yes,70.3,10.0,13/04/2024,46.0,Ref,19.0,Yes,3.0
EMP0892,KOH JOHNSON,Non Binary,08/07/1992,Vietnamese,Asia Pacific,Taiwan,Taipei,Finance,Finance Assistant,G1,Remote,14/08/2024,2024-12-31,Resigned,Contractor,No,Voluntary,Health Reasons,TWD,31.5,51922,59710,1648,1896,4,4.4,Yes,33.0,1.0,29/10/2022,33.0,Referral,44.0,Yes,3.0
EMP0893,Michelle Patel,non-binary,03/09/1997,Japanese,Asia Pacific,Taiwan,Taipei,IT,IT Support,G1,Onsite,02/01/2020,,Active,Intern,Yes,,,TWD,31.5,47360,54464,1503,1729,3,13.4,Yes,75.3,2.0,June 27 2023,85.0,Agency,68.0,Yes,3.0
EMP0894,Tran Ong,f,07/01/1995,Singaporean,Asia Pacific,Taiwan,Taipei,Legal,Legal Counsel,G3,Remote,08/07/2018,,Active,Full Time,Yes,,,TWD,31.5,"$136,099",156514,4321,4969,3,3.7,y,28.7,3.0,2023-10-02,91.0,Job Board,15.0,Yes,4.0
EMP0895,Sarah Zhang,Female,1975-07-07,British,Asia Pacific,Taiwan,Taipei,Delivery,Project Analyst,G2,Remote,2022-12-11,,Active,Full-time,Yes,,,TWD,31.5,108216,124448,3435,3951,3,2.1,Yes,4.5,7.0,2024-10-27,67.0,Internal Transfer,82.0,No,4.0
EMP0896,Seo Tan,Female,10/09/1989,Thai,Asia Pacific,Taiwan,Taipei,Tech,Engineering Manager,G5,Remote,14/09/2020,,Active,Expat,Yes,,,TWD,31.5,223776,257342,7104,8170,4,8.1,Yes,57.7,5.0,November 06 2022,98.0,Agency,93.0,y,4.0
EMP0897,siti santos,Male,1974-10-25,Vietnamese,Asia Pacific,Taiwan,Taipei,IT,Senior Software Engineer,G3,Hybrid,2017-06-18,,Active,Contractor,Yes,,,TWD,31.5,135643,155989,4306,4952,3,1.5%,no,77.9,12.0,July 16 2022,56.0,LinkedIn,50.0,Yes,
EMP0898,Chris Li,M,1981-09-01,Japanese,Asia Pacific,Taiwan,Taipei,HR,Senior HR Business Partner,G5,Hybrid,March 27 2019,,Active,Expat,N,,,TWD,31.5,"209,520",240948,6651,7649,3/5,10.7,no,26.0,1.0,2022-10-17,47.0,REFERRAL,54.0,Yes,4.0
EMP0899,Kavya Jones,Male,15/09/1987,Indian,Asia Pacific,Taiwan,Taipei,Delivery,Project Manager,G3,Hybrid,2022-05-11,,Active,Full-time,Yes,,,TWD,31.5,"$149,822",172295,4756,5470,4/5,6.3,Yes,78.5,4.0,2024-05-07,60.0,job board,35.0,Yes,
EMP0900,Koh Guo,Female,1971-10-11,Vietnamese,Asia Pacific,Taiwan,Taipei,HR,HR Specialist,G3,Hybrid,05/10/2022,December 31 2024,Resigned,Contractor,Yes,Voluntary,Health Reasons,TWD,31.5,123353,141856,3916,4503,3,1.8,Yes,,3.0,,54.0,REFERRAL,56.0,Yes,4.0
EMP0901,Arun Wong,Female,1989-03-22,Malaysian,Asia Pacific,Korea,Seoul,it,Senior Software Engineer,G3,Hybrid,2020-12-06,,Active,Full-time,Yes,,,KRW,1330.0,"8,141,769",9363034,6122,7040,1,12.5,Yes,22.5,8.0,10/01/2024,13.0,Job Board,19.0,YES,3.0
EMP0902,DEWI SANTOS,Not Declared,2000-05-17,Malaysian,Asia Pacific,Korea,Seoul,finance,Finance Analyst,G2,Remote,2023-11-16,,Active,Full-time,Yes,,,KRW,1330.0,"$6,905,769",7941634,5192,5971,2,8.5,YES,33.5,5.0,September 25 2022,78.0,Job Board,44.0,Yes,3.0
EMP0903,LI CHOI,Male,April 04 1970,British,Asia Pacific,Korea,Seoul,Sales,Sales Manager,G4,Hybrid,12/12/2021,,Active,Contractor,N,,,KRW,1330.0,10527573,"$12,106,709",7915,9103,4,15.0%,n,32.1,8.0,04/06/2024,31.0,Referral,45.0,no,
EMP0904,Kavya Sharma,Male,1992-05-10,Indonesian,Asia Pacific,Korea,Seoul,FINANCE,Finance Analyst,G2,Remote,2024-07-13,,Active,Full-time,no,,,KRW,1330.0,5707921,6564109,4292,4935,3,1.8,y,75.7,9.0,09/12/2024,64.0,linked in,85.0,Yes,5.0
EMP0905,CHAN NGUYEN,MALE,11/08/2000,Filipino,Asia Pacific,Korea,Seoul,IT,Senior Software Engineer,G3,Remote,2020-07-24,,Active,Full-time,Yes,,,KRW,1330.0,8353125,"$9,606,094",6281,7223,4/5,2.9,Yes,13.3,2.0,06/10/2024,46.0,LinkedIn,64.0,Yes,2.0
EMP0906,JIN NGUYEN,male,23/07/1995,Australian,Asia Pacific,Korea,Seoul,Delivery,Senior Project Manager,G4,Hybrid,16/06/2018,,Active,Contractor,Yes,,,KRW,1330.0,11202447,12882814,8423,9686,5/5,8.3,No,68.7,2.0,September 09 2022,48.0,Agency,37.0,Yes,5.0
EMP0907,Budi Tan,Male,17/12/1988,American,Asia Pacific,Korea,Seoul,marketing,Marketing Executive,G2,Hybrid,25/11/2022,,Active,Full-time,Yes,,,KRW,1330.0,"$6,217,693",7150347,4675,5376,3,13.8,Yes,28.2,2.0,October 11 2024,36.0,Agency,44.0,Yes,5.0
EMP0908,Koh Koh,Male,07/04/1992,Chinese,Asia Pacific,Korea,Seoul,Marketing,Senior Marketing Specialist,G4,Onsite,21/10/2021,,Active,Full-time,Yes,,,KRW,1330.0,10456761,12025275,7862,9042,4/5,0.8,Yes,62.2,4.0,29/01/2022,35.0,AGENCY,50.0,Yes,5.0
EMP0909,Siti Guo,female,May 06 1984,Singaporean,Asia Pacific,Korea,Seoul,Legal,Legal Director,G6,Hybrid,December 05 2015,,Active,CTR,Yes,,,KRW,1330.0,14068750,16179062,10578,12165,3,8.6,Yes,53.0,12.0,January 05 2024,25.0,Linked In,60.0,Yes,5.0
EMP0910,Priya Wu,FEMALE,1977-12-18,Korean,Asia Pacific,Korea,Seoul,Tech,Senior Software Engineer,G3,Onsite,23/12/2022,,Active,Intern,Yes,,,KRW,1330.0,7543537,8675068,5672,6523,4,3.0,NO,15.4,11.0,August 30 2022,51.0,Internal Transfer,32.0,no,5.0
EMP0911,Ahmad Ng,M,1992-04-14,Taiwanese,Asia Pacific,Korea,Seoul,Delivery,Project Manager,G3,Hybrid,July 08 2022,,Active,Full-time,Yes,,,KRW,1330.0,7928410,9117672,5961,6855,5,1.5,N,58.9,1.0,02/06/2023,27.0,Job Board,76.0,Yes,4.0
EMP0912,Michelle Jones,Not Declared,1980-01-14,Filipino,Asia Pacific,Korea,Seoul,LEGAL,Senior Legal Counsel,G4,Hybrid,01/03/2022,,Active,full time,no,,,KRW,1330.0,10267252,11807340,7720,8878,4,1.5,No,63.7,2.0,2022-09-19,62.0,LinkedIn,28.0,Yes,2.0
EMP0913,James Wong,male,01/07/1971,Chinese,Asia Pacific,Korea,Seoul,IT,Tech Lead,G4,Remote,April 28 2022,,Active,Full-time,yes,,,KRW,1330.0,11307129,13003198,8502,9777,4/5,3.1%,No,12.0,8.0,25/01/2022,99.0,Agency,71.0,No,4.0
EMP0914,Chan Suzuki,Male,28/03/1994,Singaporean,Asia Pacific,Korea,Seoul,Finance,Senior Finance Analyst,G3,Remote,2021-11-28,2024-12-31,Resigned,Contractor,Yes,Voluntary,Personal Reason,KRW,1330.0,"$8,728,595",10037884,6563,7547,4,5.9,Yes,18.5,7.0,2021-02-01,,Referral,56.0,no,3.0
EMP0915,Jessica Brown,Not Declared,1977-06-12,Indonesian,Asia Pacific,Korea,Seoul,Mktg,Marketing Specialist,G3,Hybrid,2017-10-15,,Active,Intern,Yes,,,KRW,1330.0,8005991,9206890,6020,6922,3,12.7,No,20.4,1.0,July 02 2024,79.0,JOB BOARD,78.0,Yes,4.0
EMP0916,Arjun Ong,Not Declared,1973-06-18,Vietnamese,Asia Pacific,Korea,Seoul,HR,HR Business Partner,G4,Hybrid,May 16 2019,,Active,Full-time,Yes,,,KRW,1330.0,"$10,873,828",12504902,8176,9402,2/5,0.8,Yes,78.9,6.0,2024-11-25,22.0,Job Board,27.0,Yes,4.0
EMP0917,Jose Ong,Female,January 02 1998,Taiwanese,Asia Pacific,Korea,Seoul,HR,HR Assistant,G1,Remote,21/05/2019,,Active,Intern,Yes,,,KRW,1330.0,4800392,5520451,3609,4151,5/5,0.3,Yes,56.8,12.0,2023-10-20,11.0,INTERNAL,92.0,Yes,5.0
EMP0918,Tan Wijaya,Female,December 22 2000,Taiwanese,Asia Pacific,Korea,Seoul,Lgl,Legal Counsel,G3,Hybrid,15/12/2018,,Active,full time,Yes,,,KRW,1330.0,8680298,9982343,6527,7506,4,9.0,no,22.4,1.0,2022-05-27,30.0,Recruitment Agency,25.0,Yes,
EMP0919,Chen Nguyen,female,1993-09-14,Japanese,Asia Pacific,Korea,Seoul,Finance,Finance Analyst,G2,Hybrid,2023-01-19,,Active,Full-time,Yes,,,KRW,1330.0,6758746,"$7,772,558",5082,5844,4,2.1,Yes,36.3,6.0,2024-06-27,48.0,LinkedIn,82.0,yes,3.0
EMP0920,Thomas Wang,Female,March 11 1973,Taiwanese,Asia Pacific,Korea,Seoul,IT,Tech Lead,G4,Remote,2022-06-07,2024-12-31,Terminated,Contractor,Yes,Involuntary,Performance,KRW,1330.0,11554010,13287111,8687,9990,4/5,2.3%,Yes,24.1,,2023-02-09,,Internal Transfer,52.0,Yes,3.0
EMP0921,Nattaporn Lin,Female,2001-12-15,Hong Konger,Asia Pacific,Korea,Seoul,Sales,Sales Manager,G4,Onsite,August 22 2020,,Active,Internship,Yes,,,KRW,1330.0,11489656,"13,213,104",8639,9935,5,4.5,Yes,74.0,5.0,February 10 2022,90.0,Internal Transfer,64.0,Yes,4.0
EMP0922,Seo Nguyen,FEMALE,26/03/1979,Vietnamese,Asia Pacific,Korea,Seoul,MARKETING,Marketing Assistant,G1,Hybrid,2020-08-29,,Active,Full-time,Yes,,,KRW,1330.0,"4,881,605",5613846,3670,4221,3,6.4,No,47.4,5.0,23/06/2024,49.0,Job Board,66.0,Yes,2.0
EMP0923,maria yamamoto,Female,11/04/1999,Filipino,Asia Pacific,Korea,Seoul,Delivery,Senior Project Manager,G4,Hybrid,26/05/2020,,Active,contract,Yes,,,KRW,1330.0,10756739,12370250,8088,9301,3,12.4,Yes,6.6,8.0,August 16 2024,95.0,LinkedIn,61.0,No,4.0
EMP0924,Jose Guo,f,12/03/2000,Filipino,Asia Pacific,Korea,Seoul,FINANCE,Finance Analyst,G2,Onsite,22/01/2021,31/12/2024,Resigned,Full-time,Yes,Voluntary,Personal Reason,KRW,1330.0,6356786,7310304,4780,5496,3,13.9,Yes,42.4,7.0,November 01 2022,70.0,Job Board,86.0,Yes,5.0
EMP0925,Budi Ng,Male,July 16 1972,Vietnamese,Asia Pacific,Korea,Seoul,Marketing,Senior Marketing Specialist,G4,Hybrid,2019-07-07,,Resigned,Full-time,Yes,Voluntary,Health Reasons,KRW,1330.0,10646544,"$12,243,526",8005,9206,3,14.9%,Yes,56.7,5.0,,38.0,Referral,37.0,Yes,4.0
EMP0926,kavya singh,Female,June 11 1983,Malaysian,Asia Pacific,Korea,Seoul,FINANCE,Finance Manager,G4,Onsite,December 21 2018,,Active,Contractor,Yes,,,KRW,1330.0,10380301,"$11,937,346",7805,8975,4/5,1.4%,Yes,47.9,6.0,2022-08-30,21.0,Referral,53.0,Yes,3.0
EMP0927,Arjun Wijaya,Female,22/05/1989,Taiwanese,Asia Pacific,Korea,Seoul,I.T.,Senior Software Engineer,G3,Hybrid,2020-04-03,,Active,Contractor,Yes,,,KRW,1330.0,7838992,"$9,014,841",5894,6778,3,13.2,No,71.3,5.0,2022-11-22,58.0,Agency,75.0,Yes,4.0
EMP0928,jose santoso,Female,23/11/1989,Hong Konger,Asia Pacific,Korea,Seoul,Marketing,Marketing Assistant,G1,Onsite,September 24 2024,,Active,Full-time,Yes,,,KRW,1330.0,3997584,"4,597,222",3006,3457,4/5,6.9,No,48.8,4.0,2024-11-10,89.0,Internal Transfer,49.0,Yes,3.0
EMP0929,haruto suwannarat,Female,02/07/1974,Korean,Asia Pacific,Korea,Seoul,Legal,Legal Counsel,G3,Onsite,25/07/2017,,Active,Full-time,y,,,KRW,1330.0,7946635,"9,138,630",5975,6871,4/5,0.1,No,47.1,3.0,28/07/2023,32.0,Referral,38.0,Yes,5.0
EMP0930,Ahmad Ong,Male,April 13 2001,Korean,Asia Pacific,Korea,Seoul,HR,HR Manager,G6,Hybrid,2017-02-19,29/08/2021,Terminated,Full-time,no,Involuntary,Misconduct,KRW,1330.0,"$15,000,000","$17,250,000",11278,12970,4/5,10.5,No,12.8,7.0,April 01 2021,,LinkedIn,52.0,Yes,2.0
EMP0931,Arjun Lee,Female,24/10/1973,Thai,Asia Pacific,Korea,Seoul,Finance,Finance Analyst,G2,Remote,13/04/2024,31/12/2024,Resigned,Full-time,Yes,Voluntary,Personal Reason,KRW,1330.0,5646395,6493354,4245,4882,3,1.1%,Yes,36.7,6.0,,39.0,Internal Transfer,50.0,Yes,4.0
EMP0932,Haruto Tanaka,Not Declared,13/08/1988,Japanese,Asia Pacific,Korea,Seoul,H.R.,HR Business Partner,G4,Hybrid,23/11/2019,,Active,Contractor,Yes,,,KRW,1330.0,10145972,"$11,667,868",7629,8773,4,1.6,Yes,46.7,2.0,23/02/2024,15.0,Internal Transfer,,Yes,4.0
EMP0933,Somchai Lim,Female,1998-03-23,Singaporean,Asia Pacific,Korea,Seoul,Marketing,Marketing Specialist,G3,Remote,2017-09-23,,Active,Full-time,Yes,,,KRW,1330.0,8281449,"$9,523,666",6227,7161,4,6.2%,No,17.4,9.0,01/06/2023,89.0,Job Board,,Yes,4.0
EMP0934,Wong Ong,Female,24/07/1987,Filipino,Asia Pacific,Korea,Seoul,Delivery,Delivery Coordinator,G1,Hybrid,2020-05-12,,Active,Contractor,Yes,,,KRW,1330.0,3859096,4437960,2902,3337,1,7.4,Yes,56.3,8.0,14/12/2023,78.0,linkedin,83.0,No,
EMP0935,David Wong,Male,07/06/1983,Hong Konger,Asia Pacific,Korea,Seoul,Sales,Sales Executive,G1,Hybrid,September 10 2020,,Active,Full-time,Yes,,,KRW,1330.0,5067945,5828137,3810,4382,4/5,9.3%,Yes,18.9,8.0,29/07/2023,81.0,LinkedIn,88.0,Yes,2.0
EMP0936,Arjun Park,Male,August 27 1970,British,Asia Pacific,Korea,Seoul,Marketing,Marketing Specialist,G3,Hybrid,June 07 2017,-,Resigned,contractor,NO,Voluntary,Personal Reason,KRW,1330.0,8318744,9566556,6255,7193,3/5,5.6%,NO,53.0,,,30.0,LinkedIn,67.0,Yes,5.0
EMP0937,Michelle Singh,Female,October 28 1970,Hong Konger,Asia Pacific,Korea,Seoul,IT,Senior Software Engineer,G3,Remote,August 02 2022,December 31 2024,Resigned,Contractor,Yes,Voluntary,Better Opportunity,KRW,1330.0,9325903,10724788,7012,8064,4,6.6,Yes,17.2,3.0,19/04/2022,61.0,Agency,43.0,Yes,4.0
EMP0938,Arjun Yang,Female,15/11/1994,British,Asia Pacific,Korea,Seoul,Finance,Finance Assistant,G1,Hybrid,2024-06-24,,Active,Intern,Yes,,,KRW,1330.0,"$3,546,827",4078851,2667,3067,3/5,3.9%,NO,18.3,11.0,2022-04-08,39.0,LinkedIn,30.0,No,5.0
EMP0939,MIN WONG,Male,January 20 1994,Indonesian,Asia Pacific,Korea,Seoul,hr,HR Executive,G2,Remote,24/04/2020,,Active,full time,Yes,,,KRW,1330.0,"5,938,781",6829598,4465,5135,2,6.6,Yes,55.1,6.0,28/01/2022,75.0,LinkedIn,94.0,Yes,4.0
EMP0940,Ananya Chan,M,1991-03-18,Filipino,Asia Pacific,Korea,Seoul,Delivery,Project Manager,G3,Onsite,2019-12-23,,Active,Full-time,Yes,,,KRW,1330.0,"$9,047,741",10404902,6803,7823,3,8.5,Yes,32.1,4.0,10/04/2022,44.0,LinkedIn,40.0,Yes,
EMP0941,Jin Pham,Female,September 12 1985,Taiwanese,Asia Pacific,Korea,Seoul,Delivery,Project Analyst,G2,Remote,14/07/2022,,Active,Full-time,Yes,,,KRW,1330.0,"6,561,019",7545172,4933,5673,3,6.3,No,32.0,9.0,October 17 2023,99.0,Agency,44.0,Yes,3.0
EMP0942,Ji Li,Female,March 08 1970,Japanese,Asia Pacific,Korea,Seoul,Finance,Finance Analyst,G2,Hybrid,24/11/2021,,Active,Full-time,Yes,,,KRW,1330.0,5510705,6337311,4143,4765,4,13.8,No,36.6,5.0,2024-08-15,14.0,Job Board,64.0,Yes,3.0
EMP0943,Priya Yamamoto,Male,April 22 1997,Japanese,Asia Pacific,Korea,Seoul,Marketing,Marketing Specialist,G3,Hybrid,2017-07-26,,Active,Full-time,Yes,,,KRW,1330.0,7630609,8775200,5737,6598,4,5.9%,Yes,46.8,11.0,27/04/2024,86.0,Job Board,37.0,Y,5.0
EMP0944,Chris Lin,Female,August 03 1992,American,Asia Pacific,Korea,Seoul,HR,HR Specialist,G3,Onsite,July 04 2018,,Active,Full-time,Yes,,,KRW,1330.0,"$8,718,387",10026145,6555,7538,4,6.8,N,4.6,2.0,26/03/2022,60.0,Internal Transfer,86.0,Yes,5.0
EMP0945,sophie yang,M,March 14 1978,Australian,Asia Pacific,Korea,Seoul,Finance,Finance Assistant,G1,Hybrid,2023-09-27,,Active,Intern,n,,,KRW,1330.0,"$3,347,736","3,849,896",2517,2895,5,9.1,Yes,52.3,5.0,April 01 2023,68.0,Int Transfer,86.0,Yes,4.0
EMP0946,Siti Le,Male,11/06/1991,Taiwanese,Asia Pacific,Korea,Seoul,Legal,Legal Executive,G2,Hybrid,February 02 2022,,Active,Intern,Yes,,,KRW,1330.0,"$5,417,075","$6,229,636",4073,4684,2,14.6,Yes,21.2,1.0,2023-12-22,68.0,Int Transfer,70.0,Yes,5.0
EMP0947,Maria Smith,Male,1984-03-06,American,Asia Pacific,Korea,Seoul,Legal,Senior Legal Counsel,G4,Hybrid,30/09/2020,,Active,Full-time,Yes,,,KRW,1330.0,10712481,12319353,8054,9263,4,8.6,Yes,39.2,3.0,May 10 2024,52.0,Agency,,Yes,5.0
EMP0948,James Lim,Female,December 25 1988,Taiwanese,Asia Pacific,Korea,Seoul,Marketing,Senior Marketing Specialist,G4,Onsite,2021-10-31,,Active,Intern,N,,,KRW,1330.0,10531972,12111768,7919,9107,3,4.0,Yes,46.5,5.0,2023-02-16,54.0,LinkedIn,89.0,Yes,3.0
EMP0949,Wei Patel,f,August 06 1987,Indonesian,Asia Pacific,Korea,Seoul,Sales,Sales Manager,G4,Hybrid,2020-06-27,,Active,Contract,N,,,KRW,1330.0,9944983,11436730,7477,8599,3,7.8%,Yes,34.4,11.0,October 02 2024,75.0,Referral,15.0,No,5.0
EMP0950,Ravi Wang,Female,1974-03-08,Malaysian,Asia Pacific,Korea,Seoul,Delivery,Delivery Manager,G5,Onsite,2019-01-04,,Active,Full-time,Yes,,,KRW,1330.0,12397890,"$14,257,573",9322,10720,2,6.9%,Yes,64.0,4.0,September 28 2023,85.0,Agency,67.0,n,4.0
EMP0951,Jose Santoso,Not Declared,21/02/1992,American,Asia Pacific,Korea,Seoul,Legal,Legal Counsel,G3,Hybrid,October 13 2017,2020-02-10,Resigned,Full-time,Yes,Voluntary,Health Reasons,KRW,1330.0,9095484,10459807,6839,7865,3,14.1,No,,2.0,11/10/2023,22.0,Agency,33.0,Yes,4.0
EMP0952,Koh Müller,Female,11/08/1974,Hong Konger,Asia Pacific,Korea,Seoul,Sales,Sales Executive,G1,Onsite,2019-11-02,,Active,Full-time,Yes,,,KRW,1330.0,4089202,"$4,702,582",3075,3536,3,14.8,Yes,16.5,10.0,May 23 2023,16.0,Recruitment Agency,31.0,Yes,4.0
EMP0953,Min Nguyen,Female,30/12/1986,Indonesian,Asia Pacific,Korea,Seoul,HR,HR Business Partner,G4,Hybrid,December 23 2019,,Active,fulltime,Yes,,,KRW,1330.0,10737404,12348015,8073,9284,1,11.6,no,53.6,2.0,May 06 2023,63.0,internal,45.0,Yes,4.0
EMP0954,Somchai Jones,Not Declared,1996-03-07,Malaysian,Asia Pacific,Korea,Seoul,SALES,Senior Account Executive,G3,Hybrid,27/08/2017,,Active,fulltime,Yes,,,KRW,1330.0,"$7,488,265","8,611,505",5630,6475,3,9.7,Yes,34.6,3.0,February 28 2024,70.0,Referral,37.0,No,5.0
EMP0955,Amanda Jones,F,25/04/1977,Korean,Asia Pacific,Korea,Seoul,Delivery,Project Analyst,G2,Remote,March 10 2021,,Resigned,Full-time,Yes,Voluntary,Relocation,KRW,1330.0,6343417,7294930,4769,5485,4,10.1%,No,27.1,2.0,March 30 2023,59.0,LinkedIn,60.0,Yes,4.0
EMP0956,Wong Chan,Female,12/10/1984,American,Asia Pacific,Japan,Tokyo,it,Engineering Manager,G5,Onsite,18/03/2020,,Active,Full Time,Yes,,,JPY,149.0,974660,"$1,120,859",6541,7523,4,12.0,no,17.0,9.0,18/05/2024,38.0,Internal Transfer,60.0,No,4.0
EMP0957,Haruto Suzuki,Not Declared,December 24 1990,Taiwanese,Asia Pacific,Japan,Tokyo,Marketing,Marketing Manager,G5,Onsite,01/08/2020,-,Resigned,Full-time,Yes,Voluntary,Better Opportunity,JPY,149.0,966505,1111481,6487,7460,4/5,5.2,No,12.4,0.0,03/07/2023,59.0,Recruitment Agency,53.0,Yes,5.0
EMP0958,Chan Lim,Female,1999-10-28,Australian,Asia Pacific,Japan,Tokyo,Sales,Account Executive,G2,Onsite,August 23 2023,,Active,Full-time,Yes,,,JPY,149.0,479094,550958,3215,3698,3,1.6,Yes,30.6,11.0,August 31 2022,81.0,Referral,83.0,Yes,1.0
EMP0959,Ji Tran,Male,January 17 1970,Indian,Asia Pacific,Japan,Tokyo,I.T.,Tech Lead,G4,Hybrid,2020-05-30,,Active,Full-time,Yes,,,JPY,149.0,889145,1022517,5967,6863,4,13.9,N,38.8,4.0,2022-10-13,63.0,Job Board,53.0,Yes,1.0
EMP0960,Jose Ong,Female,1979-11-10,British,Asia Pacific,Japan,Tokyo,Sales,Sales Manager,G4,Hybrid,2020-04-28,,Active,Full-time,N,,,JPY,149.0,936043,"1,076,449",6282,7224,4/5,1.1,No,35.8,10.0,February 19 2023,16.0,Internal Transfer,63.0,Yes,4.0
EMP0961,Suresh Smith,Male,August 31 1996,Hong Konger,Asia Pacific,Japan,Tokyo,legal,Legal Counsel,G3,Onsite,06/05/2021,,Active,Full-time,Yes,,,JPY,149.0,642714,739121,4314,4961,3,1.0,Yes,50.0,9.0,March 25 2023,12.0,Job Board,54.0,Yes,4.0
EMP0962,Priya Yamamoto,Male,July 21 1984,Thai,Asia Pacific,Japan,Tokyo,I.T.,Tech Lead,G4,Hybrid,March 08 2019,05/02/2022,Resigned,CTR,Yes,Voluntary,Further Studies,JPY,149.0,841285,"967,478",5646,6493,3,11.0,No,32.1,2.0,April 11 2023,49.0,LinkedIn,72.0,Yes,2.0
EMP0963,Haruto Tanaka,Male,May 16 1982,American,Asia Pacific,Japan,Tokyo,it,Senior Software Engineer,G3,Hybrid,2020-06-04,,Active,Full-time,Yes,,,JPY,149.0,718538,826319,4822,5546,4,8.2,Yes,50.0,4.0,07/06/2023,92.0,Job Board,26.0,No,5.0
EMP0964,Tan Smith,Female,April 23 1974,Australian,Asia Pacific,Japan,Tokyo,IT,Tech Lead,G4,Remote,14/02/2020,,Active,full time,yes,,,JPY,149.0,926564,1065549,6219,7151,3,8.4,Yes,60.3,12.0,December 07 2023,60.0,Agency,16.0,Yes,4.0
EMP0965,Ong Pham,Female,October 23 1988,Thai,Asia Pacific,Japan,Tokyo,Delivery,Senior Delivery Manager,G6,Onsite,November 19 2018,2021-05-28,Terminated,Expat,no,Involuntary,Redundancy,JPY,149.0,1097215,"$1,261,797",7364,8468,5,6.1%,NO,50.1,7.0,23/09/2023,38.0,Internal Transfer,54.0,Yes,4.0
EMP0966,Nguyen Lin,Male,15/06/1979,Hong Konger,Asia Pacific,Japan,Tokyo,Marketing,Senior Marketing Specialist,G4,Remote,2019-10-15,December 31 2024,Terminated,Full-time,Yes,Involuntary,Redundancy,JPY,149.0,828316,"$952,563",5559,6393,3,13.5,No,,3.0,,56.0,LinkedIn,87.0,Yes,4.0
EMP0967,dewi kim,Female,November 14 1971,Vietnamese,Asia Pacific,Japan,Tokyo,Sls,Sales Manager,G4,Onsite,2019-02-06,,Active,Full-time,Yes,,,JPY,149.0,858484,987257,5762,6626,3,2.8%,NO,38.3,7.0,2022-11-19,67.0,Agency,74.0,Yes,4.0
EMP0968,Li Chan,MALE,October 24 1982,American,Asia Pacific,Japan,Tokyo,I.T.,Senior Software Engineer,G3,Onsite,September 18 2022,,Active,Full-time,Yes,,,JPY,149.0,713389,820397,4788,5506,2,14.8,No,48.7,8.0,17/01/2022,57.0,Agency,38.0,Yes,4.0
EMP0969,David Yang,Female,1976-12-09,Indian,Asia Pacific,Japan,Tokyo,Finance,Finance Assistant,G1,Onsite,29/07/2023,,Active,Intern,N,,,JPY,149.0,390597,449187,2621,3015,2/5,8.5,No,13.3,9.0,April 27 2022,50.0,Internal Transfer,63.0,Yes,4.0
EMP0970,dewi wu,Not Declared,September 29 1986,Korean,Asia Pacific,Japan,Tokyo,IT,Tech Lead,G4,Onsite,2019-10-03,,Active,Full-time,Yes,,,JPY,149.0,793395,912404,5325,6124,3/5,5.0%,No,61.4,3.0,2023-10-10,66.0,Internal Transfer,53.0,Yes,3.0
EMP0971,Koh Wong,M,2001-07-31,Filipino,Asia Pacific,Japan,Tokyo,HR,HR Executive,G2,Onsite,10/09/2024,31/12/2024,Terminated,Full-time,n,Involuntary,Redundancy,JPY,149.0,485672,558523,3260,3748,4,12.6,YES,42.8,7.0,March 12 2022,63.0,Referral,24.0,n,5.0
EMP0972,nattaporn williams,Male,2001-01-23,American,Asia Pacific,Japan,Tokyo,Finance,Finance Assistant,G1,Remote,January 01 2023,,Active,Intern,Yes,,,JPY,149.0,"$327,923",377111,2201,2531,3/5,2.0,Yes,14.1,8.0,2024-12-16,20.0,LinkedIn,46.0,YES,3.0
EMP0973,Wei Yamamoto,Male,28/11/1971,Singaporean,Asia Pacific,Japan,Tokyo,SALES,Sales Executive,G1,Onsite,2019-09-21,2022-02-12,Resigned,FT,Yes,Voluntary,Better Opportunity,JPY,149.0,369701,425156,2481,2853,5,2.6,No,33.6,4.0,,60.0,Job Board,25.0,Yes,4.0
EMP0974,ANANYA WIJAYA,Female,2001-11-10,Indian,Asia Pacific,Japan,Tokyo,IT,IT Support,G1,Hybrid,2022-01-19,,Active,Full-time,y,,,JPY,149.0,306127,352046,2055,2363,5,5.4%,Yes,59.4,6.0,2022-07-25,29.0,Referral,,Yes,5.0
EMP0975,Fang Brown,Male,February 20 1997,Australian,Asia Pacific,Japan,Tokyo,Marketing,Marketing Executive,G2,Onsite,24/04/2019,,Active,Contractor,Yes,,,JPY,149.0,471061,541720,3161,3636,4,7.3,YES,58.2,7.0,November 29 2024,32.0,LinkedIn,61.0,y,1.0
EMP0976,DAVID KUMAR,Female,1974-09-19,Hong Konger,Asia Pacific,Japan,Tokyo,Marketing,Marketing Specialist,G3,Hybrid,March 06 2017,,Active,Contractor,Yes,,,JPY,149.0,675464,776784,4533,5213,3,6.8,Yes,73.9,12.0,November 27 2022,45.0,Job Board,60.0,Yes,2.0
EMP0977,JESSICA LEE,Male,14/07/1981,British,Asia Pacific,Japan,Tokyo,Mktg,Senior Marketing Manager,G6,Remote,2017-07-20,,Active,full time,Yes,,,JPY,149.0,1111077,1277739,7457,8575,3,11.3,n,26.2,3.0,August 18 2024,20.0,INTERNAL,52.0,Yes,3.0
EMP0978,TAN ZHANG,Not Declared,February 11 1971,Hong Konger,Asia Pacific,Japan,Tokyo,Marketing,Marketing Manager,G5,Hybrid,2020-11-06,,Active,Full-time,N,,,JPY,149.0,1054082,"$1,212,194",7074,8136,3,2.3,NO,4.5,5.0,19/08/2022,54.0,Job Board,,y,3.0
EMP0979,THOMAS LIU,Not Declared,11/01/1982,Chinese,Asia Pacific,Japan,Tokyo,Finance,Senior Finance Analyst,G3,Hybrid,17/04/2019,May 03 2024,Resigned,Full-time,Yes,Voluntary,Health Reasons,JPY,149.0,"$747,355",859458,5016,5768,5,8.1%,No,39.7,1.0,,,Job Board,50.0,Yes,5.0
EMP0980,Arun Tanaka,Female,07/01/1991,American,Asia Pacific,Japan,Tokyo,HR,Senior HR Business Partner,G5,Onsite,May 05 2016,,Active,full time,Yes,,,JPY,149.0,1048554,"$1,205,837",7037,8093,4,1.6,Yes,55.4,3.0,October 23 2023,72.0,Referral,,Yes,5.0
EMP0981,JOSE NG,Female,December 08 1991,Malaysian,Asia Pacific,Japan,Tokyo,HR,HR Business Partner,G4,Remote,19/07/2019,,Active,Full-time,Yes,,,JPY,149.0,794321,913469,5331,6131,4,9.6,no,34.5,3.0,2022-05-14,62.0,LinkedIn,57.0,Yes,3.0
EMP0982,Michael Chan,Female,January 08 1981,Australian,Asia Pacific,Japan,Tokyo,Sales,Sales Manager,G4,Onsite,March 07 2021,,Active,Full-time,N,,,JPY,149.0,839298,"965,193",5633,6478,5,9.4%,Yes,17.7,7.0,2023-04-10,25.0,Job board,48.0,No,2.0
EMP0983,lee ong,Not Declared,1992-09-28,Vietnamese,Asia Pacific,Japan,Tokyo,IT,Tech Lead,G4,Onsite,2021-11-03,,Active,Full-time,Yes,,,JPY,149.0,901089,1036252,6048,6955,2/5,1.5,No,16.2,5.0,17/01/2023,88.0,job board,71.0,Yes,4.0
EMP0984,Budi Williams,m,1971-02-17,Vietnamese,Asia Pacific,Japan,Tokyo,Finance,Finance Analyst,G2,Remote,July 26 2021,,Active,FT,Yes,,,JPY,149.0,"454,147",522269,3048,3505,5,14.0,N,35.7,5.0,14/07/2024,91.0,Ref,27.0,Yes,3.0
EMP0985,Ong Nguyen,Non Binary,2000-09-03,Hong Konger,Asia Pacific,Japan,Tokyo,HR,HR Business Partner,G4,Hybrid,July 06 2021,,Active,Contractor,Yes,,,JPY,149.0,871582,"$1,002,319",5850,6727,3,1.0,Yes,56.6,1.0,July 25 2024,30.0,Job Board,25.0,Yes,2.0
EMP0986,Lee Zhang,FEMALE,1988-07-02,Thai,Asia Pacific,Japan,Tokyo,Marketing,Marketing Executive,G2,Hybrid,2023-07-26,,Active,Full-time,Yes,,,JPY,149.0,544924,626663,3657,4206,5,7.1,Yes,57.1,11.0,25/09/2024,83.0,Int Transfer,24.0,Yes,4.0
EMP0987,wei brown,Female,22/10/1993,Chinese,Asia Pacific,Japan,Tokyo,HR,HR Assistant,G1,Hybrid,December 27 2019,,Active,fulltime,Yes,,,JPY,149.0,295392,339701,1982,2280,4,3.7%,Yes,20.8,11.0,2023-11-05,92.0,Internal,22.0,Yes,5.0
EMP0988,KEVIN REYES,Male,1985-04-13,Filipino,Asia Pacific,Japan,Tokyo,Sales,Senior Sales Manager,G5,Hybrid,2015-08-01,,Active,Expatriate,Yes,,,JPY,149.0,1036986,1192534,6960,8004,2,8.6,Yes,6.8,2.0,July 22 2023,73.0,LinkedIn,86.0,No,
EMP0989,Siti Brown,Male,13/04/1990,Vietnamese,Asia Pacific,Japan,Tokyo,IT,IT Support,G1,Remote,2021-02-10,,Active,Intern,Yes,,,JPY,149.0,319437,367353,2144,2465,2,3.6,Yes,69.3,1.0,23/05/2024,42.0,Job Board,67.0,Yes,3.0
EMP0990,Amanda Wijaya,Not Declared,1982-05-29,Indonesian,Asia Pacific,Japan,Tokyo,MARKETING,Marketing Executive,G2,Onsite,October 02 2024,,Active,contract,Yes,,,JPY,149.0,455829,"$524,203",3059,3518,4,8.5%,y,61.7,7.0,18/03/2022,35.0,Agency,15.0,Yes,3.0
EMP0991,David Tanaka,m,October 13 1992,British,Asia Pacific,Japan,Tokyo,Delivery,Senior Delivery Manager,G6,Hybrid,2017-11-12,,Active,Full-time,Yes,,,JPY,149.0,"$1,169,364","$1,344,769",7848,9025,4,14.1%,Yes,32.5,6.0,04/09/2022,11.0,Job Board,28.0,yes,5.0
EMP0992,Siti Santos,Female,1986-05-15,Indonesian,Asia Pacific,Japan,Tokyo,IT,Software Engineer,G2,Hybrid,31/08/2020,31/12/2024,Terminated,Full-time,NO,Involuntary,Contract Ended,JPY,149.0,462782,532199,3106,3572,3,3.2,No,50.3,,2021-01-14,60.0,Job Board,67.0,Yes,5.0
EMP0993,Haruto Liu,female,July 21 1990,Indonesian,Asia Pacific,Japan,Tokyo,Sales,Sales Manager,G4,Hybrid,10/03/2017,,Active,Full-time,YES,,,JPY,149.0,"909,273",1045664,6103,7018,3,0.3,Yes,70.2,9.0,2022-11-19,83.0,Agency,90.0,No,3.0
EMP0994,Arun Koh,Not Declared,July 15 1972,British,Asia Pacific,Japan,Tokyo,Finance,Finance Analyst,G2,Remote,07/04/2022,,Terminated,Full-time,No,Involuntary,Performance,JPY,149.0,519873,"$597,854",3489,4012,3/5,6.6,Yes,,,,63.0,Internal Transfer,46.0,Yes,5.0
EMP0995,Suresh Wijaya,Male,October 09 1975,Korean,Asia Pacific,Japan,Tokyo,Finance,Finance Analyst,G2,Hybrid,March 31 2024,,Active,fulltime,Yes,,,JPY,149.0,"459,168",528043,3082,3544,4,8.7,Yes,14.0,10.0,September 19 2023,40.0,LinkedIn,83.0,Yes,3.0
EMP0996,Suresh Kumar,Female,March 31 1993,Filipino,Asia Pacific,Japan,Tokyo,Fin,Senior Finance Analyst,G3,Remote,01/05/2020,,Active,FT,Yes,,,JPY,149.0,650680,748282,4367,5022,1,10.9,Yes,50.4,11.0,2023-07-31,81.0,Agency,38.0,Yes,3.0
EMP0997,Haruto Kumar,Not Declared,21/07/1977,Chinese,Asia Pacific,Japan,Tokyo,HR,HR Executive,G2,Onsite,16/04/2020,,Active,Full-time,Yes,,,JPY,149.0,510630,587224,3427,3941,3,7.4,n,71.7,8.0,04/01/2024,13.0,REFERRAL,94.0,N,4.0
EMP0998,Ng Johnson,Not Declared,1988-06-11,Australian,Asia Pacific,Japan,Tokyo,IT,Engineering Manager,G5,Onsite,2019-05-26,,Active,Full-time,Yes,,,JPY,149.0,989752,1138215,6643,7639,5,2.1%,n,13.9,11.0,22/11/2024,48.0,linkedin,66.0,Yes,3.0
EMP0999,Lim Wong,Not Declared,1981-03-12,American,Asia Pacific,Japan,Tokyo,Legal,Legal Manager,G5,Onsite,07/04/2015,,Active,EXPAT,no,,,JPY,149.0,"1,078,068",1239778,7235,8321,3,12.9,Yes,26.0,6.0,28/03/2024,57.0,Internal Transfer,20.0,Yes,3.0
EMP1000,Ahmad Huang,Female,1990-02-22,British,Asia Pacific,Japan,Tokyo,Delivery,Senior Delivery Manager,G6,Remote,15/07/2017,,Active,Full Time,no,,,JPY,149.0,"$1,200,000",1380000,8054,9262,4,13.6,N,45.9,5.0,19/10/2023,50.0,Job Board,37.0,No,5.0
